[13:47:04][SYSTEM] Connected to http://127.0.0.1:8545 (chainId=31337)
[13:47:05][SYSTEM] Saved actors.json (5 entries)
[13:47:06][SYSTEM] Connected to http://127.0.0.1:8545 (chainId=31337)
[13:47:09][SYSTEM] Connected to http://127.0.0.1:8545 (chainId=31337)
[13:47:09][SYSTEM] Connected to http://127.0.0.1:8545 (chainId=31337)
[13:47:09][   BOT] MEV BOT ATTIVO su 0x70997970C51812dc3A010C7d01b50e0d17dc79C8 | attack-rate=1500bps (15%) | max_swap=100.0 USDC
[13:47:09][SYSTEM] Connected to http://127.0.0.1:8545 (chainId=31337)
[13:47:09][SYSTEM] Connected to http://127.0.0.1:8545 (chainId=31337)
[13:47:09][SYSTEM] Connected to http://127.0.0.1:8545 (chainId=31337)
[13:47:09][SYSTEM] Connected to http://127.0.0.1:8545 (chainId=31337)
[13:47:09][SYSTEM] Connected to http://127.0.0.1:8545 (chainId=31337)
[13:47:09][SYSTEM] Connected to http://127.0.0.1:8545 (chainId=31337)
[13:47:09][SYSTEM] Connected to http://127.0.0.1:8545 (chainId=31337)
[13:47:09][SYSTEM] Connected to http://127.0.0.1:8545 (chainId=31337)
[13:47:09][SYSTEM] Connected to http://127.0.0.1:8545 (chainId=31337)
[13:47:12][ATTACK] NAKED ATTACK | victim=0xa0Ee7A142d267C | swap=126.3900 USDC | loss_sandwich=4.7296 MEVI (3.84%)
[13:47:19][  SWAP] TRADER 0x23618e81E3f5cdF7f54C3d65f7FBc0aBf5B21E8f | 83.53 USDC | prot: NESSUNA | stima: 82.1575 MEVI | ricevuti: 70.2142 MEVI | ATTACCO: NO
[13:47:19][  SWAP] TRADER 0x14dC79964da2C08b23698B3D3cc7Ca32193d9955 | 110.76 USDC | prot: NESSUNA | stima: 108.3596 MEVI | ricevuti: 89.8767 MEVI | ATTACCO: NO
[13:47:19][  SWAP] TRADER 0xBcd4042DE499D14e55001CcbB24a551F3b954096 | 72.30 USDC | prot: NESSUNA | stima: 71.2694 MEVI | ricevuti: 65.2692 MEVI | ATTACCO: NO
[13:47:19][  SWAP] TRADER 0xa0Ee7A142d267C1f36714E4a8F75612F20a79720 | 126.39 USDC | prot: NESSUNA | stima: 123.2739 MEVI | ricevuti: 118.5443 MEVI | ATTACCO: SI | perdita: 4.7296 MEVI | rimborso: NON ASSICURATO
[13:47:19][  SWAP] TRADER 0x71bE63f3384f5fb98995898A86B02Fb2426c5788 | 113.25 USDC | prot: NESSUNA | stima: 110.7417 MEVI | ricevuti: 98.7317 MEVI | ATTACCO: NO
[13:47:20][  SWAP] TRADER 0x3C44CdDdB6a900fa2b585dd299e03d12FA4293BC | 64.11 USDC | prot: HIGH | premio: 0.1500 MEVI | stima: 63.2984 MEVI | ricevuti: 52.6237 MEVI | ATTACCO: NO
[13:47:20][  SWAP] TRADER 0x15d34AAf54267DB7D7c367839AAf71A00a2C6A65 | 51.86 USDC | prot: HIGH | premio: 0.1214 MEVI | stima: 51.3276 MEVI | ricevuti: 41.6874 MEVI | ATTACCO: NO
[13:47:20][  SWAP] TRADER 0x90F79bf6EB2c4f870365E785982E1f101E93b906 | 92.08 USDC | prot: HIGH | premio: 0.2155 MEVI | stima: 90.4149 MEVI | ricevuti: 72.1471 MEVI | ATTACCO: NO
[13:47:20][  SWAP] TRADER 0x9965507D1a55bcC2695C58ba16FB37d819B0A4dc | 121.39 USDC | prot: HIGH | premio: 0.2841 MEVI | stima: 118.5127 MEVI | ricevuti: 91.6214 MEVI | ATTACCO: NO
[13:47:20][  SWAP] TRADER 0x976EA74026E726554dB657fA54763abd0C3a0aa9 | 55.50 USDC | prot: HIGH | premio: 0.1299 MEVI | stima: 54.8907 MEVI | ricevuti: 40.6277 MEVI | ATTACCO: NO
[13:47:40][ATTACK] INSURED ATTACK | victim=0x15d34AAf54267D | swap=78.2000 USDC | loss_sandwich=2.9675 MEVI (3.85%)
[13:47:45][  SWAP] TRADER 0x14dC79964da2C08b23698B3D3cc7Ca32193d9955 | 104.65 USDC | prot: NESSUNA | stima: 74.5542 MEVI | ricevuti: 73.0541 MEVI | ATTACCO: NO
[13:47:45][  SWAP] TRADER 0x23618e81E3f5cdF7f54C3d65f7FBc0aBf5B21E8f | 60.51 USDC | prot: NESSUNA | stima: 43.4290 MEVI | ricevuti: 43.4290 MEVI | ATTACCO: NO
[13:47:45][  SWAP] TRADER 0xBcd4042DE499D14e55001CcbB24a551F3b954096 | 79.42 USDC | prot: NESSUNA | stima: 56.8199 MEVI | ricevuti: 53.7730 MEVI | ATTACCO: NO
[13:47:45][  SWAP] TRADER 0x71bE63f3384f5fb98995898A86B02Fb2426c5788 | 145.03 USDC | prot: NESSUNA | stima: 102.6282 MEVI | ricevuti: 94.6757 MEVI | ATTACCO: NO
[13:47:45][  SWAP] TRADER 0xa0Ee7A142d267C1f36714E4a8F75612F20a79720 | 135.51 USDC | prot: NESSUNA | stima: 96.0434 MEVI | ricevuti: 84.5815 MEVI | ATTACCO: NO
[13:47:48][  SWAP] TRADER 0x3C44CdDdB6a900fa2b585dd299e03d12FA4293BC | 59.73 USDC | prot: HIGH | premio: 0.2586 MEVI | stima: 42.8748 MEVI | ricevuti: 55.0547 MEVI | ATTACCO: NO
[13:47:49][  SWAP] TRADER 0x9965507D1a55bcC2695C58ba16FB37d819B0A4dc | 106.71 USDC | prot: HIGH | premio: 0.4619 MEVI | stima: 75.9956 MEVI | ricevuti: 99.1692 MEVI | ATTACCO: NO
[13:47:49][  SWAP] TRADER 0x976EA74026E726554dB657fA54763abd0C3a0aa9 | 85.62 USDC | prot: HIGH | premio: 0.3706 MEVI | stima: 61.1918 MEVI | ricevuti: 76.6961 MEVI | ATTACCO: NO
[13:47:49][  SWAP] TRADER 0x90F79bf6EB2c4f870365E785982E1f101E93b906 | 93.54 USDC | prot: HIGH | premio: 0.4049 MEVI | stima: 66.7634 MEVI | ricevuti: 81.0206 MEVI | ATTACCO: NO
[13:47:56][  SWAP] TRADER 0x15d34AAf54267DB7D7c367839AAf71A00a2C6A65 | 78.20 USDC | prot: HIGH | premio: 0.3385 MEVI | stima: 55.9585 MEVI | ricevuti: 74.0283 MEVI | ATTACCO: SI | perdita: 2.9675 MEVI | rimborso: 2.9775 MEVI
[13:48:03][ATTACK] NAKED ATTACK | victim=0x23618e81E3f5cd | swap=72.8600 USDC | loss_sandwich=2.1832 MEVI (3.57%)
[13:48:09][ATTACK] INSURED ATTACK | victim=0x9965507D1a55bc | swap=135.2000 USDC | loss_sandwich=4.5455 MEVI (5.08%)
[13:48:11][  SWAP] TRADER 0x14dC79964da2C08b23698B3D3cc7Ca32193d9955 | 146.91 USDC | prot: NESSUNA | stima: 121.7508 MEVI | ricevuti: 114.4337 MEVI | ATTACCO: NO
[13:48:11][  SWAP] TRADER 0x23618e81E3f5cdF7f54C3d65f7FBc0aBf5B21E8f | 72.86 USDC | prot: NESSUNA | stima: 61.1964 MEVI | ricevuti: 59.0132 MEVI | ATTACCO: SI | perdita: 2.1832 MEVI | rimborso: NON ASSICURATO
[13:48:11][  SWAP] TRADER 0xBcd4042DE499D14e55001CcbB24a551F3b954096 | 99.73 USDC | prot: NESSUNA | stima: 83.3572 MEVI | ricevuti: 74.4020 MEVI | ATTACCO: NO
[13:48:11][  SWAP] TRADER 0xa0Ee7A142d267C1f36714E4a8F75612F20a79720 | 139.21 USDC | prot: NESSUNA | stima: 115.5292 MEVI | ricevuti: 99.7044 MEVI | ATTACCO: NO
[13:48:11][  SWAP] TRADER 0x71bE63f3384f5fb98995898A86B02Fb2426c5788 | 138.69 USDC | prot: NESSUNA | stima: 115.1085 MEVI | ricevuti: 94.8191 MEVI | ATTACCO: NO
[13:48:15][  SWAP] TRADER 0x3C44CdDdB6a900fa2b585dd299e03d12FA4293BC | 85.61 USDC | prot: HIGH | premio: 0.3706 MEVI | stima: 58.7038 MEVI | ricevuti: 58.7038 MEVI | ATTACCO: NO
[13:48:17][  SWAP] TRADER 0x976EA74026E726554dB657fA54763abd0C3a0aa9 | 52.01 USDC | prot: HIGH | premio: 0.2252 MEVI | stima: 35.8620 MEVI | ricevuti: 31.6980 MEVI | ATTACCO: NO
[13:48:17][  SWAP] TRADER 0x90F79bf6EB2c4f870365E785982E1f101E93b906 | 62.49 USDC | prot: HIGH | premio: 0.2705 MEVI | stima: 43.0137 MEVI | ricevuti: 40.4817 MEVI | ATTACCO: NO
[13:48:20][  SWAP] TRADER 0x15d34AAf54267DB7D7c367839AAf71A00a2C6A65 | 79.00 USDC | prot: HIGH | premio: 0.3327 MEVI | stima: 79.8168 MEVI | ricevuti: 79.8168 MEVI | ATTACCO: NO
[13:48:27][  SWAP] TRADER 0x9965507D1a55bcC2695C58ba16FB37d819B0A4dc | 135.20 USDC | prot: HIGH | premio: 0.5853 MEVI | stima: 91.9584 MEVI | ricevuti: 84.8696 MEVI | ATTACCO: SI | perdita: 4.5455 MEVI | rimborso: 4.5555 MEVI
[13:48:35][  SWAP] TRADER 0x14dC79964da2C08b23698B3D3cc7Ca32193d9955 | 103.17 USDC | prot: NESSUNA | stima: 100.5258 MEVI | ricevuti: 100.5258 MEVI | ATTACCO: NO
[13:48:35][  SWAP] TRADER 0xa0Ee7A142d267C1f36714E4a8F75612F20a79720 | 115.66 USDC | prot: NESSUNA | stima: 112.4213 MEVI | ricevuti: 107.9830 MEVI | ATTACCO: NO
[13:48:35][  SWAP] TRADER 0xBcd4042DE499D14e55001CcbB24a551F3b954096 | 61.04 USDC | prot: NESSUNA | stima: 59.9693 MEVI | ricevuti: 55.0862 MEVI | ATTACCO: NO
[13:48:35][  SWAP] TRADER 0x23618e81E3f5cdF7f54C3d65f7FBc0aBf5B21E8f | 89.66 USDC | prot: NESSUNA | stima: 87.5934 MEVI | ricevuti: 78.6497 MEVI | ATTACCO: NO
[13:48:35][  SWAP] TRADER 0x71bE63f3384f5fb98995898A86B02Fb2426c5788 | 142.05 USDC | prot: NESSUNA | stima: 137.3657 MEVI | ricevuti: 119.3809 MEVI | ATTACCO: NO
[13:48:44][  SWAP] TRADER 0x3C44CdDdB6a900fa2b585dd299e03d12FA4293BC | 80.49 USDC | prot: HIGH | premio: 0.3390 MEVI | stima: 64.9597 MEVI | ricevuti: 64.9597 MEVI | ATTACCO: NO
[13:48:45][  SWAP] TRADER 0x976EA74026E726554dB657fA54763abd0C3a0aa9 | 63.82 USDC | prot: HIGH | premio: 0.2688 MEVI | stima: 51.6598 MEVI | ricevuti: 50.1952 MEVI | ATTACCO: NO
[13:48:45][  SWAP] TRADER 0x90F79bf6EB2c4f870365E785982E1f101E93b906 | 60.90 USDC | prot: HIGH | premio: 0.2565 MEVI | stima: 49.3219 MEVI | ricevuti: 46.8562 MEVI | ATTACCO: NO
[13:48:48][  SWAP] TRADER 0x15d34AAf54267DB7D7c367839AAf71A00a2C6A65 | 76.19 USDC | prot: HIGH | premio: 0.3209 MEVI | stima: 61.5366 MEVI | ricevuti: 57.2363 MEVI | ATTACCO: NO
[13:48:53][ATTACK] NAKED ATTACK | victim=0x14dC79964da2C0 | swap=103.7300 USDC | loss_sandwich=6.0441 MEVI (6.30%)
[13:48:56][  SWAP] TRADER 0x9965507D1a55bcC2695C58ba16FB37d819B0A4dc | 145.71 USDC | prot: HIGH | premio: 0.6137 MEVI | stima: 141.5840 MEVI | ricevuti: 141.5840 MEVI | ATTACCO: NO
[13:49:00][  SWAP] TRADER 0xBcd4042DE499D14e55001CcbB24a551F3b954096 | 71.75 USDC | prot: NESSUNA | stima: 66.8125 MEVI | ricevuti: 64.3063 MEVI | ATTACCO: NO
[13:49:00][  SWAP] TRADER 0x14dC79964da2C08b23698B3D3cc7Ca32193d9955 | 103.73 USDC | prot: NESSUNA | stima: 96.0033 MEVI | ricevuti: 89.9592 MEVI | ATTACCO: SI | perdita: 6.0441 MEVI | rimborso: NON ASSICURATO
[13:49:00][  SWAP] TRADER 0x23618e81E3f5cdF7f54C3d65f7FBc0aBf5B21E8f | 50.78 USDC | prot: NESSUNA | stima: 47.4763 MEVI | ricevuti: 42.7951 MEVI | ATTACCO: NO
[13:49:02][  SWAP] TRADER 0xa0Ee7A142d267C1f36714E4a8F75612F20a79720 | 125.67 USDC | prot: NESSUNA | stima: 115.8249 MEVI | ricevuti: 106.6809 MEVI | ATTACCO: NO
[13:49:05][ATTACK] INSURED ATTACK | victim=0x3C44CdDdB6a900 | swap=97.9500 USDC | loss_sandwich=2.8062 MEVI (3.52%)
[13:49:07][  POOL] POOL UPDATE | mevi=50.4020 MEVI | eth=4.964000 ETH
[13:49:14][  SWAP] TRADER 0x90F79bf6EB2c4f870365E785982E1f101E93b906 | 99.47 USDC | prot: HIGH | premio: 0.4655 MEVI | stima: 81.0386 MEVI | ricevuti: 78.3159 MEVI | ATTACCO: NO
[13:49:14][  SWAP] TRADER 0x976EA74026E726554dB657fA54763abd0C3a0aa9 | 72.24 USDC | prot: HIGH | premio: 0.3381 MEVI | stima: 59.1423 MEVI | ricevuti: 55.1805 MEVI | ATTACCO: NO
[13:49:15][  SWAP] TRADER 0x15d34AAf54267DB7D7c367839AAf71A00a2C6A65 | 88.20 USDC | prot: HIGH | premio: 0.4128 MEVI | stima: 72.0021 MEVI | ricevuti: 65.5224 MEVI | ATTACCO: NO
[13:49:15][  SWAP] TRADER 0x71bE63f3384f5fb98995898A86B02Fb2426c5788 | 104.17 USDC | prot: NESSUNA | stima: 77.1754 MEVI | ricevuti: 74.8840 MEVI | ATTACCO: NO
[13:49:23][  SWAP] TRADER 0x3C44CdDdB6a900fa2b585dd299e03d12FA4293BC | 97.95 USDC | prot: HIGH | premio: 0.4584 MEVI | stima: 79.8219 MEVI | ricevuti: 77.0157 MEVI | ATTACCO: SI | perdita: 2.8062 MEVI | rimborso: 2.8162 MEVI
[13:49:26][  SWAP] TRADER 0xBcd4042DE499D14e55001CcbB24a551F3b954096 | 86.55 USDC | prot: NESSUNA | stima: 85.0773 MEVI | ricevuti: 85.0773 MEVI | ATTACCO: NO
[13:49:26][  SWAP] TRADER 0x23618e81E3f5cdF7f54C3d65f7FBc0aBf5B21E8f | 84.27 USDC | prot: NESSUNA | stima: 82.8733 MEVI | ricevuti: 80.0996 MEVI | ATTACCO: NO
[13:49:26][  SWAP] TRADER 0x9965507D1a55bcC2695C58ba16FB37d819B0A4dc | 108.26 USDC | prot: HIGH | premio: 0.5827 MEVI | stima: 105.9656 MEVI | ricevuti: 99.1495 MEVI | ATTACCO: NO
[13:49:27][  SWAP] TRADER 0xa0Ee7A142d267C1f36714E4a8F75612F20a79720 | 141.11 USDC | prot: NESSUNA | stima: 137.2369 MEVI | ricevuti: 123.2892 MEVI | ATTACCO: NO
[13:49:27][  SWAP] TRADER 0x14dC79964da2C08b23698B3D3cc7Ca32193d9955 | 117.66 USDC | prot: NESSUNA | stima: 114.9549 MEVI | ricevuti: 97.9971 MEVI | ATTACCO: NO
[13:49:41][  SWAP] TRADER 0x71bE63f3384f5fb98995898A86B02Fb2426c5788 | 128.18 USDC | prot: NESSUNA | stima: 102.1269 MEVI | ricevuti: 102.1269 MEVI | ATTACCO: NO
[13:49:43][  SWAP] TRADER 0x976EA74026E726554dB657fA54763abd0C3a0aa9 | 58.51 USDC | prot: HIGH | premio: 0.3149 MEVI | stima: 47.1980 MEVI | ricevuti: 45.0973 MEVI | ATTACCO: NO
[13:49:43][  SWAP] TRADER 0x90F79bf6EB2c4f870365E785982E1f101E93b906 | 64.49 USDC | prot: HIGH | premio: 0.3471 MEVI | stima: 51.9663 MEVI | ricevuti: 48.6504 MEVI | ATTACCO: NO
[13:49:44][  SWAP] TRADER 0x15d34AAf54267DB7D7c367839AAf71A00a2C6A65 | 63.13 USDC | prot: HIGH | premio: 0.3398 MEVI | stima: 50.8828 MEVI | ricevuti: 46.5858 MEVI | ATTACCO: NO
[13:49:44][ATTACK] NAKED ATTACK | victim=0xBcd4042DE499D1 | swap=77.8700 USDC | loss_sandwich=2.9552 MEVI (3.85%)
[13:49:47][ATTACK] INSURED ATTACK | victim=0x9965507D1a55bc | swap=148.5400 USDC | loss_sandwich=4.3125 MEVI (3.53%)
[13:49:52][  SWAP] TRADER 0xBcd4042DE499D14e55001CcbB24a551F3b954096 | 77.87 USDC | prot: NESSUNA | stima: 76.6759 MEVI | ricevuti: 73.7206 MEVI | ATTACCO: SI | perdita: 2.9552 MEVI | rimborso: NON ASSICURATO
[13:49:52][  SWAP] TRADER 0x3C44CdDdB6a900fa2b585dd299e03d12FA4293BC | 61.50 USDC | prot: HIGH | premio: 0.3310 MEVI | stima: 44.4265 MEVI | ricevuti: 56.6741 MEVI | ATTACCO: NO
[13:49:52][  SWAP] TRADER 0x23618e81E3f5cdF7f54C3d65f7FBc0aBf5B21E8f | 53.57 USDC | prot: NESSUNA | stima: 53.0021 MEVI | ricevuti: 48.2932 MEVI | ATTACCO: NO
[13:49:53][  SWAP] TRADER 0xa0Ee7A142d267C1f36714E4a8F75612F20a79720 | 122.40 USDC | prot: NESSUNA | stima: 119.4752 MEVI | ricevuti: 111.1386 MEVI | ATTACCO: NO
[13:49:53][  SWAP] TRADER 0x14dC79964da2C08b23698B3D3cc7Ca32193d9955 | 131.61 USDC | prot: NESSUNA | stima: 128.2346 MEVI | ricevuti: 113.9217 MEVI | ATTACCO: NO
[13:50:05][  SWAP] TRADER 0x9965507D1a55bcC2695C58ba16FB37d819B0A4dc | 148.54 USDC | prot: HIGH | premio: 0.7994 MEVI | stima: 144.2545 MEVI | ricevuti: 117.8189 MEVI | ATTACCO: SI | perdita: 4.3125 MEVI | rimborso: 4.3225 MEVI
[13:50:07][  SWAP] TRADER 0x71bE63f3384f5fb98995898A86B02Fb2426c5788 | 130.90 USDC | prot: NESSUNA | stima: 102.5271 MEVI | ricevuti: 102.5271 MEVI | ATTACCO: NO
[13:50:09][  SWAP] TRADER 0x90F79bf6EB2c4f870365E785982E1f101E93b906 | 61.87 USDC | prot: HIGH | premio: 0.3185 MEVI | stima: 49.0519 MEVI | ricevuti: 46.8426 MEVI | ATTACCO: NO
[13:50:09][  SWAP] TRADER 0x976EA74026E726554dB657fA54763abd0C3a0aa9 | 50.46 USDC | prot: HIGH | premio: 0.2598 MEVI | stima: 40.0868 MEVI | ricevuti: 37.4675 MEVI | ATTACCO: NO
[13:50:09][  SWAP] TRADER 0x15d34AAf54267DB7D7c367839AAf71A00a2C6A65 | 93.55 USDC | prot: HIGH | premio: 0.4816 MEVI | stima: 70.4416 MEVI | ricevuti: 67.7733 MEVI | ATTACCO: NO
[13:50:11][ATTACK] NAKED ATTACK | victim=0xa0Ee7A142d267C | swap=116.9800 USDC | loss_sandwich=2.4976 MEVI (3.19%)
[13:50:16][  SWAP] TRADER 0x23618e81E3f5cdF7f54C3d65f7FBc0aBf5B21E8f | 72.46 USDC | prot: NESSUNA | stima: 51.0405 MEVI | ricevuti: 51.0405 MEVI | ATTACCO: NO
[13:50:17][  SWAP] TRADER 0xBcd4042DE499D14e55001CcbB24a551F3b954096 | 62.23 USDC | prot: NESSUNA | stima: 43.9095 MEVI | ricevuti: 42.8596 MEVI | ATTACCO: NO
[13:50:18][  SWAP] TRADER 0x14dC79964da2C08b23698B3D3cc7Ca32193d9955 | 114.61 USDC | prot: NESSUNA | stima: 78.2584 MEVI | ricevuti: 71.5067 MEVI | ATTACCO: NO
[13:50:18][  SWAP] TRADER 0x3C44CdDdB6a900fa2b585dd299e03d12FA4293BC | 72.01 USDC | prot: HIGH | premio: 0.3707 MEVI | stima: 50.7274 MEVI | ricevuti: 43.6300 MEVI | ATTACCO: NO
[13:50:18][  SWAP] TRADER 0xa0Ee7A142d267C1f36714E4a8F75612F20a79720 | 116.98 USDC | prot: NESSUNA | stima: 79.8457 MEVI | ricevuti: 75.7311 MEVI | ATTACCO: SI | perdita: 2.4976 MEVI | rimborso: NON ASSICURATO
[13:50:32][  SWAP] TRADER 0x71bE63f3384f5fb98995898A86B02Fb2426c5788 | 104.42 USDC | prot: NESSUNA | stima: 102.2839 MEVI | ricevuti: 102.2839 MEVI | ATTACCO: NO
[13:50:34][  SWAP] TRADER 0x9965507D1a55bcC2695C58ba16FB37d819B0A4dc | 133.58 USDC | prot: HIGH | premio: 0.5939 MEVI | stima: 130.1041 MEVI | ricevuti: 124.9020 MEVI | ATTACCO: NO
[13:50:38][  SWAP] TRADER 0x976EA74026E726554dB657fA54763abd0C3a0aa9 | 54.50 USDC | prot: HIGH | premio: 0.2423 MEVI | stima: 53.9124 MEVI | ricevuti: 49.1485 MEVI | ATTACCO: NO
[13:50:38][  SWAP] TRADER 0x90F79bf6EB2c4f870365E785982E1f101E93b906 | 91.36 USDC | prot: HIGH | premio: 0.4062 MEVI | stima: 86.1190 MEVI | ricevuti: 80.1570 MEVI | ATTACCO: NO
[13:50:40][  SWAP] TRADER 0x15d34AAf54267DB7D7c367839AAf71A00a2C6A65 | 88.74 USDC | prot: HIGH | premio: 0.3945 MEVI | stima: 79.5120 MEVI | ricevuti: 75.2960 MEVI | ATTACCO: NO
[13:50:43][  SWAP] TRADER 0xa0Ee7A142d267C1f36714E4a8F75612F20a79720 | 112.19 USDC | prot: NESSUNA | stima: 91.7685 MEVI | ricevuti: 91.7685 MEVI | ATTACCO: NO
[13:50:43][  SWAP] TRADER 0xBcd4042DE499D14e55001CcbB24a551F3b954096 | 84.16 USDC | prot: NESSUNA | stima: 69.1879 MEVI | ricevuti: 66.4563 MEVI | ATTACCO: NO
[13:50:43][  SWAP] TRADER 0x23618e81E3f5cdF7f54C3d65f7FBc0aBf5B21E8f | 57.72 USDC | prot: NESSUNA | stima: 47.6785 MEVI | ricevuti: 44.4490 MEVI | ATTACCO: NO
[13:50:43][  SWAP] TRADER 0x14dC79964da2C08b23698B3D3cc7Ca32193d9955 | 138.12 USDC | prot: NESSUNA | stima: 112.4564 MEVI | ricevuti: 102.8116 MEVI | ATTACCO: NO
[13:50:47][  SWAP] TRADER 0x3C44CdDdB6a900fa2b585dd299e03d12FA4293BC | 66.09 USDC | prot: HIGH | premio: 0.2938 MEVI | stima: 54.5099 MEVI | ricevuti: 47.5012 MEVI | ATTACCO: NO
[13:50:55][ATTACK] INSURED ATTACK | victim=0x9965507D1a55bc | swap=126.7000 USDC | loss_sandwich=4.3909 MEVI (3.74%)
[13:50:58][  SWAP] TRADER 0x71bE63f3384f5fb98995898A86B02Fb2426c5788 | 132.32 USDC | prot: NESSUNA | stima: 128.9086 MEVI | ricevuti: 128.9086 MEVI | ATTACCO: NO
[13:51:01][ATTACK] NAKED ATTACK | victim=0x23618e81E3f5cd | swap=71.2600 USDC | loss_sandwich=3.6901 MEVI (6.16%)
[13:51:07][  SWAP] TRADER 0x976EA74026E726554dB657fA54763abd0C3a0aa9 | 67.93 USDC | prot: HIGH | premio: 0.3020 MEVI | stima: 63.6303 MEVI | ricevuti: 60.7080 MEVI | ATTACCO: NO
[13:51:07][  SWAP] TRADER 0x90F79bf6EB2c4f870365E785982E1f101E93b906 | 93.62 USDC | prot: HIGH | premio: 0.4162 MEVI | stima: 87.2631 MEVI | ricevuti: 81.1715 MEVI | ATTACCO: NO
[13:51:07][  POOL] POOL UPDATE | mevi=51.4004 MEVI | eth=4.928000 ETH
[13:51:08][  SWAP] TRADER 0x15d34AAf54267DB7D7c367839AAf71A00a2C6A65 | 76.03 USDC | prot: HIGH | premio: 0.3380 MEVI | stima: 67.8436 MEVI | ricevuti: 61.6048 MEVI | ATTACCO: NO
[13:51:08][  SWAP] TRADER 0xBcd4042DE499D14e55001CcbB24a551F3b954096 | 96.90 USDC | prot: NESSUNA | stima: 86.1293 MEVI | ricevuti: 71.0658 MEVI | ATTACCO: NO
[13:51:08][  SWAP] TRADER 0xa0Ee7A142d267C1f36714E4a8F75612F20a79720 | 126.22 USDC | prot: NESSUNA | stima: 111.5791 MEVI | ricevuti: 96.2154 MEVI | ATTACCO: NO
[13:51:08][  SWAP] TRADER 0x23618e81E3f5cdF7f54C3d65f7FBc0aBf5B21E8f | 71.26 USDC | prot: NESSUNA | stima: 63.6442 MEVI | ricevuti: 56.2383 MEVI | ATTACCO: SI | perdita: 3.6901 MEVI | rimborso: NON ASSICURATO
[13:51:08][  SWAP] TRADER 0x14dC79964da2C08b23698B3D3cc7Ca32193d9955 | 111.39 USDC | prot: NESSUNA | stima: 98.7414 MEVI | ricevuti: 78.8560 MEVI | ATTACCO: NO
[13:51:15][  SWAP] TRADER 0x3C44CdDdB6a900fa2b585dd299e03d12FA4293BC | 96.71 USDC | prot: HIGH | premio: 0.4413 MEVI | stima: 68.7589 MEVI | ricevuti: 68.7589 MEVI | ATTACCO: NO
[13:52:10][  SWAP] TRADER 0x9965507D1a55bcC2695C58ba16FB37d819B0A4dc | 126.70 USDC | prot: HIGH | premio: 0.5633 MEVI | stima: 123.5688 MEVI | ricevuti: 112.9632 MEVI | ATTACCO: SI | perdita: 4.3909 MEVI | rimborso: 4.4009 MEVI
[13:52:10][ATTACK] INSURED ATTACK | victim=0x15d34AAf54267D | swap=66.8900 USDC | loss_sandwich=4.6231 MEVI (8.50%)
[13:52:15][  SWAP] TRADER 0xBcd4042DE499D14e55001CcbB24a551F3b954096 | 67.62 USDC | prot: NESSUNA | stima: 46.7697 MEVI | ricevuti: 56.3239 MEVI | ATTACCO: NO
[13:52:15][  SWAP] TRADER 0x23618e81E3f5cdF7f54C3d65f7FBc0aBf5B21E8f | 62.92 USDC | prot: NESSUNA | stima: 43.5528 MEVI | ricevuti: 62.1381 MEVI | ATTACCO: NO
[13:52:15][  SWAP] TRADER 0xa0Ee7A142d267C1f36714E4a8F75612F20a79720 | 123.26 USDC | prot: NESSUNA | stima: 84.4760 MEVI | ricevuti: 117.3582 MEVI | ATTACCO: NO
[13:52:15][  SWAP] TRADER 0x14dC79964da2C08b23698B3D3cc7Ca32193d9955 | 146.41 USDC | prot: NESSUNA | stima: 99.9626 MEVI | ricevuti: 132.3503 MEVI | ATTACCO: NO
[13:52:16][  SWAP] TRADER 0x71bE63f3384f5fb98995898A86B02Fb2426c5788 | 112.20 USDC | prot: NESSUNA | stima: 77.0357 MEVI | ricevuti: 96.6081 MEVI | ATTACCO: NO
[13:52:18][  SWAP] TRADER 0x90F79bf6EB2c4f870365E785982E1f101E93b906 | 55.21 USDC | prot: HIGH | premio: 0.2648 MEVI | stima: 38.2648 MEVI | ricevuti: 41.9407 MEVI | ATTACCO: NO
[13:52:18][  SWAP] TRADER 0x3C44CdDdB6a900fa2b585dd299e03d12FA4293BC | 96.74 USDC | prot: HIGH | premio: 0.4641 MEVI | stima: 66.5900 MEVI | ricevuti: 75.4788 MEVI | ATTACCO: NO
[13:52:28][  SWAP] TRADER 0x15d34AAf54267DB7D7c367839AAf71A00a2C6A65 | 66.89 USDC | prot: HIGH | premio: 0.3209 MEVI | stima: 46.2704 MEVI | ricevuti: 49.7495 MEVI | ATTACCO: SI | perdita: 4.6231 MEVI | rimborso: 4.6331 MEVI
[13:52:32][  SWAP] TRADER 0x976EA74026E726554dB657fA54763abd0C3a0aa9 | 60.91 USDC | prot: HIGH | premio: 0.3136 MEVI | stima: 45.9798 MEVI | ricevuti: 45.9798 MEVI | ATTACCO: NO
[13:52:34][ATTACK] NAKED ATTACK | victim=0xa0Ee7A142d267C | swap=110.0000 USDC | loss_sandwich=6.9288 MEVI (8.96%)
[13:52:35][  SWAP] TRADER 0x9965507D1a55bcC2695C58ba16FB37d819B0A4dc | 121.79 USDC | prot: HIGH | premio: 0.6270 MEVI | stima: 89.0934 MEVI | ricevuti: 89.0934 MEVI | ATTACCO: NO
[13:52:41][  SWAP] TRADER 0x71bE63f3384f5fb98995898A86B02Fb2426c5788 | 100.76 USDC | prot: NESSUNA | stima: 70.9789 MEVI | ricevuti: 62.3997 MEVI | ATTACCO: NO
[13:52:41][  SWAP] TRADER 0xBcd4042DE499D14e55001CcbB24a551F3b954096 | 95.99 USDC | prot: NESSUNA | stima: 67.6725 MEVI | ricevuti: 57.6464 MEVI | ATTACCO: NO
[13:52:41][  SWAP] TRADER 0x23618e81E3f5cdF7f54C3d65f7FBc0aBf5B21E8f | 58.09 USDC | prot: NESSUNA | stima: 41.2133 MEVI | ricevuti: 39.8591 MEVI | ATTACCO: NO
[13:52:41][  SWAP] TRADER 0x14dC79964da2C08b23698B3D3cc7Ca32193d9955 | 128.24 USDC | prot: NESSUNA | stima: 89.9254 MEVI | ricevuti: 85.3460 MEVI | ATTACCO: NO
[13:52:41][  SWAP] TRADER 0xa0Ee7A142d267C1f36714E4a8F75612F20a79720 | 110.00 USDC | prot: NESSUNA | stima: 77.3689 MEVI | ricevuti: 70.4401 MEVI | ATTACCO: SI | perdita: 6.9288 MEVI | rimborso: NON ASSICURATO
[13:52:43][  SWAP] TRADER 0x3C44CdDdB6a900fa2b585dd299e03d12FA4293BC | 73.06 USDC | prot: HIGH | premio: 0.3761 MEVI | stima: 51.7044 MEVI | ricevuti: 44.3030 MEVI | ATTACCO: NO
[13:52:44][  SWAP] TRADER 0x90F79bf6EB2c4f870365E785982E1f101E93b906 | 54.24 USDC | prot: HIGH | premio: 0.2792 MEVI | stima: 38.5067 MEVI | ricevuti: 32.2477 MEVI | ATTACCO: NO
[13:52:56][  SWAP] TRADER 0x15d34AAf54267DB7D7c367839AAf71A00a2C6A65 | 67.94 USDC | prot: HIGH | premio: 0.3657 MEVI | stima: 67.0292 MEVI | ricevuti: 67.0292 MEVI | ATTACCO: NO
[13:53:01][  SWAP] TRADER 0x976EA74026E726554dB657fA54763abd0C3a0aa9 | 99.40 USDC | prot: HIGH | premio: 0.5350 MEVI | stima: 97.4624 MEVI | ricevuti: 94.8916 MEVI | ATTACCO: NO
[13:53:04][  SWAP] TRADER 0x9965507D1a55bcC2695C58ba16FB37d819B0A4dc | 146.47 USDC | prot: HIGH | premio: 0.7883 MEVI | stima: 138.5645 MEVI | ricevuti: 133.3569 MEVI | ATTACCO: NO
[13:53:05][ATTACK] INSURED ATTACK | victim=0x90F79bf6EB2c4f | swap=69.4600 USDC | loss_sandwich=1.6458 MEVI (3.30%)
[13:53:07][  SWAP] TRADER 0x71bE63f3384f5fb98995898A86B02Fb2426c5788 | 122.20 USDC | prot: NESSUNA | stima: 105.7609 MEVI | ricevuti: 95.1907 MEVI | ATTACCO: NO
[13:53:07][  SWAP] TRADER 0xBcd4042DE499D14e55001CcbB24a551F3b954096 | 67.12 USDC | prot: NESSUNA | stima: 58.6852 MEVI | ricevuti: 50.5763 MEVI | ATTACCO: NO
[13:53:07][  SWAP] TRADER 0x23618e81E3f5cdF7f54C3d65f7FBc0aBf5B21E8f | 53.71 USDC | prot: NESSUNA | stima: 47.0777 MEVI | ricevuti: 47.0777 MEVI | ATTACCO: NO
[13:53:07][  SWAP] TRADER 0x14dC79964da2C08b23698B3D3cc7Ca32193d9955 | 121.63 USDC | prot: NESSUNA | stima: 105.2786 MEVI | ricevuti: 98.9603 MEVI | ATTACCO: NO
[13:53:07][  SWAP] TRADER 0xa0Ee7A142d267C1f36714E4a8F75612F20a79720 | 115.19 USDC | prot: NESSUNA | stima: 99.8226 MEVI | ricevuti: 97.8556 MEVI | ATTACCO: NO
[13:53:07][  POOL] POOL UPDATE | mevi=47.4815 MEVI | eth=4.892000 ETH
[13:53:11][  SWAP] TRADER 0x3C44CdDdB6a900fa2b585dd299e03d12FA4293BC | 75.55 USDC | prot: HIGH | premio: 0.4066 MEVI | stima: 65.9525 MEVI | ricevuti: 55.5446 MEVI | ATTACCO: NO
[13:53:23][  SWAP] TRADER 0x90F79bf6EB2c4f870365E785982E1f101E93b906 | 69.46 USDC | prot: HIGH | premio: 0.3738 MEVI | stima: 51.1203 MEVI | ricevuti: 48.1744 MEVI | ATTACCO: SI | perdita: 1.6458 MEVI | rimborso: 1.6558 MEVI
[13:53:23][  SWAP] TRADER 0x15d34AAf54267DB7D7c367839AAf71A00a2C6A65 | 70.54 USDC | prot: HIGH | premio: 0.3714 MEVI | stima: 69.5587 MEVI | ricevuti: 69.5587 MEVI | ATTACCO: NO
[13:53:24][ATTACK] NAKED ATTACK | victim=0x23618e81E3f5cd | swap=89.8700 USDC | loss_sandwich=2.6635 MEVI (3.55%)
[13:53:27][  SWAP] TRADER 0x976EA74026E726554dB657fA54763abd0C3a0aa9 | 58.78 USDC | prot: HIGH | premio: 0.3095 MEVI | stima: 56.5009 MEVI | ricevuti: 56.5009 MEVI | ATTACCO: NO
[13:53:27][  SWAP] TRADER 0x9965507D1a55bcC2695C58ba16FB37d819B0A4dc | 109.97 USDC | prot: HIGH | premio: 0.5790 MEVI | stima: 102.3015 MEVI | ricevuti: 102.3015 MEVI | ATTACCO: NO
[13:53:30][  SWAP] TRADER 0x71bE63f3384f5fb98995898A86B02Fb2426c5788 | 117.97 USDC | prot: NESSUNA | stima: 105.0743 MEVI | ricevuti: 102.2030 MEVI | ATTACCO: NO
[13:53:32][  SWAP] TRADER 0x23618e81E3f5cdF7f54C3d65f7FBc0aBf5B21E8f | 89.87 USDC | prot: NESSUNA | stima: 80.4681 MEVI | ricevuti: 72.2641 MEVI | ATTACCO: SI | perdita: 2.6635 MEVI | rimborso: NON ASSICURATO
[13:53:33][  SWAP] TRADER 0xa0Ee7A142d267C1f36714E4a8F75612F20a79720 | 137.48 USDC | prot: NESSUNA | stima: 113.6417 MEVI | ricevuti: 110.1043 MEVI | ATTACCO: NO
[13:53:39][  SWAP] TRADER 0x3C44CdDdB6a900fa2b585dd299e03d12FA4293BC | 51.00 USDC | prot: HIGH | premio: 0.2625 MEVI | stima: 39.4958 MEVI | ricevuti: 39.4958 MEVI | ATTACCO: NO
[13:53:48][  SWAP] TRADER 0x14dC79964da2C08b23698B3D3cc7Ca32193d9955 | 130.19 USDC | prot: NESSUNA | stima: 97.6931 MEVI | ricevuti: 97.6931 MEVI | ATTACCO: NO
[13:53:48][ATTACK] INSURED ATTACK | victim=0x9965507D1a55bc | swap=134.4600 USDC | loss_sandwich=9.9061 MEVI (8.00%)
[13:53:51][  SWAP] TRADER 0x90F79bf6EB2c4f870365E785982E1f101E93b906 | 85.24 USDC | prot: HIGH | premio: 0.4388 MEVI | stima: 64.4595 MEVI | ricevuti: 83.8112 MEVI | ATTACCO: NO
[13:53:51][  SWAP] TRADER 0x15d34AAf54267DB7D7c367839AAf71A00a2C6A65 | 59.02 USDC | prot: HIGH | premio: 0.3038 MEVI | stima: 44.8346 MEVI | ricevuti: 56.4033 MEVI | ATTACCO: NO
[13:53:56][  SWAP] TRADER 0xBcd4042DE499D14e55001CcbB24a551F3b954096 | 63.99 USDC | prot: NESSUNA | stima: 59.7087 MEVI | ricevuti: 57.4667 MEVI | ATTACCO: NO
[13:53:56][  SWAP] TRADER 0x976EA74026E726554dB657fA54763abd0C3a0aa9 | 57.91 USDC | prot: HIGH | premio: 0.2981 MEVI | stima: 57.2470 MEVI | ricevuti: 50.8251 MEVI | ATTACCO: NO
[13:53:57][  SWAP] TRADER 0x71bE63f3384f5fb98995898A86B02Fb2426c5788 | 149.07 USDC | prot: NESSUNA | stima: 136.8606 MEVI | ricevuti: 117.9101 MEVI | ATTACCO: NO
[13:53:57][  SWAP] TRADER 0x23618e81E3f5cdF7f54C3d65f7FBc0aBf5B21E8f | 52.13 USDC | prot: NESSUNA | stima: 48.7532 MEVI | ricevuti: 44.4001 MEVI | ATTACCO: NO
[13:53:57][  SWAP] TRADER 0xa0Ee7A142d267C1f36714E4a8F75612F20a79720 | 104.03 USDC | prot: NESSUNA | stima: 96.3292 MEVI | ricevuti: 86.1103 MEVI | ATTACCO: NO
[13:54:06][  SWAP] TRADER 0x9965507D1a55bcC2695C58ba16FB37d819B0A4dc | 134.46 USDC | prot: HIGH | premio: 0.6922 MEVI | stima: 130.9388 MEVI | ricevuti: 113.8827 MEVI | ATTACCO: SI | perdita: 9.9061 MEVI | rimborso: 9.9161 MEVI
[13:54:08][  SWAP] TRADER 0x3C44CdDdB6a900fa2b585dd299e03d12FA4293BC | 97.51 USDC | prot: HIGH | premio: 0.5362 MEVI | stima: 73.8455 MEVI | ricevuti: 73.8455 MEVI | ATTACCO: NO
[13:54:11][  SWAP] TRADER 0x14dC79964da2C08b23698B3D3cc7Ca32193d9955 | 144.45 USDC | prot: NESSUNA | stima: 104.9369 MEVI | ricevuti: 104.9369 MEVI | ATTACCO: NO
[13:54:14][ATTACK] NAKED ATTACK | victim=0xBcd4042DE499D1 | swap=93.4800 USDC | loss_sandwich=3.5316 MEVI (3.85%)
[13:54:18][  SWAP] TRADER 0x15d34AAf54267DB7D7c367839AAf71A00a2C6A65 | 65.12 USDC | prot: HIGH | premio: 0.3581 MEVI | stima: 45.6557 MEVI | ricevuti: 45.6557 MEVI | ATTACCO: NO
[13:54:18][  SWAP] TRADER 0x90F79bf6EB2c4f870365E785982E1f101E93b906 | 88.31 USDC | prot: HIGH | premio: 0.4856 MEVI | stima: 61.6761 MEVI | ricevuti: 60.3551 MEVI | ATTACCO: NO
[13:54:21][  SWAP] TRADER 0xBcd4042DE499D14e55001CcbB24a551F3b954096 | 93.48 USDC | prot: NESSUNA | stima: 62.0109 MEVI | ricevuti: 88.2328 MEVI | ATTACCO: SI | perdita: 3.5316 MEVI | rimborso: NON ASSICURATO
[13:54:22][  SWAP] TRADER 0xa0Ee7A142d267C1f36714E4a8F75612F20a79720 | 146.02 USDC | prot: NESSUNA | stima: 141.8766 MEVI | ricevuti: 130.4224 MEVI | ATTACCO: NO
[13:54:22][  SWAP] TRADER 0x23618e81E3f5cdF7f54C3d65f7FBc0aBf5B21E8f | 74.56 USDC | prot: NESSUNA | stima: 73.4645 MEVI | ricevuti: 63.8947 MEVI | ATTACCO: NO
[13:54:22][  SWAP] TRADER 0x71bE63f3384f5fb98995898A86B02Fb2426c5788 | 127.20 USDC | prot: NESSUNA | stima: 124.0443 MEVI | ricevuti: 119.7102 MEVI | ATTACCO: NO
[13:54:22][  SWAP] TRADER 0x976EA74026E726554dB657fA54763abd0C3a0aa9 | 95.94 USDC | prot: HIGH | premio: 0.5276 MEVI | stima: 63.6175 MEVI | ricevuti: 79.6836 MEVI | ATTACCO: NO
[13:54:36][  SWAP] TRADER 0x3C44CdDdB6a900fa2b585dd299e03d12FA4293BC | 83.68 USDC | prot: HIGH | premio: 0.4699 MEVI | stima: 67.2790 MEVI | ricevuti: 67.2790 MEVI | ATTACCO: NO
[13:54:36][  SWAP] TRADER 0x14dC79964da2C08b23698B3D3cc7Ca32193d9955 | 128.95 USDC | prot: NESSUNA | stima: 102.8474 MEVI | ricevuti: 99.8404 MEVI | ATTACCO: NO
[13:54:36][  SWAP] TRADER 0x9965507D1a55bcC2695C58ba16FB37d819B0A4dc | 102.94 USDC | prot: HIGH | premio: 0.5781 MEVI | stima: 82.4813 MEVI | ricevuti: 76.5427 MEVI | ATTACCO: NO
[13:54:39][ATTACK] INSURED ATTACK | victim=0x90F79bf6EB2c4f | swap=95.1400 USDC | loss_sandwich=3.9409 MEVI (5.76%)
[13:54:47][  SWAP] TRADER 0xBcd4042DE499D14e55001CcbB24a551F3b954096 | 79.28 USDC | prot: NESSUNA | stima: 57.1383 MEVI | ricevuti: 49.2498 MEVI | ATTACCO: NO
[13:54:47][  SWAP] TRADER 0x71bE63f3384f5fb98995898A86B02Fb2426c5788 | 148.86 USDC | prot: NESSUNA | stima: 106.0414 MEVI | ricevuti: 89.2443 MEVI | ATTACCO: NO
[13:54:47][  SWAP] TRADER 0x15d34AAf54267DB7D7c367839AAf71A00a2C6A65 | 77.64 USDC | prot: HIGH | premio: 0.4360 MEVI | stima: 55.9718 MEVI | ricevuti: 54.1182 MEVI | ATTACCO: NO
[13:54:47][  SWAP] TRADER 0x23618e81E3f5cdF7f54C3d65f7FBc0aBf5B21E8f | 64.48 USDC | prot: NESSUNA | stima: 46.5880 MEVI | ricevuti: 42.5501 MEVI | ATTACCO: NO
[13:54:47][  SWAP] TRADER 0xa0Ee7A142d267C1f36714E4a8F75612F20a79720 | 116.90 USDC | prot: NESSUNA | stima: 83.7205 MEVI | ricevuti: 74.9224 MEVI | ATTACCO: NO
[13:54:50][  SWAP] TRADER 0x976EA74026E726554dB657fA54763abd0C3a0aa9 | 97.66 USDC | prot: HIGH | premio: 0.5485 MEVI | stima: 70.1676 MEVI | ricevuti: 58.4701 MEVI | ATTACCO: NO
[13:54:57][  SWAP] TRADER 0x90F79bf6EB2c4f870365E785982E1f101E93b906 | 95.14 USDC | prot: HIGH | premio: 0.5343 MEVI | stima: 68.3860 MEVI | ricevuti: 64.4450 MEVI | ATTACCO: SI | perdita: 3.9409 MEVI | rimborso: 3.9509 MEVI
[13:55:01][  SWAP] TRADER 0x14dC79964da2C08b23698B3D3cc7Ca32193d9955 | 100.41 USDC | prot: NESSUNA | stima: 98.4333 MEVI | ricevuti: 98.4333 MEVI | ATTACCO: NO
[13:55:01][  SWAP] TRADER 0x3C44CdDdB6a900fa2b585dd299e03d12FA4293BC | 55.90 USDC | prot: HIGH | premio: 0.3139 MEVI | stima: 55.2819 MEVI | ricevuti: 53.1383 MEVI | ATTACCO: NO
[13:55:01][  SWAP] TRADER 0x9965507D1a55bcC2695C58ba16FB37d819B0A4dc | 108.12 USDC | prot: HIGH | premio: 0.6072 MEVI | stima: 105.8315 MEVI | ricevuti: 99.5762 MEVI | ATTACCO: NO
[13:55:04][ATTACK] NAKED ATTACK | victim=0x23618e81E3f5cd | swap=70.7200 USDC | loss_sandwich=5.2175 MEVI (8.29%)
[13:55:07][  POOL] POOL UPDATE | mevi=41.3212 MEVI | eth=4.838000 ETH
[13:55:12][  SWAP] TRADER 0xBcd4042DE499D14e55001CcbB24a551F3b954096 | 83.22 USDC | prot: NESSUNA | stima: 73.9015 MEVI | ricevuti: 63.6066 MEVI | ATTACCO: NO
[13:55:12][  SWAP] TRADER 0x71bE63f3384f5fb98995898A86B02Fb2426c5788 | 108.26 USDC | prot: NESSUNA | stima: 95.6896 MEVI | ricevuti: 85.5899 MEVI | ATTACCO: NO
[13:55:12][  SWAP] TRADER 0x23618e81E3f5cdF7f54C3d65f7FBc0aBf5B21E8f | 70.72 USDC | prot: NESSUNA | stima: 62.9483 MEVI | ricevuti: 57.7308 MEVI | ATTACCO: SI | perdita: 5.2175 MEVI | rimborso: NON ASSICURATO
[13:55:12][  SWAP] TRADER 0xa0Ee7A142d267C1f36714E4a8F75612F20a79720 | 134.30 USDC | prot: NESSUNA | stima: 118.1335 MEVI | ricevuti: 113.8230 MEVI | ATTACCO: NO
[13:55:14][  SWAP] TRADER 0x15d34AAf54267DB7D7c367839AAf71A00a2C6A65 | 74.42 USDC | prot: HIGH | premio: 0.4179 MEVI | stima: 66.1958 MEVI | ricevuti: 57.5871 MEVI | ATTACCO: NO
[13:55:15][  SWAP] TRADER 0x976EA74026E726554dB657fA54763abd0C3a0aa9 | 52.31 USDC | prot: HIGH | premio: 0.2938 MEVI | stima: 40.6351 MEVI | ricevuti: 39.5896 MEVI | ATTACCO: NO
[13:55:24][  SWAP] TRADER 0x90F79bf6EB2c4f870365E785982E1f101E93b906 | 89.15 USDC | prot: HIGH | premio: 0.5215 MEVI | stima: 65.8431 MEVI | ricevuti: 87.5883 MEVI | ATTACCO: NO
[13:55:25][  SWAP] TRADER 0x14dC79964da2C08b23698B3D3cc7Ca32193d9955 | 118.24 USDC | prot: NESSUNA | stima: 115.5085 MEVI | ricevuti: 111.5422 MEVI | ATTACCO: NO
[13:55:30][  SWAP] TRADER 0x3C44CdDdB6a900fa2b585dd299e03d12FA4293BC | 90.87 USDC | prot: HIGH | premio: 0.5103 MEVI | stima: 89.2480 MEVI | ricevuti: 82.3393 MEVI | ATTACCO: NO
[13:55:30][  SWAP] TRADER 0x9965507D1a55bcC2695C58ba16FB37d819B0A4dc | 106.53 USDC | prot: HIGH | premio: 0.5983 MEVI | stima: 100.7220 MEVI | ricevuti: 93.0036 MEVI | ATTACCO: NO
[13:55:35][ATTACK] INSURED ATTACK | victim=0x15d34AAf54267D | swap=94.2000 USDC | loss_sandwich=2.2562 MEVI (3.32%)
[13:55:37][  SWAP] TRADER 0xBcd4042DE499D14e55001CcbB24a551F3b954096 | 99.01 USDC | prot: NESSUNA | stima: 83.2104 MEVI | ricevuti: 73.9406 MEVI | ATTACCO: NO
[13:55:37][  SWAP] TRADER 0x71bE63f3384f5fb98995898A86B02Fb2426c5788 | 106.17 USDC | prot: NESSUNA | stima: 89.1119 MEVI | ricevuti: 82.1770 MEVI | ATTACCO: NO
[13:55:37][  SWAP] TRADER 0x23618e81E3f5cdF7f54C3d65f7FBc0aBf5B21E8f | 84.43 USDC | prot: NESSUNA | stima: 71.1455 MEVI | ricevuti: 71.1455 MEVI | ATTACCO: NO
[13:55:38][  SWAP] TRADER 0xa0Ee7A142d267C1f36714E4a8F75612F20a79720 | 141.18 USDC | prot: NESSUNA | stima: 117.7489 MEVI | ricevuti: 114.1993 MEVI | ATTACCO: NO
[13:55:43][  SWAP] TRADER 0x976EA74026E726554dB657fA54763abd0C3a0aa9 | 99.33 USDC | prot: HIGH | premio: 0.5578 MEVI | stima: 71.7005 MEVI | ricevuti: 69.5092 MEVI | ATTACCO: NO
[13:55:44][ATTACK] NAKED ATTACK | victim=0x14dC79964da2C0 | swap=124.5500 USDC | loss_sandwich=2.6923 MEVI (3.21%)
[13:55:51][  SWAP] TRADER 0x14dC79964da2C08b23698B3D3cc7Ca32193d9955 | 124.55 USDC | prot: NESSUNA | stima: 83.9856 MEVI | ricevuti: 81.2933 MEVI | ATTACCO: SI | perdita: 2.6923 MEVI | rimborso: NON ASSICURATO
[13:55:52][  SWAP] TRADER 0x90F79bf6EB2c4f870365E785982E1f101E93b906 | 65.20 USDC | prot: HIGH | premio: 0.3585 MEVI | stima: 44.3935 MEVI | ricevuti: 64.3607 MEVI | ATTACCO: NO
[13:55:52][  SWAP] TRADER 0x15d34AAf54267DB7D7c367839AAf71A00a2C6A65 | 94.20 USDC | prot: HIGH | premio: 0.5290 MEVI | stima: 79.2372 MEVI | ricevuti: 65.8001 MEVI | ATTACCO: SI | perdita: 2.2562 MEVI | rimborso: 2.2662 MEVI
[13:55:57][  SWAP] TRADER 0x3C44CdDdB6a900fa2b585dd299e03d12FA4293BC | 75.76 USDC | prot: HIGH | premio: 0.3989 MEVI | stima: 72.7343 MEVI | ricevuti: 72.7343 MEVI | ATTACCO: NO
[13:55:57][  SWAP] TRADER 0x9965507D1a55bcC2695C58ba16FB37d819B0A4dc | 116.79 USDC | prot: HIGH | premio: 0.6149 MEVI | stima: 111.2378 MEVI | ricevuti: 108.0193 MEVI | ATTACCO: NO
[13:56:03][  SWAP] TRADER 0xa0Ee7A142d267C1f36714E4a8F75612F20a79720 | 124.10 USDC | prot: NESSUNA | stima: 109.6428 MEVI | ricevuti: 101.5627 MEVI | ATTACCO: NO
[13:56:03][  SWAP] TRADER 0x71bE63f3384f5fb98995898A86B02Fb2426c5788 | 124.52 USDC | prot: NESSUNA | stima: 110.0053 MEVI | ricevuti: 110.0053 MEVI | ATTACCO: NO
[13:56:03][  SWAP] TRADER 0x23618e81E3f5cdF7f54C3d65f7FBc0aBf5B21E8f | 83.02 USDC | prot: NESSUNA | stima: 73.9127 MEVI | ricevuti: 70.5576 MEVI | ATTACCO: NO
[13:56:05][  SWAP] TRADER 0xBcd4042DE499D14e55001CcbB24a551F3b954096 | 77.05 USDC | prot: NESSUNA | stima: 68.6744 MEVI | ricevuti: 60.8188 MEVI | ATTACCO: NO
[13:56:11][  SWAP] TRADER 0x976EA74026E726554dB657fA54763abd0C3a0aa9 | 75.79 USDC | prot: HIGH | premio: 0.3990 MEVI | stima: 58.2319 MEVI | ricevuti: 58.2319 MEVI | ATTACCO: NO
[13:56:16][  SWAP] TRADER 0x14dC79964da2C08b23698B3D3cc7Ca32193d9955 | 131.41 USDC | prot: NESSUNA | stima: 97.4048 MEVI | ricevuti: 97.4048 MEVI | ATTACCO: NO
[13:56:20][  SWAP] TRADER 0x90F79bf6EB2c4f870365E785982E1f101E93b906 | 82.78 USDC | prot: HIGH | premio: 0.4358 MEVI | stima: 61.8711 MEVI | ricevuti: 59.1525 MEVI | ATTACCO: NO
[13:56:21][  SWAP] TRADER 0x15d34AAf54267DB7D7c367839AAf71A00a2C6A65 | 51.95 USDC | prot: HIGH | premio: 0.2735 MEVI | stima: 38.1692 MEVI | ricevuti: 36.2897 MEVI | ATTACCO: NO
[13:56:21][ATTACK] NAKED ATTACK | victim=0x23618e81E3f5cd | swap=84.4700 USDC | loss_sandwich=5.7913 MEVI (7.51%)
[13:56:23][  SWAP] TRADER 0x3C44CdDdB6a900fa2b585dd299e03d12FA4293BC | 76.39 USDC | prot: HIGH | premio: 0.4022 MEVI | stima: 53.1461 MEVI | ricevuti: 75.2405 MEVI | ATTACCO: NO
[13:56:23][  SWAP] TRADER 0x9965507D1a55bcC2695C58ba16FB37d819B0A4dc | 114.70 USDC | prot: HIGH | premio: 0.6039 MEVI | stima: 79.2956 MEVI | ricevuti: 108.8153 MEVI | ATTACCO: NO
[13:56:29][  SWAP] TRADER 0x71bE63f3384f5fb98995898A86B02Fb2426c5788 | 108.32 USDC | prot: NESSUNA | stima: 98.4380 MEVI | ricevuti: 94.7888 MEVI | ATTACCO: NO
[13:56:29][  SWAP] TRADER 0x23618e81E3f5cdF7f54C3d65f7FBc0aBf5B21E8f | 84.47 USDC | prot: NESSUNA | stima: 77.1108 MEVI | ricevuti: 71.3195 MEVI | ATTACCO: SI | perdita: 5.7913 MEVI | rimborso: NON ASSICURATO
[13:56:30][  SWAP] TRADER 0xBcd4042DE499D14e55001CcbB24a551F3b954096 | 64.15 USDC | prot: NESSUNA | stima: 58.7876 MEVI | ricevuti: 52.1041 MEVI | ATTACCO: NO
[13:56:30][  SWAP] TRADER 0xa0Ee7A142d267C1f36714E4a8F75612F20a79720 | 138.38 USDC | prot: NESSUNA | stima: 125.0463 MEVI | ricevuti: 116.6284 MEVI | ATTACCO: NO
[13:56:32][ATTACK] INSURED ATTACK | victim=0x976EA74026E726 | swap=69.1900 USDC | loss_sandwich=1.9036 MEVI (3.47%)
[13:56:41][  SWAP] TRADER 0x14dC79964da2C08b23698B3D3cc7Ca32193d9955 | 111.15 USDC | prot: NESSUNA | stima: 87.4978 MEVI | ricevuti: 85.4307 MEVI | ATTACCO: NO
[13:56:48][  SWAP] TRADER 0x90F79bf6EB2c4f870365E785982E1f101E93b906 | 84.94 USDC | prot: HIGH | premio: 0.4472 MEVI | stima: 63.0949 MEVI | ricevuti: 63.0949 MEVI | ATTACCO: NO
[13:56:50][  SWAP] TRADER 0x976EA74026E726554dB657fA54763abd0C3a0aa9 | 69.19 USDC | prot: HIGH | premio: 0.3643 MEVI | stima: 54.8713 MEVI | ricevuti: 52.9676 MEVI | ATTACCO: SI | perdita: 1.9036 MEVI | rimborso: 1.9136 MEVI
[13:56:50][  SWAP] TRADER 0x15d34AAf54267DB7D7c367839AAf71A00a2C6A65 | 69.63 USDC | prot: HIGH | premio: 0.3666 MEVI | stima: 51.8582 MEVI | ricevuti: 50.3705 MEVI | ATTACCO: NO
[13:56:51][  SWAP] TRADER 0x9965507D1a55bcC2695C58ba16FB37d819B0A4dc | 148.32 USDC | prot: HIGH | premio: 0.7809 MEVI | stima: 108.9926 MEVI | ricevuti: 103.4373 MEVI | ATTACCO: NO
[13:56:51][  SWAP] TRADER 0x3C44CdDdB6a900fa2b585dd299e03d12FA4293BC | 86.09 USDC | prot: HIGH | premio: 0.4533 MEVI | stima: 63.9366 MEVI | ricevuti: 57.7494 MEVI | ATTACCO: NO
[13:56:54][  SWAP] TRADER 0xa0Ee7A142d267C1f36714E4a8F75612F20a79720 | 116.49 USDC | prot: NESSUNA | stima: 113.8378 MEVI | ricevuti: 104.1667 MEVI | ATTACCO: NO
[13:56:54][  SWAP] TRADER 0x71bE63f3384f5fb98995898A86B02Fb2426c5788 | 140.82 USDC | prot: NESSUNA | stima: 91.0541 MEVI | ricevuti: 136.9626 MEVI | ATTACCO: NO
[13:56:54][  SWAP] TRADER 0x23618e81E3f5cdF7f54C3d65f7FBc0aBf5B21E8f | 88.75 USDC | prot: NESSUNA | stima: 57.8648 MEVI | ricevuti: 82.5296 MEVI | ATTACCO: NO
[13:56:54][  SWAP] TRADER 0xBcd4042DE499D14e55001CcbB24a551F3b954096 | 55.63 USDC | prot: NESSUNA | stima: 55.0179 MEVI | ricevuti: 48.1599 MEVI | ATTACCO: NO
[13:57:07][  POOL] POOL UPDATE | mevi=46.8126 MEVI | eth=4.802000 ETH
[13:57:08][  SWAP] TRADER 0x14dC79964da2C08b23698B3D3cc7Ca32193d9955 | 132.94 USDC | prot: NESSUNA | stima: 111.1674 MEVI | ricevuti: 111.1674 MEVI | ATTACCO: NO
[13:57:09][ATTACK] INSURED ATTACK | victim=0x15d34AAf54267D | swap=56.4900 USDC | loss_sandwich=2.5506 MEVI (5.74%)
[13:57:11][ATTACK] NAKED ATTACK | victim=0xa0Ee7A142d267C | swap=131.3500 USDC | loss_sandwich=3.2862 MEVI (3.36%)
[13:57:16][  SWAP] TRADER 0x90F79bf6EB2c4f870365E785982E1f101E93b906 | 74.82 USDC | prot: HIGH | premio: 0.3939 MEVI | stima: 60.2489 MEVI | ricevuti: 60.2489 MEVI | ATTACCO: NO
[13:57:17][  SWAP] TRADER 0x976EA74026E726554dB657fA54763abd0C3a0aa9 | 69.12 USDC | prot: HIGH | premio: 0.3639 MEVI | stima: 55.7155 MEVI | ricevuti: 52.3756 MEVI | ATTACCO: NO
[13:57:18][  SWAP] TRADER 0xa0Ee7A142d267C1f36714E4a8F75612F20a79720 | 131.35 USDC | prot: NESSUNA | stima: 101.9712 MEVI | ricevuti: 94.4300 MEVI | ATTACCO: SI | perdita: 3.2862 MEVI | rimborso: NON ASSICURATO
[13:57:18][  SWAP] TRADER 0x9965507D1a55bcC2695C58ba16FB37d819B0A4dc | 141.44 USDC | prot: HIGH | premio: 0.7447 MEVI | stima: 112.5579 MEVI | ricevuti: 97.1399 MEVI | ATTACCO: NO
[13:57:19][  SWAP] TRADER 0x71bE63f3384f5fb98995898A86B02Fb2426c5788 | 146.61 USDC | prot: NESSUNA | stima: 108.7855 MEVI | ricevuti: 99.5133 MEVI | ATTACCO: NO
[13:57:19][  SWAP] TRADER 0x3C44CdDdB6a900fa2b585dd299e03d12FA4293BC | 61.93 USDC | prot: HIGH | premio: 0.3261 MEVI | stima: 49.9840 MEVI | ricevuti: 40.6229 MEVI | ATTACCO: NO
[13:57:19][  SWAP] TRADER 0xBcd4042DE499D14e55001CcbB24a551F3b954096 | 94.56 USDC | prot: NESSUNA | stima: 70.7909 MEVI | ricevuti: 60.4855 MEVI | ATTACCO: NO
[13:57:20][  SWAP] TRADER 0x23618e81E3f5cdF7f54C3d65f7FBc0aBf5B21E8f | 79.47 USDC | prot: NESSUNA | stima: 54.5373 MEVI | ricevuti: 49.4463 MEVI | ATTACCO: NO
[13:57:27][  SWAP] TRADER 0x15d34AAf54267DB7D7c367839AAf71A00a2C6A65 | 56.49 USDC | prot: HIGH | premio: 0.2974 MEVI | stima: 45.6377 MEVI | ricevuti: 41.8838 MEVI | ATTACCO: SI | perdita: 2.5506 MEVI | rimborso: 2.5606 MEVI
[13:57:31][  SWAP] TRADER 0x14dC79964da2C08b23698B3D3cc7Ca32193d9955 | 130.12 USDC | prot: NESSUNA | stima: 126.8196 MEVI | ricevuti: 126.8196 MEVI | ATTACCO: NO
[13:57:37][ATTACK] NAKED ATTACK | victim=0xBcd4042DE499D1 | swap=75.9800 USDC | loss_sandwich=9.3239 MEVI (13.11%)
[13:57:44][  SWAP] TRADER 0xBcd4042DE499D14e55001CcbB24a551F3b954096 | 75.98 USDC | prot: NESSUNA | stima: 71.1212 MEVI | ricevuti: 61.7973 MEVI | ATTACCO: SI | perdita: 9.3239 MEVI | rimborso: NON ASSICURATO
[13:57:44][  SWAP] TRADER 0xa0Ee7A142d267C1f36714E4a8F75612F20a79720 | 145.65 USDC | prot: NESSUNA | stima: 134.5356 MEVI | ricevuti: 129.5085 MEVI | ATTACCO: NO
[13:57:44][  SWAP] TRADER 0x71bE63f3384f5fb98995898A86B02Fb2426c5788 | 130.52 USDC | prot: NESSUNA | stima: 120.9069 MEVI | ricevuti: 110.2344 MEVI | ATTACCO: NO
[13:57:45][  SWAP] TRADER 0x23618e81E3f5cdF7f54C3d65f7FBc0aBf5B21E8f | 86.31 USDC | prot: NESSUNA | stima: 80.6307 MEVI | ricevuti: 67.9339 MEVI | ATTACCO: NO
[13:57:45][  SWAP] TRADER 0x90F79bf6EB2c4f870365E785982E1f101E93b906 | 58.91 USDC | prot: HIGH | premio: 0.3171 MEVI | stima: 55.3242 MEVI | ricevuti: 48.7039 MEVI | ATTACCO: NO
[13:57:46][  SWAP] TRADER 0x976EA74026E726554dB657fA54763abd0C3a0aa9 | 64.31 USDC | prot: HIGH | premio: 0.3461 MEVI | stima: 60.3327 MEVI | ricevuti: 51.9969 MEVI | ATTACCO: NO
[13:57:46][  SWAP] TRADER 0x3C44CdDdB6a900fa2b585dd299e03d12FA4293BC | 89.36 USDC | prot: HIGH | premio: 0.4809 MEVI | stima: 83.4312 MEVI | ricevuti: 68.1926 MEVI | ATTACCO: NO
[13:57:46][  SWAP] TRADER 0x9965507D1a55bcC2695C58ba16FB37d819B0A4dc | 105.94 USDC | prot: HIGH | premio: 0.5702 MEVI | stima: 98.5979 MEVI | ricevuti: 78.1574 MEVI | ATTACCO: NO
[13:57:56][  SWAP] TRADER 0x15d34AAf54267DB7D7c367839AAf71A00a2C6A65 | 81.32 USDC | prot: HIGH | premio: 0.4662 MEVI | stima: 58.1077 MEVI | ricevuti: 80.0186 MEVI | ATTACCO: NO
[13:57:57][  SWAP] TRADER 0x14dC79964da2C08b23698B3D3cc7Ca32193d9955 | 123.01 USDC | prot: NESSUNA | stima: 120.0564 MEVI | ricevuti: 116.2891 MEVI | ATTACCO: NO
[13:58:07][ATTACK] INSURED ATTACK | victim=0x3C44CdDdB6a900 | swap=77.1800 USDC | loss_sandwich=2.0930 MEVI (3.45%)
[13:58:10][  SWAP] TRADER 0xBcd4042DE499D14e55001CcbB24a551F3b954096 | 91.48 USDC | prot: NESSUNA | stima: 82.9791 MEVI | ricevuti: 75.9637 MEVI | ATTACCO: NO
[13:58:10][  SWAP] TRADER 0xa0Ee7A142d267C1f36714E4a8F75612F20a79720 | 106.92 USDC | prot: NESSUNA | stima: 96.7024 MEVI | ricevuti: 96.7024 MEVI | ATTACCO: NO
[13:58:10][  SWAP] TRADER 0x71bE63f3384f5fb98995898A86B02Fb2426c5788 | 130.14 USDC | prot: NESSUNA | stima: 117.1911 MEVI | ricevuti: 112.5756 MEVI | ATTACCO: NO
[13:58:11][  SWAP] TRADER 0x23618e81E3f5cdF7f54C3d65f7FBc0aBf5B21E8f | 70.66 USDC | prot: NESSUNA | stima: 64.3468 MEVI | ricevuti: 56.9772 MEVI | ATTACCO: NO
[13:58:14][  SWAP] TRADER 0x90F79bf6EB2c4f870365E785982E1f101E93b906 | 64.98 USDC | prot: HIGH | premio: 0.3725 MEVI | stima: 59.2381 MEVI | ricevuti: 45.0960 MEVI | ATTACCO: NO
[13:58:14][  SWAP] TRADER 0x976EA74026E726554dB657fA54763abd0C3a0aa9 | 77.24 USDC | prot: HIGH | premio: 0.4428 MEVI | stima: 70.2513 MEVI | ricevuti: 57.0237 MEVI | ATTACCO: NO
[13:58:14][  SWAP] TRADER 0x9965507D1a55bcC2695C58ba16FB37d819B0A4dc | 111.58 USDC | prot: HIGH | premio: 0.6397 MEVI | stima: 100.8286 MEVI | ricevuti: 79.7702 MEVI | ATTACCO: NO
[13:58:16][ATTACK] NAKED ATTACK | victim=0x14dC79964da2C0 | swap=117.1200 USDC | loss_sandwich=2.6686 MEVI (3.26%)
[13:58:23][  SWAP] TRADER 0x14dC79964da2C08b23698B3D3cc7Ca32193d9955 | 117.12 USDC | prot: NESSUNA | stima: 81.8221 MEVI | ricevuti: 79.1535 MEVI | ATTACCO: SI | perdita: 2.6686 MEVI | rimborso: NON ASSICURATO
[13:58:24][  SWAP] TRADER 0x3C44CdDdB6a900fa2b585dd299e03d12FA4293BC | 77.18 USDC | prot: HIGH | premio: 0.4425 MEVI | stima: 70.1975 MEVI | ricevuti: 58.5221 MEVI | ATTACCO: SI | perdita: 2.0930 MEVI | rimborso: 2.1030 MEVI
[13:58:24][  SWAP] TRADER 0x15d34AAf54267DB7D7c367839AAf71A00a2C6A65 | 76.21 USDC | prot: HIGH | premio: 0.4369 MEVI | stima: 53.6047 MEVI | ricevuti: 51.6077 MEVI | ATTACCO: NO
[13:58:35][  SWAP] TRADER 0xBcd4042DE499D14e55001CcbB24a551F3b954096 | 81.92 USDC | prot: NESSUNA | stima: 80.5995 MEVI | ricevuti: 80.5995 MEVI | ATTACCO: NO
[13:58:35][  SWAP] TRADER 0xa0Ee7A142d267C1f36714E4a8F75612F20a79720 | 110.02 USDC | prot: NESSUNA | stima: 107.6512 MEVI | ricevuti: 104.2447 MEVI | ATTACCO: NO
[13:58:35][  SWAP] TRADER 0x71bE63f3384f5fb98995898A86B02Fb2426c5788 | 109.51 USDC | prot: NESSUNA | stima: 107.1629 MEVI | ricevuti: 99.4648 MEVI | ATTACCO: NO
[13:58:36][  SWAP] TRADER 0x23618e81E3f5cdF7f54C3d65f7FBc0aBf5B21E8f | 76.88 USDC | prot: NESSUNA | stima: 75.7158 MEVI | ricevuti: 67.4080 MEVI | ATTACCO: NO
[13:58:42][  SWAP] TRADER 0x90F79bf6EB2c4f870365E785982E1f101E93b906 | 87.75 USDC | prot: HIGH | premio: 0.5031 MEVI | stima: 74.6215 MEVI | ricevuti: 74.6215 MEVI | ATTACCO: NO
[13:58:44][  SWAP] TRADER 0x976EA74026E726554dB657fA54763abd0C3a0aa9 | 90.76 USDC | prot: HIGH | premio: 0.5203 MEVI | stima: 77.1386 MEVI | ricevuti: 74.7017 MEVI | ATTACCO: NO
[13:58:48][  SWAP] TRADER 0x14dC79964da2C08b23698B3D3cc7Ca32193d9955 | 122.75 USDC | prot: NESSUNA | stima: 97.2337 MEVI | ricevuti: 97.2337 MEVI | ATTACCO: NO
[13:58:53][  SWAP] TRADER 0x3C44CdDdB6a900fa2b585dd299e03d12FA4293BC | 63.74 USDC | prot: HIGH | premio: 0.3654 MEVI | stima: 51.0203 MEVI | ricevuti: 47.7481 MEVI | ATTACCO: NO
[13:58:53][  SWAP] TRADER 0x15d34AAf54267DB7D7c367839AAf71A00a2C6A65 | 65.57 USDC | prot: HIGH | premio: 0.3759 MEVI | stima: 52.4680 MEVI | ricevuti: 50.2373 MEVI | ATTACCO: NO
[13:58:53][ATTACK] NAKED ATTACK | victim=0xa0Ee7A142d267C | swap=102.0800 USDC | loss_sandwich=6.8747 MEVI (7.20%)
[13:58:59][  SWAP] TRADER 0x9965507D1a55bcC2695C58ba16FB37d819B0A4dc | 117.98 USDC | prot: HIGH | premio: 0.6764 MEVI | stima: 85.6699 MEVI | ricevuti: 115.2603 MEVI | ATTACCO: NO
[13:59:00][  SWAP] TRADER 0xBcd4042DE499D14e55001CcbB24a551F3b954096 | 96.67 USDC | prot: NESSUNA | stima: 94.8364 MEVI | ricevuti: 87.1474 MEVI | ATTACCO: NO
[13:59:00][  SWAP] TRADER 0xa0Ee7A142d267C1f36714E4a8F75612F20a79720 | 102.08 USDC | prot: NESSUNA | stima: 100.0376 MEVI | ricevuti: 88.6480 MEVI | ATTACCO: SI | perdita: 6.8747 MEVI | rimborso: NON ASSICURATO
[13:59:00][  SWAP] TRADER 0x71bE63f3384f5fb98995898A86B02Fb2426c5788 | 120.35 USDC | prot: NESSUNA | stima: 117.5213 MEVI | ricevuti: 100.3155 MEVI | ATTACCO: NO
[13:59:02][  SWAP] TRADER 0x23618e81E3f5cdF7f54C3d65f7FBc0aBf5B21E8f | 98.41 USDC | prot: NESSUNA | stima: 92.1532 MEVI | ricevuti: 82.0842 MEVI | ATTACCO: NO
[13:59:03][ATTACK] INSURED ATTACK | victim=0x90F79bf6EB2c4f | swap=71.7800 USDC | loss_sandwich=2.0332 MEVI (3.50%)
[13:59:07][  POOL] POOL UPDATE | mevi=51.1624 MEVI | eth=4.766000 ETH
[13:59:12][  SWAP] TRADER 0x976EA74026E726554dB657fA54763abd0C3a0aa9 | 96.87 USDC | prot: HIGH | premio: 0.5667 MEVI | stima: 77.9926 MEVI | ricevuti: 76.0629 MEVI | ATTACCO: NO
[13:59:14][  SWAP] TRADER 0x14dC79964da2C08b23698B3D3cc7Ca32193d9955 | 135.14 USDC | prot: NESSUNA | stima: 105.4039 MEVI | ricevuti: 101.8872 MEVI | ATTACCO: NO
[13:59:21][  SWAP] TRADER 0x15d34AAf54267DB7D7c367839AAf71A00a2C6A65 | 68.55 USDC | prot: HIGH | premio: 0.3930 MEVI | stima: 49.8966 MEVI | ricevuti: 49.8966 MEVI | ATTACCO: NO
[13:59:21][  SWAP] TRADER 0x3C44CdDdB6a900fa2b585dd299e03d12FA4293BC | 56.67 USDC | prot: HIGH | premio: 0.3249 MEVI | stima: 41.3326 MEVI | ricevuti: 40.3815 MEVI | ATTACCO: NO
[13:59:25][  SWAP] TRADER 0x9965507D1a55bcC2695C58ba16FB37d819B0A4dc | 112.66 USDC | prot: HIGH | premio: 0.6459 MEVI | stima: 78.0368 MEVI | ricevuti: 70.5040 MEVI | ATTACCO: NO
[13:59:25][  SWAP] TRADER 0x23618e81E3f5cdF7f54C3d65f7FBc0aBf5B21E8f | 66.91 USDC | prot: NESSUNA | stima: 40.7062 MEVI | ricevuti: 40.7062 MEVI | ATTACCO: NO
[13:59:25][  SWAP] TRADER 0xBcd4042DE499D14e55001CcbB24a551F3b954096 | 79.02 USDC | prot: NESSUNA | stima: 55.0405 MEVI | ricevuti: 55.0405 MEVI | ATTACCO: NO
[13:59:25][  SWAP] TRADER 0xa0Ee7A142d267C1f36714E4a8F75612F20a79720 | 124.68 USDC | prot: NESSUNA | stima: 86.1919 MEVI | ricevuti: 83.9705 MEVI | ATTACCO: NO
[13:59:25][  SWAP] TRADER 0x71bE63f3384f5fb98995898A86B02Fb2426c5788 | 109.08 USDC | prot: NESSUNA | stima: 75.6017 MEVI | ricevuti: 70.7227 MEVI | ATTACCO: NO
[14:00:19][ATTACK] NAKED ATTACK | victim=0xa0Ee7A142d267C | swap=145.4200 USDC | loss_sandwich=5.4119 MEVI (3.83%)
[14:00:22][ATTACK] INSURED ATTACK | victim=0x3C44CdDdB6a900 | swap=89.7900 USDC | loss_sandwich=8.7490 MEVI (12.22%)
[14:00:26][  SWAP] TRADER 0x90F79bf6EB2c4f870365E785982E1f101E93b906 | 71.78 USDC | prot: HIGH | premio: 0.4199 MEVI | stima: 58.0511 MEVI | ricevuti: 56.0179 MEVI | ATTACCO: SI | perdita: 2.0332 MEVI | rimborso: 2.0432 MEVI
[14:00:27][  SWAP] TRADER 0xa0Ee7A142d267C1f36714E4a8F75612F20a79720 | 145.42 USDC | prot: NESSUNA | stima: 85.6188 MEVI | ricevuti: 135.8982 MEVI | ATTACCO: SI | perdita: 5.4119 MEVI | rimborso: NON ASSICURATO
[14:00:27][  SWAP] TRADER 0xBcd4042DE499D14e55001CcbB24a551F3b954096 | 75.28 USDC | prot: NESSUNA | stima: 44.7994 MEVI | ricevuti: 67.4327 MEVI | ATTACCO: NO
[14:00:27][  SWAP] TRADER 0x71bE63f3384f5fb98995898A86B02Fb2426c5788 | 131.60 USDC | prot: NESSUNA | stima: 77.6449 MEVI | ricevuti: 104.5473 MEVI | ATTACCO: NO
[14:00:27][  SWAP] TRADER 0x23618e81E3f5cdF7f54C3d65f7FBc0aBf5B21E8f | 77.02 USDC | prot: NESSUNA | stima: 45.8227 MEVI | ricevuti: 67.0447 MEVI | ATTACCO: NO
[14:00:27][  SWAP] TRADER 0x14dC79964da2C08b23698B3D3cc7Ca32193d9955 | 146.59 USDC | prot: NESSUNA | stima: 86.2924 MEVI | ricevuti: 122.4578 MEVI | ATTACCO: NO
[14:00:29][  SWAP] TRADER 0x9965507D1a55bcC2695C58ba16FB37d819B0A4dc | 116.10 USDC | prot: HIGH | premio: 0.6520 MEVI | stima: 68.6616 MEVI | ricevuti: 88.9824 MEVI | ATTACCO: NO
[14:00:29][  SWAP] TRADER 0x15d34AAf54267DB7D7c367839AAf71A00a2C6A65 | 65.50 USDC | prot: HIGH | premio: 0.3678 MEVI | stima: 39.0379 MEVI | ricevuti: 47.0811 MEVI | ATTACCO: NO
[14:00:29][  SWAP] TRADER 0x976EA74026E726554dB657fA54763abd0C3a0aa9 | 95.20 USDC | prot: HIGH | premio: 0.5346 MEVI | stima: 56.4813 MEVI | ricevuti: 70.3353 MEVI | ATTACCO: NO
[14:00:40][  SWAP] TRADER 0x3C44CdDdB6a900fa2b585dd299e03d12FA4293BC | 89.79 USDC | prot: HIGH | premio: 0.5043 MEVI | stima: 53.3157 MEVI | ricevuti: 62.8758 MEVI | ATTACCO: SI | perdita: 8.7490 MEVI | rimborso: 8.7590 MEVI
[14:00:52][  SWAP] TRADER 0xBcd4042DE499D14e55001CcbB24a551F3b954096 | 76.94 USDC | prot: NESSUNA | stima: 75.7740 MEVI | ricevuti: 75.7740 MEVI | ATTACCO: NO
[14:00:52][  SWAP] TRADER 0x71bE63f3384f5fb98995898A86B02Fb2426c5788 | 118.38 USDC | prot: NESSUNA | stima: 115.6421 MEVI | ricevuti: 112.2029 MEVI | ATTACCO: NO
[14:00:52][  SWAP] TRADER 0x23618e81E3f5cdF7f54C3d65f7FBc0aBf5B21E8f | 87.88 USDC | prot: NESSUNA | stima: 86.3621 MEVI | ricevuti: 80.0425 MEVI | ATTACCO: NO
[14:00:52][  SWAP] TRADER 0x14dC79964da2C08b23698B3D3cc7Ca32193d9955 | 110.72 USDC | prot: NESSUNA | stima: 108.3213 MEVI | ricevuti: 97.1325 MEVI | ATTACCO: NO
[14:00:54][  SWAP] TRADER 0xa0Ee7A142d267C1f36714E4a8F75612F20a79720 | 147.05 USDC | prot: NESSUNA | stima: 142.8488 MEVI | ricevuti: 123.0027 MEVI | ATTACCO: NO
[14:00:55][  SWAP] TRADER 0x90F79bf6EB2c4f870365E785982E1f101E93b906 | 70.31 USDC | prot: HIGH | premio: 0.4113 MEVI | stima: 69.3350 MEVI | ricevuti: 56.5340 MEVI | ATTACCO: NO
[14:00:58][  SWAP] TRADER 0x9965507D1a55bcC2695C58ba16FB37d819B0A4dc | 105.53 USDC | prot: HIGH | premio: 0.6174 MEVI | stima: 88.9390 MEVI | ricevuti: 82.2432 MEVI | ATTACCO: NO
[14:00:58][  SWAP] TRADER 0x15d34AAf54267DB7D7c367839AAf71A00a2C6A65 | 61.25 USDC | prot: HIGH | premio: 0.3583 MEVI | stima: 52.0395 MEVI | ricevuti: 45.2605 MEVI | ATTACCO: NO
[14:00:58][  SWAP] TRADER 0x976EA74026E726554dB657fA54763abd0C3a0aa9 | 69.17 USDC | prot: HIGH | premio: 0.4046 MEVI | stima: 58.6834 MEVI | ricevuti: 52.2790 MEVI | ATTACCO: NO
[14:01:08][  POOL] POOL UPDATE | mevi=46.0997 MEVI | eth=4.730000 ETH
[14:01:09][  SWAP] TRADER 0x3C44CdDdB6a900fa2b585dd299e03d12FA4293BC | 89.81 USDC | prot: HIGH | premio: 0.5254 MEVI | stima: 64.6762 MEVI | ricevuti: 64.6762 MEVI | ATTACCO: NO
[14:01:09][ATTACK] NAKED ATTACK | victim=0x23618e81E3f5cd | swap=79.8000 USDC | loss_sandwich=2.7234 MEVI (4.88%)
[14:01:16][  SWAP] TRADER 0x23618e81E3f5cdF7f54C3d65f7FBc0aBf5B21E8f | 79.80 USDC | prot: NESSUNA | stima: 55.8476 MEVI | ricevuti: 53.1242 MEVI | ATTACCO: SI | perdita: 2.7234 MEVI | rimborso: NON ASSICURATO
[14:01:16][  SWAP] TRADER 0xBcd4042DE499D14e55001CcbB24a551F3b954096 | 51.28 USDC | prot: NESSUNA | stima: 36.0589 MEVI | ricevuti: 34.8792 MEVI | ATTACCO: NO
[14:01:18][  SWAP] TRADER 0x71bE63f3384f5fb98995898A86B02Fb2426c5788 | 111.37 USDC | prot: NESSUNA | stima: 77.5349 MEVI | ricevuti: 74.3316 MEVI | ATTACCO: NO
[14:01:18][  SWAP] TRADER 0xa0Ee7A142d267C1f36714E4a8F75612F20a79720 | 112.12 USDC | prot: NESSUNA | stima: 74.8231 MEVI | ricevuti: 109.6610 MEVI | ATTACCO: NO
[14:01:19][ATTACK] INSURED ATTACK | victim=0x9965507D1a55bc | swap=139.1300 USDC | loss_sandwich=4.6292 MEVI (3.69%)
[14:01:22][  SWAP] TRADER 0x90F79bf6EB2c4f870365E785982E1f101E93b906 | 85.75 USDC | prot: HIGH | premio: 0.5016 MEVI | stima: 84.3042 MEVI | ricevuti: 80.6766 MEVI | ATTACCO: NO
[14:01:27][  SWAP] TRADER 0x976EA74026E726554dB657fA54763abd0C3a0aa9 | 76.14 USDC | prot: HIGH | premio: 0.4365 MEVI | stima: 71.7679 MEVI | ricevuti: 63.5030 MEVI | ATTACCO: NO
[14:01:27][  SWAP] TRADER 0x15d34AAf54267DB7D7c367839AAf71A00a2C6A65 | 75.20 USDC | prot: HIGH | premio: 0.4311 MEVI | stima: 70.8947 MEVI | ricevuti: 61.0205 MEVI | ATTACCO: NO
[14:01:34][  SWAP] TRADER 0x14dC79964da2C08b23698B3D3cc7Ca32193d9955 | 137.49 USDC | prot: NESSUNA | stima: 111.7269 MEVI | ricevuti: 111.7269 MEVI | ATTACCO: NO
[14:01:37][  SWAP] TRADER 0x9965507D1a55bcC2695C58ba16FB37d819B0A4dc | 139.13 USDC | prot: HIGH | premio: 0.7976 MEVI | stima: 129.5678 MEVI | ricevuti: 120.7536 MEVI | ATTACCO: SI | perdita: 4.6292 MEVI | rimborso: 4.6392 MEVI
[14:01:37][  SWAP] TRADER 0x3C44CdDdB6a900fa2b585dd299e03d12FA4293BC | 60.22 USDC | prot: HIGH | premio: 0.3452 MEVI | stima: 49.6186 MEVI | ricevuti: 47.2313 MEVI | ATTACCO: NO
[14:01:41][  SWAP] TRADER 0x23618e81E3f5cdF7f54C3d65f7FBc0aBf5B21E8f | 79.58 USDC | prot: NESSUNA | stima: 60.8996 MEVI | ricevuti: 59.4399 MEVI | ATTACCO: NO
[14:01:41][  SWAP] TRADER 0x71bE63f3384f5fb98995898A86B02Fb2426c5788 | 126.51 USDC | prot: NESSUNA | stima: 96.0303 MEVI | ricevuti: 91.2210 MEVI | ATTACCO: NO
[14:01:41][  SWAP] TRADER 0xBcd4042DE499D14e55001CcbB24a551F3b954096 | 69.75 USDC | prot: NESSUNA | stima: 53.4684 MEVI | ricevuti: 53.4684 MEVI | ATTACCO: NO
[14:01:41][  SWAP] TRADER 0xa0Ee7A142d267C1f36714E4a8F75612F20a79720 | 112.83 USDC | prot: NESSUNA | stima: 78.1462 MEVI | ricevuti: 78.1462 MEVI | ATTACCO: NO
[14:01:50][  SWAP] TRADER 0x90F79bf6EB2c4f870365E785982E1f101E93b906 | 77.46 USDC | prot: HIGH | premio: 0.4441 MEVI | stima: 51.9868 MEVI | ricevuti: 76.2783 MEVI | ATTACCO: NO
[14:01:55][  SWAP] TRADER 0x976EA74026E726554dB657fA54763abd0C3a0aa9 | 97.28 USDC | prot: HIGH | premio: 0.5577 MEVI | stima: 95.4234 MEVI | ricevuti: 92.5611 MEVI | ATTACCO: NO
[14:01:55][  SWAP] TRADER 0x15d34AAf54267DB7D7c367839AAf71A00a2C6A65 | 99.68 USDC | prot: HIGH | premio: 0.5715 MEVI | stima: 97.7316 MEVI | ricevuti: 91.3029 MEVI | ATTACCO: NO
[14:01:58][ATTACK] INSURED ATTACK | victim=0x9965507D1a55bc | swap=133.4700 USDC | loss_sandwich=7.5636 MEVI (6.75%)
[14:01:59][  SWAP] TRADER 0x14dC79964da2C08b23698B3D3cc7Ca32193d9955 | 117.57 USDC | prot: NESSUNA | stima: 103.3505 MEVI | ricevuti: 103.3505 MEVI | ATTACCO: NO
[14:01:59][ATTACK] NAKED ATTACK | victim=0xa0Ee7A142d267C | swap=101.3800 USDC | loss_sandwich=2.4661 MEVI (3.33%)
[14:02:05][  SWAP] TRADER 0x23618e81E3f5cdF7f54C3d65f7FBc0aBf5B21E8f | 69.34 USDC | prot: NESSUNA | stima: 58.8676 MEVI | ricevuti: 52.3542 MEVI | ATTACCO: NO
[14:02:05][  SWAP] TRADER 0x71bE63f3384f5fb98995898A86B02Fb2426c5788 | 127.29 USDC | prot: NESSUNA | stima: 106.9308 MEVI | ricevuti: 92.9143 MEVI | ATTACCO: NO
[14:02:05][  SWAP] TRADER 0x3C44CdDdB6a900fa2b585dd299e03d12FA4293BC | 94.19 USDC | prot: HIGH | premio: 0.5400 MEVI | stima: 79.6023 MEVI | ricevuti: 76.7538 MEVI | ATTACCO: NO
[14:02:07][  SWAP] TRADER 0xa0Ee7A142d267C1f36714E4a8F75612F20a79720 | 101.38 USDC | prot: NESSUNA | stima: 85.5666 MEVI | ricevuti: 71.5428 MEVI | ATTACCO: SI | perdita: 2.4661 MEVI | rimborso: NON ASSICURATO
[14:02:07][  SWAP] TRADER 0xBcd4042DE499D14e55001CcbB24a551F3b954096 | 77.13 USDC | prot: NESSUNA | stima: 56.5382 MEVI | ricevuti: 54.6697 MEVI | ATTACCO: NO
[14:02:16][  SWAP] TRADER 0x9965507D1a55bcC2695C58ba16FB37d819B0A4dc | 133.47 USDC | prot: HIGH | premio: 0.7652 MEVI | stima: 111.9969 MEVI | ricevuti: 104.4334 MEVI | ATTACCO: SI | perdita: 7.5636 MEVI | rimborso: 7.5736 MEVI
[14:02:17][  SWAP] TRADER 0x90F79bf6EB2c4f870365E785982E1f101E93b906 | 58.79 USDC | prot: HIGH | premio: 0.3370 MEVI | stima: 40.7320 MEVI | ricevuti: 40.7320 MEVI | ATTACCO: NO
[14:02:20][  SWAP] TRADER 0x976EA74026E726554dB657fA54763abd0C3a0aa9 | 77.76 USDC | prot: HIGH | premio: 0.4458 MEVI | stima: 52.6720 MEVI | ricevuti: 76.5692 MEVI | ATTACCO: NO
[14:02:20][  SWAP] TRADER 0x15d34AAf54267DB7D7c367839AAf71A00a2C6A65 | 82.67 USDC | prot: HIGH | premio: 0.4739 MEVI | stima: 55.9529 MEVI | ricevuti: 78.8733 MEVI | ATTACCO: NO
[14:02:23][  SWAP] TRADER 0x14dC79964da2C08b23698B3D3cc7Ca32193d9955 | 100.26 USDC | prot: NESSUNA | stima: 92.3292 MEVI | ricevuti: 92.3292 MEVI | ATTACCO: NO
[14:02:31][  SWAP] TRADER 0x71bE63f3384f5fb98995898A86B02Fb2426c5788 | 134.37 USDC | prot: NESSUNA | stima: 118.3596 MEVI | ricevuti: 115.2994 MEVI | ATTACCO: NO
[14:02:31][  SWAP] TRADER 0x23618e81E3f5cdF7f54C3d65f7FBc0aBf5B21E8f | 70.23 USDC | prot: NESSUNA | stima: 62.6063 MEVI | ricevuti: 62.6063 MEVI | ATTACCO: NO
[14:02:32][  SWAP] TRADER 0xa0Ee7A142d267C1f36714E4a8F75612F20a79720 | 122.40 USDC | prot: NESSUNA | stima: 108.0555 MEVI | ricevuti: 100.2019 MEVI | ATTACCO: NO
[14:02:32][  SWAP] TRADER 0xBcd4042DE499D14e55001CcbB24a551F3b954096 | 54.90 USDC | prot: NESSUNA | stima: 49.0815 MEVI | ricevuti: 43.5313 MEVI | ATTACCO: NO
[14:02:34][  SWAP] TRADER 0x3C44CdDdB6a900fa2b585dd299e03d12FA4293BC | 59.80 USDC | prot: HIGH | premio: 0.3498 MEVI | stima: 53.4130 MEVI | ricevuti: 46.4628 MEVI | ATTACCO: NO
[14:02:41][ATTACK] NAKED ATTACK | victim=0x14dC79964da2C0 | swap=116.2000 USDC | loss_sandwich=2.4271 MEVI (3.17%)
[14:02:44][  SWAP] TRADER 0x9965507D1a55bcC2695C58ba16FB37d819B0A4dc | 147.28 USDC | prot: HIGH | premio: 0.8616 MEVI | stima: 110.3813 MEVI | ricevuti: 110.3813 MEVI | ATTACCO: NO
[14:02:46][  SWAP] TRADER 0x90F79bf6EB2c4f870365E785982E1f101E93b906 | 65.99 USDC | prot: HIGH | premio: 0.3860 MEVI | stima: 50.1542 MEVI | ricevuti: 47.6742 MEVI | ATTACCO: NO
[14:02:47][  SWAP] TRADER 0x976EA74026E726554dB657fA54763abd0C3a0aa9 | 87.52 USDC | prot: HIGH | premio: 0.5120 MEVI | stima: 66.2702 MEVI | ricevuti: 61.6116 MEVI | ATTACCO: NO
[14:02:47][  SWAP] TRADER 0x15d34AAf54267DB7D7c367839AAf71A00a2C6A65 | 98.43 USDC | prot: HIGH | premio: 0.5758 MEVI | stima: 74.3911 MEVI | ricevuti: 67.1803 MEVI | ATTACCO: NO
[14:02:49][  SWAP] TRADER 0x14dC79964da2C08b23698B3D3cc7Ca32193d9955 | 116.20 USDC | prot: NESSUNA | stima: 81.4126 MEVI | ricevuti: 74.1438 MEVI | ATTACCO: SI | perdita: 2.4271 MEVI | rimborso: NON ASSICURATO
[14:02:55][ATTACK] INSURED ATTACK | victim=0x3C44CdDdB6a900 | swap=89.5800 USDC | loss_sandwich=2.7483 MEVI (3.60%)
[14:02:56][  SWAP] TRADER 0x71bE63f3384f5fb98995898A86B02Fb2426c5788 | 116.85 USDC | prot: NESSUNA | stima: 114.1816 MEVI | ricevuti: 114.1816 MEVI | ATTACCO: NO
[14:02:58][  SWAP] TRADER 0xa0Ee7A142d267C1f36714E4a8F75612F20a79720 | 108.20 USDC | prot: NESSUNA | stima: 105.9081 MEVI | ricevuti: 95.8048 MEVI | ATTACCO: NO
[14:02:58][  SWAP] TRADER 0x23618e81E3f5cdF7f54C3d65f7FBc0aBf5B21E8f | 75.21 USDC | prot: NESSUNA | stima: 74.0955 MEVI | ricevuti: 70.7739 MEVI | ATTACCO: NO
[14:02:58][  SWAP] TRADER 0xBcd4042DE499D14e55001CcbB24a551F3b954096 | 67.73 USDC | prot: NESSUNA | stima: 66.8248 MEVI | ricevuti: 62.0030 MEVI | ATTACCO: NO
[14:03:08][  POOL] POOL UPDATE | mevi=45.8482 MEVI | eth=4.694000 ETH
[14:03:13][  SWAP] TRADER 0x3C44CdDdB6a900fa2b585dd299e03d12FA4293BC | 89.58 USDC | prot: HIGH | premio: 0.5136 MEVI | stima: 84.0637 MEVI | ricevuti: 73.6951 MEVI | ATTACCO: SI | perdita: 2.7483 MEVI | rimborso: 2.7583 MEVI
[14:03:13][  SWAP] TRADER 0x9965507D1a55bcC2695C58ba16FB37d819B0A4dc | 147.43 USDC | prot: HIGH | premio: 0.8452 MEVI | stima: 120.5885 MEVI | ricevuti: 120.5885 MEVI | ATTACCO: NO
[14:03:14][  SWAP] TRADER 0x90F79bf6EB2c4f870365E785982E1f101E93b906 | 66.80 USDC | prot: HIGH | premio: 0.3830 MEVI | stima: 55.4360 MEVI | ricevuti: 52.5736 MEVI | ATTACCO: NO
[14:03:14][  SWAP] TRADER 0x14dC79964da2C08b23698B3D3cc7Ca32193d9955 | 132.29 USDC | prot: NESSUNA | stima: 108.4981 MEVI | ricevuti: 100.5435 MEVI | ATTACCO: NO
[14:03:16][  SWAP] TRADER 0x15d34AAf54267DB7D7c367839AAf71A00a2C6A65 | 95.63 USDC | prot: HIGH | premio: 0.5482 MEVI | stima: 78.9492 MEVI | ricevuti: 69.8721 MEVI | ATTACCO: NO
[14:03:16][  SWAP] TRADER 0x976EA74026E726554dB657fA54763abd0C3a0aa9 | 60.84 USDC | prot: HIGH | premio: 0.3488 MEVI | stima: 50.5445 MEVI | ricevuti: 43.2854 MEVI | ATTACCO: NO
[14:03:16][ATTACK] NAKED ATTACK | victim=0xa0Ee7A142d267C | swap=100.0400 USDC | loss_sandwich=3.7722 MEVI (3.85%)
[14:03:20][  SWAP] TRADER 0x71bE63f3384f5fb98995898A86B02Fb2426c5788 | 119.34 USDC | prot: NESSUNA | stima: 82.3889 MEVI | ricevuti: 82.3889 MEVI | ATTACCO: NO
[14:03:23][  SWAP] TRADER 0x23618e81E3f5cdF7f54C3d65f7FBc0aBf5B21E8f | 65.78 USDC | prot: NESSUNA | stima: 44.0442 MEVI | ricevuti: 60.0567 MEVI | ATTACCO: NO
[14:03:23][  SWAP] TRADER 0xBcd4042DE499D14e55001CcbB24a551F3b954096 | 50.97 USDC | prot: NESSUNA | stima: 34.2103 MEVI | ricevuti: 45.5134 MEVI | ATTACCO: NO
[14:03:23][  SWAP] TRADER 0xa0Ee7A142d267C1f36714E4a8F75612F20a79720 | 100.04 USDC | prot: NESSUNA | stima: 66.6121 MEVI | ricevuti: 94.3055 MEVI | ATTACCO: SI | perdita: 3.7722 MEVI | rimborso: NON ASSICURATO
[14:03:35][ATTACK] INSURED ATTACK | victim=0x90F79bf6EB2c4f | swap=53.3200 USDC | loss_sandwich=3.2263 MEVI (7.13%)
[14:03:40][  SWAP] TRADER 0x14dC79964da2C08b23698B3D3cc7Ca32193d9955 | 114.81 USDC | prot: NESSUNA | stima: 103.4903 MEVI | ricevuti: 103.4903 MEVI | ATTACCO: NO
[14:03:41][  SWAP] TRADER 0x3C44CdDdB6a900fa2b585dd299e03d12FA4293BC | 75.11 USDC | prot: HIGH | premio: 0.4306 MEVI | stima: 68.2132 MEVI | ricevuti: 65.3230 MEVI | ATTACCO: NO
[14:03:43][  SWAP] TRADER 0x9965507D1a55bcC2695C58ba16FB37d819B0A4dc | 104.28 USDC | prot: HIGH | premio: 0.5978 MEVI | stima: 94.1848 MEVI | ricevuti: 84.6031 MEVI | ATTACCO: NO
[14:03:44][  SWAP] TRADER 0x976EA74026E726554dB657fA54763abd0C3a0aa9 | 86.09 USDC | prot: HIGH | premio: 0.4936 MEVI | stima: 78.0228 MEVI | ricevuti: 68.7546 MEVI | ATTACCO: NO
[14:03:44][  SWAP] TRADER 0x15d34AAf54267DB7D7c367839AAf71A00a2C6A65 | 92.48 USDC | prot: HIGH | premio: 0.5302 MEVI | stima: 83.7130 MEVI | ricevuti: 71.5564 MEVI | ATTACCO: NO
[14:03:44][  SWAP] TRADER 0x71bE63f3384f5fb98995898A86B02Fb2426c5788 | 126.87 USDC | prot: NESSUNA | stima: 100.5954 MEVI | ricevuti: 94.4896 MEVI | ATTACCO: NO
[14:03:49][  SWAP] TRADER 0xa0Ee7A142d267C1f36714E4a8F75612F20a79720 | 102.44 USDC | prot: NESSUNA | stima: 73.3593 MEVI | ricevuti: 73.3593 MEVI | ATTACCO: NO
[14:03:49][  SWAP] TRADER 0xBcd4042DE499D14e55001CcbB24a551F3b954096 | 95.87 USDC | prot: NESSUNA | stima: 68.7302 MEVI | ricevuti: 64.3397 MEVI | ATTACCO: NO
[14:03:49][  SWAP] TRADER 0x23618e81E3f5cdF7f54C3d65f7FBc0aBf5B21E8f | 95.71 USDC | prot: NESSUNA | stima: 68.6173 MEVI | ricevuti: 66.2971 MEVI | ATTACCO: NO
[14:03:54][  SWAP] TRADER 0x90F79bf6EB2c4f870365E785982E1f101E93b906 | 53.32 USDC | prot: HIGH | premio: 0.3057 MEVI | stima: 48.6245 MEVI | ricevuti: 42.0537 MEVI | ATTACCO: SI | perdita: 3.2263 MEVI | rimborso: 3.2363 MEVI
[14:04:06][  SWAP] TRADER 0x14dC79964da2C08b23698B3D3cc7Ca32193d9955 | 139.87 USDC | prot: NESSUNA | stima: 136.0638 MEVI | ricevuti: 136.0638 MEVI | ATTACCO: NO
[14:04:06][ATTACK] INSURED ATTACK | victim=0x15d34AAf54267D | swap=94.6600 USDC | loss_sandwich=5.2481 MEVI (6.79%)
[14:04:07][ATTACK] NAKED ATTACK | victim=0x23618e81E3f5cd | swap=97.3400 USDC | loss_sandwich=2.5307 MEVI (3.41%)
[14:04:10][  SWAP] TRADER 0x71bE63f3384f5fb98995898A86B02Fb2426c5788 | 145.26 USDC | prot: NESSUNA | stima: 133.6836 MEVI | ricevuti: 133.6836 MEVI | ATTACCO: NO
[14:04:10][  SWAP] TRADER 0x3C44CdDdB6a900fa2b585dd299e03d12FA4293BC | 72.19 USDC | prot: HIGH | premio: 0.4139 MEVI | stima: 71.1626 MEVI | ricevuti: 63.7403 MEVI | ATTACCO: NO
[14:04:12][  SWAP] TRADER 0x9965507D1a55bcC2695C58ba16FB37d819B0A4dc | 129.87 USDC | prot: HIGH | premio: 0.7445 MEVI | stima: 119.8692 MEVI | ricevuti: 110.4463 MEVI | ATTACCO: NO
[14:04:13][  SWAP] TRADER 0x976EA74026E726554dB657fA54763abd0C3a0aa9 | 98.10 USDC | prot: HIGH | premio: 0.5624 MEVI | stima: 91.0949 MEVI | ricevuti: 77.2081 MEVI | ATTACCO: NO
[14:04:15][  SWAP] TRADER 0xBcd4042DE499D14e55001CcbB24a551F3b954096 | 77.69 USDC | prot: NESSUNA | stima: 63.6062 MEVI | ricevuti: 55.6051 MEVI | ATTACCO: NO
[14:04:15][  SWAP] TRADER 0x23618e81E3f5cdF7f54C3d65f7FBc0aBf5B21E8f | 97.34 USDC | prot: NESSUNA | stima: 79.4136 MEVI | ricevuti: 71.7811 MEVI | ATTACCO: SI | perdita: 2.5307 MEVI | rimborso: NON ASSICURATO
[14:04:16][  SWAP] TRADER 0xa0Ee7A142d267C1f36714E4a8F75612F20a79720 | 118.10 USDC | prot: NESSUNA | stima: 89.8375 MEVI | ricevuti: 84.7379 MEVI | ATTACCO: NO
[14:04:22][  SWAP] TRADER 0x90F79bf6EB2c4f870365E785982E1f101E93b906 | 95.88 USDC | prot: HIGH | premio: 0.5497 MEVI | stima: 66.3648 MEVI | ricevuti: 66.3648 MEVI | ATTACCO: NO
[14:04:23][  SWAP] TRADER 0x15d34AAf54267DB7D7c367839AAf71A00a2C6A65 | 94.66 USDC | prot: HIGH | premio: 0.5427 MEVI | stima: 87.9583 MEVI | ricevuti: 72.0161 MEVI | ATTACCO: SI | perdita: 5.2481 MEVI | rimborso: 5.2581 MEVI
[14:04:30][  SWAP] TRADER 0x14dC79964da2C08b23698B3D3cc7Ca32193d9955 | 119.41 USDC | prot: NESSUNA | stima: 116.6248 MEVI | ricevuti: 116.6248 MEVI | ATTACCO: NO
[14:04:40][  SWAP] TRADER 0x9965507D1a55bcC2695C58ba16FB37d819B0A4dc | 145.97 USDC | prot: HIGH | premio: 0.8539 MEVI | stima: 135.3798 MEVI | ricevuti: 135.3798 MEVI | ATTACCO: NO
[14:04:40][  SWAP] TRADER 0xBcd4042DE499D14e55001CcbB24a551F3b954096 | 75.62 USDC | prot: NESSUNA | stima: 71.0835 MEVI | ricevuti: 67.2240 MEVI | ATTACCO: NO
[14:04:40][  SWAP] TRADER 0xa0Ee7A142d267C1f36714E4a8F75612F20a79720 | 107.10 USDC | prot: NESSUNA | stima: 100.0686 MEVI | ricevuti: 92.0157 MEVI | ATTACCO: NO
[14:04:40][  SWAP] TRADER 0x3C44CdDdB6a900fa2b585dd299e03d12FA4293BC | 91.60 USDC | prot: HIGH | premio: 0.5359 MEVI | stima: 85.8408 MEVI | ricevuti: 75.8760 MEVI | ATTACCO: NO
[14:04:40][  SWAP] TRADER 0x23618e81E3f5cdF7f54C3d65f7FBc0aBf5B21E8f | 83.54 USDC | prot: NESSUNA | stima: 78.4088 MEVI | ricevuti: 67.0443 MEVI | ATTACCO: NO
[14:04:42][  SWAP] TRADER 0x976EA74026E726554dB657fA54763abd0C3a0aa9 | 61.37 USDC | prot: HIGH | premio: 0.3590 MEVI | stima: 57.8470 MEVI | ricevuti: 47.9964 MEVI | ATTACCO: NO
[14:04:45][ATTACK] NAKED ATTACK | victim=0x71bE63f3384f5f | swap=122.8100 USDC | loss_sandwich=3.0434 MEVI (3.35%)
[14:04:51][  SWAP] TRADER 0x90F79bf6EB2c4f870365E785982E1f101E93b906 | 69.87 USDC | prot: HIGH | premio: 0.4087 MEVI | stima: 53.3979 MEVI | ricevuti: 53.3979 MEVI | ATTACCO: NO
[14:04:52][  SWAP] TRADER 0x15d34AAf54267DB7D7c367839AAf71A00a2C6A65 | 59.08 USDC | prot: HIGH | premio: 0.3456 MEVI | stima: 45.2365 MEVI | ricevuti: 40.9355 MEVI | ATTACCO: NO
[14:04:52][  SWAP] TRADER 0x71bE63f3384f5fb98995898A86B02Fb2426c5788 | 122.81 USDC | prot: NESSUNA | stima: 93.0015 MEVI | ricevuti: 87.7367 MEVI | ATTACCO: SI | perdita: 3.0434 MEVI | rimborso: NON ASSICURATO
[14:04:54][  SWAP] TRADER 0x14dC79964da2C08b23698B3D3cc7Ca32193d9955 | 120.74 USDC | prot: NESSUNA | stima: 121.3409 MEVI | ricevuti: 121.3409 MEVI | ATTACCO: NO
[14:05:02][ATTACK] INSURED ATTACK | victim=0x3C44CdDdB6a900 | swap=67.1600 USDC | loss_sandwich=4.4923 MEVI (7.62%)
[14:05:06][  SWAP] TRADER 0xBcd4042DE499D14e55001CcbB24a551F3b954096 | 81.57 USDC | prot: NESSUNA | stima: 78.7431 MEVI | ricevuti: 78.7431 MEVI | ATTACCO: NO
[14:05:06][  SWAP] TRADER 0xa0Ee7A142d267C1f36714E4a8F75612F20a79720 | 123.64 USDC | prot: NESSUNA | stima: 118.3842 MEVI | ricevuti: 114.6929 MEVI | ATTACCO: NO
[14:05:06][  SWAP] TRADER 0x23618e81E3f5cdF7f54C3d65f7FBc0aBf5B21E8f | 50.41 USDC | prot: NESSUNA | stima: 48.9604 MEVI | ricevuti: 45.2276 MEVI | ATTACCO: NO
[14:05:08][  POOL] POOL UPDATE | mevi=43.6196 MEVI | eth=4.640000 ETH
[14:05:09][  SWAP] TRADER 0x9965507D1a55bcC2695C58ba16FB37d819B0A4dc | 115.83 USDC | prot: HIGH | premio: 0.6641 MEVI | stima: 111.0739 MEVI | ricevuti: 97.0793 MEVI | ATTACCO: NO
[14:05:10][  SWAP] TRADER 0x976EA74026E726554dB657fA54763abd0C3a0aa9 | 52.47 USDC | prot: HIGH | premio: 0.3008 MEVI | stima: 46.1717 MEVI | ricevuti: 43.2480 MEVI | ATTACCO: NO
[14:05:17][  SWAP] TRADER 0x71bE63f3384f5fb98995898A86B02Fb2426c5788 | 123.88 USDC | prot: NESSUNA | stima: 98.9243 MEVI | ricevuti: 98.9243 MEVI | ATTACCO: NO
[14:05:18][  SWAP] TRADER 0x90F79bf6EB2c4f870365E785982E1f101E93b906 | 75.14 USDC | prot: HIGH | premio: 0.4396 MEVI | stima: 60.5245 MEVI | ricevuti: 57.9199 MEVI | ATTACCO: NO
[14:05:19][  SWAP] TRADER 0x3C44CdDdB6a900fa2b585dd299e03d12FA4293BC | 67.16 USDC | prot: HIGH | premio: 0.3850 MEVI | stima: 65.0151 MEVI | ricevuti: 54.4444 MEVI | ATTACCO: SI | perdita: 4.4923 MEVI | rimborso: 4.5023 MEVI
[14:05:20][  SWAP] TRADER 0x14dC79964da2C08b23698B3D3cc7Ca32193d9955 | 118.50 USDC | prot: NESSUNA | stima: 90.6573 MEVI | ricevuti: 86.4905 MEVI | ATTACCO: NO
[14:05:20][  SWAP] TRADER 0x15d34AAf54267DB7D7c367839AAf71A00a2C6A65 | 60.93 USDC | prot: HIGH | premio: 0.3564 MEVI | stima: 49.2031 MEVI | ricevuti: 45.8634 MEVI | ATTACCO: NO
[14:05:23][ATTACK] NAKED ATTACK | victim=0xa0Ee7A142d267C | swap=132.4600 USDC | loss_sandwich=4.7845 MEVI (3.71%)
[14:05:30][  SWAP] TRADER 0xBcd4042DE499D14e55001CcbB24a551F3b954096 | 96.60 USDC | prot: NESSUNA | stima: 94.7691 MEVI | ricevuti: 94.7691 MEVI | ATTACCO: NO
[14:05:30][  SWAP] TRADER 0xa0Ee7A142d267C1f36714E4a8F75612F20a79720 | 132.46 USDC | prot: NESSUNA | stima: 129.0414 MEVI | ricevuti: 124.2569 MEVI | ATTACCO: SI | perdita: 4.7845 MEVI | rimborso: NON ASSICURATO
[14:05:30][  SWAP] TRADER 0x23618e81E3f5cdF7f54C3d65f7FBc0aBf5B21E8f | 73.89 USDC | prot: NESSUNA | stima: 72.8140 MEVI | ricevuti: 66.6169 MEVI | ATTACCO: NO
[14:05:35][  SWAP] TRADER 0x9965507D1a55bcC2695C58ba16FB37d819B0A4dc | 104.47 USDC | prot: HIGH | premio: 0.5989 MEVI | stima: 91.4557 MEVI | ricevuti: 91.4557 MEVI | ATTACCO: NO
[14:05:39][  SWAP] TRADER 0x976EA74026E726554dB657fA54763abd0C3a0aa9 | 60.51 USDC | prot: HIGH | premio: 0.3469 MEVI | stima: 53.4071 MEVI | ricevuti: 51.3705 MEVI | ATTACCO: NO
[14:05:41][ATTACK] INSURED ATTACK | victim=0x15d34AAf54267D | swap=62.4000 USDC | loss_sandwich=4.2475 MEVI (8.92%)
[14:05:42][  SWAP] TRADER 0x71bE63f3384f5fb98995898A86B02Fb2426c5788 | 132.85 USDC | prot: NESSUNA | stima: 108.8828 MEVI | ricevuti: 108.8828 MEVI | ATTACCO: NO
[14:05:45][  SWAP] TRADER 0x14dC79964da2C08b23698B3D3cc7Ca32193d9955 | 102.68 USDC | prot: NESSUNA | stima: 80.6737 MEVI | ricevuti: 80.6737 MEVI | ATTACCO: NO
[14:05:48][  SWAP] TRADER 0x3C44CdDdB6a900fa2b585dd299e03d12FA4293BC | 82.26 USDC | prot: HIGH | premio: 0.4716 MEVI | stima: 64.8628 MEVI | ricevuti: 58.5825 MEVI | ATTACCO: NO
[14:05:48][  SWAP] TRADER 0x90F79bf6EB2c4f870365E785982E1f101E93b906 | 91.45 USDC | prot: HIGH | premio: 0.5243 MEVI | stima: 71.9925 MEVI | ricevuti: 67.0804 MEVI | ATTACCO: NO
[14:05:56][  SWAP] TRADER 0xBcd4042DE499D14e55001CcbB24a551F3b954096 | 80.94 USDC | prot: NESSUNA | stima: 56.9325 MEVI | ricevuti: 73.5821 MEVI | ATTACCO: NO
[14:05:56][  SWAP] TRADER 0xa0Ee7A142d267C1f36714E4a8F75612F20a79720 | 145.69 USDC | prot: NESSUNA | stima: 101.3834 MEVI | ricevuti: 141.5651 MEVI | ATTACCO: NO
[14:05:56][  SWAP] TRADER 0x23618e81E3f5cdF7f54C3d65f7FBc0aBf5B21E8f | 58.03 USDC | prot: NESSUNA | stima: 40.9742 MEVI | ricevuti: 54.1795 MEVI | ATTACCO: NO
[14:05:58][  SWAP] TRADER 0x15d34AAf54267DB7D7c367839AAf71A00a2C6A65 | 62.40 USDC | prot: HIGH | premio: 0.3577 MEVI | stima: 49.3759 MEVI | ricevuti: 43.3726 MEVI | ATTACCO: SI | perdita: 4.2475 MEVI | rimborso: 4.2575 MEVI
[14:06:02][  SWAP] TRADER 0x9965507D1a55bcC2695C58ba16FB37d819B0A4dc | 126.98 USDC | prot: HIGH | premio: 0.7280 MEVI | stima: 111.0016 MEVI | ricevuti: 111.0016 MEVI | ATTACCO: NO
[14:06:02][  SWAP] TRADER 0x976EA74026E726554dB657fA54763abd0C3a0aa9 | 88.02 USDC | prot: HIGH | premio: 0.5046 MEVI | stima: 77.5021 MEVI | ricevuti: 73.9361 MEVI | ATTACCO: NO
[14:06:03][ATTACK] NAKED ATTACK | victim=0x14dC79964da2C0 | swap=101.4600 USDC | loss_sandwich=2.7121 MEVI (3.44%)
[14:06:06][  SWAP] TRADER 0x71bE63f3384f5fb98995898A86B02Fb2426c5788 | 119.18 USDC | prot: NESSUNA | stima: 96.4186 MEVI | ricevuti: 96.4186 MEVI | ATTACCO: NO
[14:06:10][  SWAP] TRADER 0x14dC79964da2C08b23698B3D3cc7Ca32193d9955 | 101.46 USDC | prot: NESSUNA | stima: 78.9168 MEVI | ricevuti: 76.2047 MEVI | ATTACCO: SI | perdita: 2.7121 MEVI | rimborso: NON ASSICURATO
[14:06:15][  SWAP] TRADER 0x3C44CdDdB6a900fa2b585dd299e03d12FA4293BC | 90.26 USDC | prot: HIGH | premio: 0.5175 MEVI | stima: 67.9485 MEVI | ricevuti: 67.9485 MEVI | ATTACCO: NO
[14:06:15][  SWAP] TRADER 0x90F79bf6EB2c4f870365E785982E1f101E93b906 | 58.64 USDC | prot: HIGH | premio: 0.3362 MEVI | stima: 44.3863 MEVI | ricevuti: 43.0243 MEVI | ATTACCO: NO
[14:06:21][  SWAP] TRADER 0xa0Ee7A142d267C1f36714E4a8F75612F20a79720 | 140.51 USDC | prot: NESSUNA | stima: 99.6747 MEVI | ricevuti: 99.6747 MEVI | ATTACCO: NO
[14:06:21][  SWAP] TRADER 0xBcd4042DE499D14e55001CcbB24a551F3b954096 | 74.15 USDC | prot: NESSUNA | stima: 53.1879 MEVI | ricevuti: 49.4285 MEVI | ATTACCO: NO
[14:06:21][  SWAP] TRADER 0x23618e81E3f5cdF7f54C3d65f7FBc0aBf5B21E8f | 79.88 USDC | prot: NESSUNA | stima: 57.2429 MEVI | ricevuti: 54.6135 MEVI | ATTACCO: NO
[14:06:24][ATTACK] INSURED ATTACK | victim=0x976EA74026E726 | swap=84.2800 USDC | loss_sandwich=6.5982 MEVI (8.61%)
[14:06:27][  SWAP] TRADER 0x15d34AAf54267DB7D7c367839AAf71A00a2C6A65 | 83.22 USDC | prot: HIGH | premio: 0.4771 MEVI | stima: 54.0765 MEVI | ricevuti: 81.8576 MEVI | ATTACCO: NO
[14:06:30][  SWAP] TRADER 0x9965507D1a55bcC2695C58ba16FB37d819B0A4dc | 118.50 USDC | prot: HIGH | premio: 0.6794 MEVI | stima: 76.5690 MEVI | ricevuti: 112.0398 MEVI | ATTACCO: NO
[14:06:32][  SWAP] TRADER 0x71bE63f3384f5fb98995898A86B02Fb2426c5788 | 141.46 USDC | prot: NESSUNA | stima: 133.1604 MEVI | ricevuti: 122.5474 MEVI | ATTACCO: NO
[14:06:33][  SWAP] TRADER 0x14dC79964da2C08b23698B3D3cc7Ca32193d9955 | 124.19 USDC | prot: NESSUNA | stima: 103.3244 MEVI | ricevuti: 103.3244 MEVI | ATTACCO: NO
[14:06:39][ATTACK] NAKED ATTACK | victim=0x23618e81E3f5cd | swap=94.3200 USDC | loss_sandwich=3.9656 MEVI (5.49%)
[14:06:42][  SWAP] TRADER 0x976EA74026E726554dB657fA54763abd0C3a0aa9 | 84.28 USDC | prot: HIGH | premio: 0.4832 MEVI | stima: 82.8829 MEVI | ricevuti: 70.0303 MEVI | ATTACCO: SI | perdita: 6.5982 MEVI | rimborso: 6.6082 MEVI
[14:06:44][  SWAP] TRADER 0x90F79bf6EB2c4f870365E785982E1f101E93b906 | 63.48 USDC | prot: HIGH | premio: 0.3714 MEVI | stima: 51.0469 MEVI | ricevuti: 49.9420 MEVI | ATTACCO: NO
[14:06:44][  SWAP] TRADER 0x3C44CdDdB6a900fa2b585dd299e03d12FA4293BC | 61.34 USDC | prot: HIGH | premio: 0.3588 MEVI | stima: 49.3449 MEVI | ricevuti: 49.3449 MEVI | ATTACCO: NO
[14:06:46][  SWAP] TRADER 0xBcd4042DE499D14e55001CcbB24a551F3b954096 | 63.81 USDC | prot: NESSUNA | stima: 49.0870 MEVI | ricevuti: 47.4091 MEVI | ATTACCO: NO
[14:06:46][  SWAP] TRADER 0xa0Ee7A142d267C1f36714E4a8F75612F20a79720 | 106.35 USDC | prot: NESSUNA | stima: 81.2090 MEVI | ricevuti: 74.3492 MEVI | ATTACCO: NO
[14:06:46][  SWAP] TRADER 0x23618e81E3f5cdF7f54C3d65f7FBc0aBf5B21E8f | 94.32 USDC | prot: NESSUNA | stima: 72.1732 MEVI | ricevuti: 68.2076 MEVI | ATTACCO: SI | perdita: 3.9656 MEVI | rimborso: NON ASSICURATO
[14:06:56][  SWAP] TRADER 0x15d34AAf54267DB7D7c367839AAf71A00a2C6A65 | 75.91 USDC | prot: HIGH | premio: 0.4441 MEVI | stima: 53.3711 MEVI | ricevuti: 53.3711 MEVI | ATTACCO: NO
[14:06:57][  SWAP] TRADER 0x71bE63f3384f5fb98995898A86B02Fb2426c5788 | 114.10 USDC | prot: NESSUNA | stima: 79.7146 MEVI | ricevuti: 111.5543 MEVI | ATTACCO: NO
[14:06:59][  SWAP] TRADER 0x9965507D1a55bcC2695C58ba16FB37d819B0A4dc | 144.15 USDC | prot: HIGH | premio: 0.8433 MEVI | stima: 100.2101 MEVI | ricevuti: 134.0122 MEVI | ATTACCO: NO
[14:06:59][  SWAP] TRADER 0x14dC79964da2C08b23698B3D3cc7Ca32193d9955 | 122.24 USDC | prot: NESSUNA | stima: 119.3228 MEVI | ricevuti: 108.0165 MEVI | ATTACCO: NO
[14:07:05][ATTACK] INSURED ATTACK | victim=0x3C44CdDdB6a900 | swap=93.6900 USDC | loss_sandwich=4.3120 MEVI (5.55%)
[14:07:08][  POOL] POOL UPDATE | mevi=38.3640 MEVI | eth=4.586000 ETH
[14:07:11][  SWAP] TRADER 0x976EA74026E726554dB657fA54763abd0C3a0aa9 | 64.86 USDC | prot: HIGH | premio: 0.3794 MEVI | stima: 55.3438 MEVI | ricevuti: 55.3438 MEVI | ATTACCO: NO
[14:07:12][  SWAP] TRADER 0xa0Ee7A142d267C1f36714E4a8F75612F20a79720 | 119.94 USDC | prot: NESSUNA | stima: 101.3178 MEVI | ricevuti: 86.7365 MEVI | ATTACCO: NO
[14:07:12][  SWAP] TRADER 0x23618e81E3f5cdF7f54C3d65f7FBc0aBf5B21E8f | 53.66 USDC | prot: NESSUNA | stima: 45.8815 MEVI | ricevuti: 39.9733 MEVI | ATTACCO: NO
[14:07:12][  SWAP] TRADER 0x90F79bf6EB2c4f870365E785982E1f101E93b906 | 59.13 USDC | prot: HIGH | premio: 0.3459 MEVI | stima: 50.5077 MEVI | ricevuti: 47.5646 MEVI | ATTACCO: NO
[14:07:12][  SWAP] TRADER 0xBcd4042DE499D14e55001CcbB24a551F3b954096 | 68.15 USDC | prot: NESSUNA | stima: 58.1160 MEVI | ricevuti: 51.8527 MEVI | ATTACCO: NO
[14:07:23][  SWAP] TRADER 0x71bE63f3384f5fb98995898A86B02Fb2426c5788 | 132.28 USDC | prot: NESSUNA | stima: 95.2524 MEVI | ricevuti: 95.2524 MEVI | ATTACCO: NO
[14:07:23][  SWAP] TRADER 0x3C44CdDdB6a900fa2b585dd299e03d12FA4293BC | 93.69 USDC | prot: HIGH | premio: 0.5481 MEVI | stima: 79.5229 MEVI | ricevuti: 73.3437 MEVI | ATTACCO: SI | perdita: 4.3120 MEVI | rimborso: 4.3220 MEVI
[14:07:24][  SWAP] TRADER 0x15d34AAf54267DB7D7c367839AAf71A00a2C6A65 | 59.54 USDC | prot: HIGH | premio: 0.3483 MEVI | stima: 43.4035 MEVI | ricevuti: 41.5071 MEVI | ATTACCO: NO
[14:07:24][  SWAP] TRADER 0x14dC79964da2C08b23698B3D3cc7Ca32193d9955 | 106.66 USDC | prot: NESSUNA | stima: 77.1355 MEVI | ricevuti: 72.3383 MEVI | ATTACCO: NO
[14:07:28][  SWAP] TRADER 0x9965507D1a55bcC2695C58ba16FB37d819B0A4dc | 134.49 USDC | prot: HIGH | premio: 0.7868 MEVI | stima: 92.6038 MEVI | ricevuti: 130.9672 MEVI | ATTACCO: NO
[14:07:31][ATTACK] NAKED ATTACK | victim=0xa0Ee7A142d267C | swap=110.0800 USDC | loss_sandwich=3.5016 MEVI (3.64%)
[14:07:37][  SWAP] TRADER 0x23618e81E3f5cdF7f54C3d65f7FBc0aBf5B21E8f | 88.43 USDC | prot: NESSUNA | stima: 82.4383 MEVI | ricevuti: 80.2683 MEVI | ATTACCO: NO
[14:07:37][  SWAP] TRADER 0xBcd4042DE499D14e55001CcbB24a551F3b954096 | 69.53 USDC | prot: NESSUNA | stima: 65.0543 MEVI | ricevuti: 65.0543 MEVI | ATTACCO: NO
[14:07:39][  SWAP] TRADER 0x976EA74026E726554dB657fA54763abd0C3a0aa9 | 91.76 USDC | prot: HIGH | premio: 0.5368 MEVI | stima: 85.4882 MEVI | ricevuti: 74.5223 MEVI | ATTACCO: NO
[14:07:39][  SWAP] TRADER 0xa0Ee7A142d267C1f36714E4a8F75612F20a79720 | 110.08 USDC | prot: NESSUNA | stima: 102.1977 MEVI | ricevuti: 92.7470 MEVI | ATTACCO: SI | perdita: 3.5016 MEVI | rimborso: NON ASSICURATO
[14:07:40][  SWAP] TRADER 0x90F79bf6EB2c4f870365E785982E1f101E93b906 | 93.56 USDC | prot: HIGH | premio: 0.5473 MEVI | stima: 87.1351 MEVI | ricevuti: 76.3647 MEVI | ATTACCO: NO
[14:07:48][  SWAP] TRADER 0x71bE63f3384f5fb98995898A86B02Fb2426c5788 | 145.04 USDC | prot: NESSUNA | stima: 113.4507 MEVI | ricevuti: 113.4507 MEVI | ATTACCO: NO
[14:07:49][  SWAP] TRADER 0x14dC79964da2C08b23698B3D3cc7Ca32193d9955 | 113.05 USDC | prot: NESSUNA | stima: 88.9248 MEVI | ricevuti: 84.5197 MEVI | ATTACCO: NO
[14:07:52][  SWAP] TRADER 0x15d34AAf54267DB7D7c367839AAf71A00a2C6A65 | 96.05 USDC | prot: HIGH | premio: 0.5619 MEVI | stima: 75.7789 MEVI | ricevuti: 67.7191 MEVI | ATTACCO: NO
[14:07:52][  SWAP] TRADER 0x3C44CdDdB6a900fa2b585dd299e03d12FA4293BC | 67.47 USDC | prot: HIGH | premio: 0.3947 MEVI | stima: 53.4999 MEVI | ricevuti: 48.9011 MEVI | ATTACCO: NO
[14:07:55][  SWAP] TRADER 0x9965507D1a55bcC2695C58ba16FB37d819B0A4dc | 136.31 USDC | prot: HIGH | premio: 0.7974 MEVI | stima: 97.6570 MEVI | ricevuti: 92.4666 MEVI | ATTACCO: NO
[14:08:00][ATTACK] INSURED ATTACK | victim=0x976EA74026E726 | swap=90.4100 USDC | loss_sandwich=2.8893 MEVI (3.64%)
[14:08:03][  SWAP] TRADER 0x23618e81E3f5cdF7f54C3d65f7FBc0aBf5B21E8f | 53.42 USDC | prot: NESSUNA | stima: 52.8553 MEVI | ricevuti: 52.8553 MEVI | ATTACCO: NO
[14:08:04][  SWAP] TRADER 0xBcd4042DE499D14e55001CcbB24a551F3b954096 | 99.40 USDC | prot: NESSUNA | stima: 97.4624 MEVI | ricevuti: 95.4324 MEVI | ATTACCO: NO
[14:08:04][  SWAP] TRADER 0xa0Ee7A142d267C1f36714E4a8F75612F20a79720 | 140.97 USDC | prot: NESSUNA | stima: 137.1045 MEVI | ricevuti: 129.1978 MEVI | ATTACCO: NO
[14:08:07][ATTACK] NAKED ATTACK | victim=0x71bE63f3384f5f | swap=110.0700 USDC | loss_sandwich=7.1706 MEVI (7.94%)
[14:08:09][  SWAP] TRADER 0x90F79bf6EB2c4f870365E785982E1f101E93b906 | 82.44 USDC | prot: HIGH | premio: 0.4823 MEVI | stima: 79.4108 MEVI | ricevuti: 70.0826 MEVI | ATTACCO: NO
[14:08:15][  SWAP] TRADER 0x71bE63f3384f5fb98995898A86B02Fb2426c5788 | 110.07 USDC | prot: NESSUNA | stima: 90.3395 MEVI | ricevuti: 83.1689 MEVI | ATTACCO: SI | perdita: 7.1706 MEVI | rimborso: NON ASSICURATO
[14:08:15][  SWAP] TRADER 0x14dC79964da2C08b23698B3D3cc7Ca32193d9955 | 132.99 USDC | prot: NESSUNA | stima: 108.7041 MEVI | ricevuti: 104.8768 MEVI | ATTACCO: NO
[14:08:17][  SWAP] TRADER 0x15d34AAf54267DB7D7c367839AAf71A00a2C6A65 | 51.41 USDC | prot: HIGH | premio: 0.3007 MEVI | stima: 39.2103 MEVI | ricevuti: 39.2103 MEVI | ATTACCO: NO
[14:08:17][  SWAP] TRADER 0x3C44CdDdB6a900fa2b585dd299e03d12FA4293BC | 51.34 USDC | prot: HIGH | premio: 0.3003 MEVI | stima: 39.1574 MEVI | ricevuti: 38.4635 MEVI | ATTACCO: NO
[14:08:18][  SWAP] TRADER 0x976EA74026E726554dB657fA54763abd0C3a0aa9 | 90.41 USDC | prot: HIGH | premio: 0.5289 MEVI | stima: 88.8042 MEVI | ricevuti: 76.4098 MEVI | ATTACCO: SI | perdita: 2.8893 MEVI | rimborso: 2.8993 MEVI
[14:08:22][  SWAP] TRADER 0x9965507D1a55bcC2695C58ba16FB37d819B0A4dc | 144.81 USDC | prot: HIGH | premio: 0.8471 MEVI | stima: 104.9122 MEVI | ricevuti: 104.9122 MEVI | ATTACCO: NO
[14:08:28][  SWAP] TRADER 0x23618e81E3f5cdF7f54C3d65f7FBc0aBf5B21E8f | 94.07 USDC | prot: NESSUNA | stima: 65.4572 MEVI | ricevuti: 65.4572 MEVI | ATTACCO: NO
[14:08:30][  SWAP] TRADER 0xa0Ee7A142d267C1f36714E4a8F75612F20a79720 | 125.78 USDC | prot: NESSUNA | stima: 87.0651 MEVI | ricevuti: 122.6935 MEVI | ATTACCO: NO
[14:08:30][  SWAP] TRADER 0xBcd4042DE499D14e55001CcbB24a551F3b954096 | 63.10 USDC | prot: NESSUNA | stima: 44.1334 MEVI | ricevuti: 59.3111 MEVI | ATTACCO: NO
[14:08:33][  SWAP] TRADER 0x90F79bf6EB2c4f870365E785982E1f101E93b906 | 74.58 USDC | prot: HIGH | premio: 0.4363 MEVI | stima: 68.2680 MEVI | ricevuti: 68.2680 MEVI | ATTACCO: NO
[14:08:40][  SWAP] TRADER 0x71bE63f3384f5fb98995898A86B02Fb2426c5788 | 102.38 USDC | prot: NESSUNA | stima: 90.6246 MEVI | ricevuti: 90.6246 MEVI | ATTACCO: NO
[14:08:42][  SWAP] TRADER 0x14dC79964da2C08b23698B3D3cc7Ca32193d9955 | 119.39 USDC | prot: NESSUNA | stima: 105.3475 MEVI | ricevuti: 101.4087 MEVI | ATTACCO: NO
[14:08:45][  SWAP] TRADER 0x15d34AAf54267DB7D7c367839AAf71A00a2C6A65 | 84.15 USDC | prot: HIGH | premio: 0.5021 MEVI | stima: 74.7417 MEVI | ricevuti: 67.4547 MEVI | ATTACCO: NO
[14:08:45][  SWAP] TRADER 0x3C44CdDdB6a900fa2b585dd299e03d12FA4293BC | 57.44 USDC | prot: HIGH | premio: 0.3427 MEVI | stima: 51.2741 MEVI | ricevuti: 47.2325 MEVI | ATTACCO: NO
[14:08:46][  SWAP] TRADER 0x976EA74026E726554dB657fA54763abd0C3a0aa9 | 90.07 USDC | prot: HIGH | premio: 0.5374 MEVI | stima: 76.9157 MEVI | ricevuti: 69.9999 MEVI | ATTACCO: NO
[14:08:48][ATTACK] NAKED ATTACK | victim=0x23618e81E3f5cd | swap=95.2300 USDC | loss_sandwich=2.2607 MEVI (3.31%)
[14:08:51][  SWAP] TRADER 0x9965507D1a55bcC2695C58ba16FB37d819B0A4dc | 135.81 USDC | prot: HIGH | premio: 0.8104 MEVI | stima: 110.1185 MEVI | ricevuti: 101.4742 MEVI | ATTACCO: NO
[14:08:53][ATTACK] INSURED ATTACK | victim=0x90F79bf6EB2c4f | swap=62.3000 USDC | loss_sandwich=2.3751 MEVI (3.86%)
[14:08:56][  SWAP] TRADER 0x23618e81E3f5cdF7f54C3d65f7FBc0aBf5B21E8f | 95.23 USDC | prot: NESSUNA | stima: 68.3899 MEVI | ricevuti: 66.1292 MEVI | ATTACCO: SI | perdita: 2.2607 MEVI | rimborso: NON ASSICURATO
[14:08:56][  SWAP] TRADER 0xBcd4042DE499D14e55001CcbB24a551F3b954096 | 73.57 USDC | prot: NESSUNA | stima: 53.0277 MEVI | ricevuti: 49.6794 MEVI | ATTACCO: NO
[14:08:56][  SWAP] TRADER 0xa0Ee7A142d267C1f36714E4a8F75612F20a79720 | 102.00 USDC | prot: NESSUNA | stima: 73.1685 MEVI | ricevuti: 66.9341 MEVI | ATTACCO: NO
[14:09:06][  SWAP] TRADER 0x71bE63f3384f5fb98995898A86B02Fb2426c5788 | 116.51 USDC | prot: NESSUNA | stima: 111.1649 MEVI | ricevuti: 111.1649 MEVI | ATTACCO: NO
[14:09:08][  SWAP] TRADER 0x14dC79964da2C08b23698B3D3cc7Ca32193d9955 | 143.20 USDC | prot: NESSUNA | stima: 135.9298 MEVI | ricevuti: 129.9613 MEVI | ATTACCO: NO
[14:09:08][  POOL] POOL UPDATE | mevi=42.5249 MEVI | eth=4.550000 ETH
[14:09:11][  SWAP] TRADER 0x90F79bf6EB2c4f870365E785982E1f101E93b906 | 62.30 USDC | prot: HIGH | premio: 0.3717 MEVI | stima: 41.2271 MEVI | ricevuti: 59.1582 MEVI | ATTACCO: SI | perdita: 2.3751 MEVI | rimborso: 2.3851 MEVI
[14:09:14][  SWAP] TRADER 0x15d34AAf54267DB7D7c367839AAf71A00a2C6A65 | 75.94 USDC | prot: HIGH | premio: 0.4442 MEVI | stima: 66.1207 MEVI | ricevuti: 66.1207 MEVI | ATTACCO: NO
[14:09:14][  SWAP] TRADER 0x3C44CdDdB6a900fa2b585dd299e03d12FA4293BC | 88.55 USDC | prot: HIGH | premio: 0.5180 MEVI | stima: 76.9205 MEVI | ricevuti: 74.7881 MEVI | ATTACCO: NO
[14:09:15][  SWAP] TRADER 0x9965507D1a55bcC2695C58ba16FB37d819B0A4dc | 103.69 USDC | prot: HIGH | premio: 0.6066 MEVI | stima: 84.5628 MEVI | ricevuti: 82.6125 MEVI | ATTACCO: NO
[14:09:15][  SWAP] TRADER 0x976EA74026E726554dB657fA54763abd0C3a0aa9 | 64.97 USDC | prot: HIGH | premio: 0.3801 MEVI | stima: 56.6844 MEVI | ricevuti: 53.3549 MEVI | ATTACCO: NO
[14:09:21][  SWAP] TRADER 0x23618e81E3f5cdF7f54C3d65f7FBc0aBf5B21E8f | 96.13 USDC | prot: NESSUNA | stima: 73.9276 MEVI | ricevuti: 69.0861 MEVI | ATTACCO: NO
[14:09:21][  SWAP] TRADER 0xBcd4042DE499D14e55001CcbB24a551F3b954096 | 93.56 USDC | prot: NESSUNA | stima: 71.9833 MEVI | ricevuti: 71.9833 MEVI | ATTACCO: NO
[14:09:21][  SWAP] TRADER 0xa0Ee7A142d267C1f36714E4a8F75612F20a79720 | 102.83 USDC | prot: NESSUNA | stima: 78.9881 MEVI | ricevuti: 76.4596 MEVI | ATTACCO: NO
[14:09:26][ATTACK] NAKED ATTACK | victim=0x14dC79964da2C0 | swap=129.1700 USDC | loss_sandwich=4.5177 MEVI (3.75%)
[14:09:32][  SWAP] TRADER 0x71bE63f3384f5fb98995898A86B02Fb2426c5788 | 115.10 USDC | prot: NESSUNA | stima: 112.5100 MEVI | ricevuti: 112.5100 MEVI | ATTACCO: NO
[14:09:33][  SWAP] TRADER 0x14dC79964da2C08b23698B3D3cc7Ca32193d9955 | 129.17 USDC | prot: NESSUNA | stima: 125.9171 MEVI | ricevuti: 115.8646 MEVI | ATTACCO: SI | perdita: 4.5177 MEVI | rimborso: NON ASSICURATO
[14:09:34][  SWAP] TRADER 0x90F79bf6EB2c4f870365E785982E1f101E93b906 | 89.32 USDC | prot: HIGH | premio: 0.5225 MEVI | stima: 79.9523 MEVI | ricevuti: 79.9523 MEVI | ATTACCO: NO
[14:09:36][ATTACK] INSURED ATTACK | victim=0x976EA74026E726 | swap=70.3800 USDC | loss_sandwich=1.8951 MEVI (3.44%)
[14:09:42][  SWAP] TRADER 0x9965507D1a55bcC2695C58ba16FB37d819B0A4dc | 121.93 USDC | prot: HIGH | premio: 0.6990 MEVI | stima: 104.9129 MEVI | ricevuti: 104.9129 MEVI | ATTACCO: NO
[14:09:42][  SWAP] TRADER 0x3C44CdDdB6a900fa2b585dd299e03d12FA4293BC | 71.65 USDC | prot: HIGH | premio: 0.4108 MEVI | stima: 62.2241 MEVI | ricevuti: 59.4895 MEVI | ATTACCO: NO
[14:09:42][  SWAP] TRADER 0x15d34AAf54267DB7D7c367839AAf71A00a2C6A65 | 97.15 USDC | prot: HIGH | premio: 0.5570 MEVI | stima: 83.9730 MEVI | ricevuti: 78.2390 MEVI | ATTACCO: NO
[14:09:45][  SWAP] TRADER 0x23618e81E3f5cdF7f54C3d65f7FBc0aBf5B21E8f | 82.51 USDC | prot: NESSUNA | stima: 62.8164 MEVI | ricevuti: 62.8164 MEVI | ATTACCO: NO
[14:09:47][  SWAP] TRADER 0xa0Ee7A142d267C1f36714E4a8F75612F20a79720 | 114.46 USDC | prot: NESSUNA | stima: 86.6608 MEVI | ricevuti: 82.2589 MEVI | ATTACCO: NO
[14:09:47][  SWAP] TRADER 0xBcd4042DE499D14e55001CcbB24a551F3b954096 | 69.23 USDC | prot: NESSUNA | stima: 52.8277 MEVI | ricevuti: 51.3369 MEVI | ATTACCO: NO
[14:09:55][  SWAP] TRADER 0x976EA74026E726554dB657fA54763abd0C3a0aa9 | 70.38 USDC | prot: HIGH | premio: 0.4035 MEVI | stima: 61.1355 MEVI | ricevuti: 53.1163 MEVI | ATTACCO: SI | perdita: 1.8951 MEVI | rimborso: 1.9051 MEVI
[14:09:57][  SWAP] TRADER 0x71bE63f3384f5fb98995898A86B02Fb2426c5788 | 143.45 USDC | prot: NESSUNA | stima: 98.7336 MEVI | ricevuti: 98.7336 MEVI | ATTACCO: NO
[14:09:59][  SWAP] TRADER 0x14dC79964da2C08b23698B3D3cc7Ca32193d9955 | 122.61 USDC | prot: NESSUNA | stima: 84.6792 MEVI | ricevuti: 80.7810 MEVI | ATTACCO: NO
[14:09:59][  SWAP] TRADER 0x90F79bf6EB2c4f870365E785982E1f101E93b906 | 97.30 USDC | prot: HIGH | premio: 0.5578 MEVI | stima: 67.4801 MEVI | ricevuti: 61.8746 MEVI | ATTACCO: NO
[14:10:05][ATTACK] NAKED ATTACK | victim=0xBcd4042DE499D1 | swap=77.4700 USDC | loss_sandwich=4.7549 MEVI (7.18%)
[14:10:11][  SWAP] TRADER 0x9965507D1a55bcC2695C58ba16FB37d819B0A4dc | 141.01 USDC | prot: HIGH | premio: 0.8084 MEVI | stima: 137.1423 MEVI | ricevuti: 133.9089 MEVI | ATTACCO: NO
[14:10:11][  SWAP] TRADER 0x3C44CdDdB6a900fa2b585dd299e03d12FA4293BC | 85.57 USDC | prot: HIGH | premio: 0.4906 MEVI | stima: 84.1302 MEVI | ricevuti: 77.7786 MEVI | ATTACCO: NO
[14:10:11][  SWAP] TRADER 0x15d34AAf54267DB7D7c367839AAf71A00a2C6A65 | 82.99 USDC | prot: HIGH | premio: 0.4758 MEVI | stima: 81.6350 MEVI | ricevuti: 73.0659 MEVI | ATTACCO: NO
[14:10:11][  SWAP] TRADER 0x23618e81E3f5cdF7f54C3d65f7FBc0aBf5B21E8f | 60.84 USDC | prot: NESSUNA | stima: 60.1086 MEVI | ricevuti: 60.1086 MEVI | ATTACCO: NO
[14:10:13][  SWAP] TRADER 0xBcd4042DE499D14e55001CcbB24a551F3b954096 | 77.47 USDC | prot: NESSUNA | stima: 76.2880 MEVI | ricevuti: 61.4422 MEVI | ATTACCO: SI | perdita: 4.7549 MEVI | rimborso: NON ASSICURATO
[14:10:13][  SWAP] TRADER 0xa0Ee7A142d267C1f36714E4a8F75612F20a79720 | 105.39 USDC | prot: NESSUNA | stima: 103.2144 MEVI | ricevuti: 86.3798 MEVI | ATTACCO: NO
[14:10:23][  SWAP] TRADER 0x14dC79964da2C08b23698B3D3cc7Ca32193d9955 | 144.68 USDC | prot: NESSUNA | stima: 114.5406 MEVI | ricevuti: 106.5502 MEVI | ATTACCO: NO
[14:10:23][  SWAP] TRADER 0x71bE63f3384f5fb98995898A86B02Fb2426c5788 | 115.42 USDC | prot: NESSUNA | stima: 91.8481 MEVI | ricevuti: 91.8481 MEVI | ATTACCO: NO
[14:10:23][  SWAP] TRADER 0x976EA74026E726554dB657fA54763abd0C3a0aa9 | 91.46 USDC | prot: HIGH | premio: 0.5243 MEVI | stima: 73.0906 MEVI | ricevuti: 70.1648 MEVI | ATTACCO: NO
[14:10:28][  SWAP] TRADER 0x90F79bf6EB2c4f870365E785982E1f101E93b906 | 62.66 USDC | prot: HIGH | premio: 0.3592 MEVI | stima: 50.3320 MEVI | ricevuti: 44.5414 MEVI | ATTACCO: NO
[14:10:35][  SWAP] TRADER 0x23618e81E3f5cdF7f54C3d65f7FBc0aBf5B21E8f | 84.62 USDC | prot: NESSUNA | stima: 83.2117 MEVI | ricevuti: 83.2117 MEVI | ATTACCO: NO
[14:10:38][  SWAP] TRADER 0xBcd4042DE499D14e55001CcbB24a551F3b954096 | 76.51 USDC | prot: NESSUNA | stima: 72.8878 MEVI | ricevuti: 72.8878 MEVI | ATTACCO: NO
[14:10:38][  SWAP] TRADER 0xa0Ee7A142d267C1f36714E4a8F75612F20a79720 | 119.09 USDC | prot: NESSUNA | stima: 112.5236 MEVI | ricevuti: 109.2493 MEVI | ATTACCO: NO
[14:10:40][  SWAP] TRADER 0x9965507D1a55bcC2695C58ba16FB37d819B0A4dc | 136.14 USDC | prot: HIGH | premio: 0.7964 MEVI | stima: 132.5314 MEVI | ricevuti: 119.0053 MEVI | ATTACCO: NO
[14:10:41][ATTACK] NAKED ATTACK | victim=0x71bE63f3384f5f | swap=147.5400 USDC | loss_sandwich=4.3405 MEVI (3.55%)
[14:10:49][  SWAP] TRADER 0x71bE63f3384f5fb98995898A86B02Fb2426c5788 | 147.54 USDC | prot: NESSUNA | stima: 122.3948 MEVI | ricevuti: 118.0542 MEVI | ATTACCO: SI | perdita: 4.3406 MEVI | rimborso: NON ASSICURATO
[14:10:49][ATTACK] INSURED ATTACK | victim=0x90F79bf6EB2c4f | swap=86.0000 USDC | loss_sandwich=2.1378 MEVI (3.36%)
[14:10:49][  SWAP] TRADER 0x14dC79964da2C08b23698B3D3cc7Ca32193d9955 | 148.55 USDC | prot: NESSUNA | stima: 123.2103 MEVI | ricevuti: 112.8075 MEVI | ATTACCO: NO
[14:10:51][  SWAP] TRADER 0x976EA74026E726554dB657fA54763abd0C3a0aa9 | 64.00 USDC | prot: HIGH | premio: 0.3744 MEVI | stima: 53.9018 MEVI | ricevuti: 48.6546 MEVI | ATTACCO: NO
[14:10:59][  SWAP] TRADER 0x23618e81E3f5cdF7f54C3d65f7FBc0aBf5B21E8f | 68.58 USDC | prot: NESSUNA | stima: 49.5062 MEVI | ricevuti: 67.6521 MEVI | ATTACCO: NO
[14:11:04][  SWAP] TRADER 0xBcd4042DE499D14e55001CcbB24a551F3b954096 | 56.35 USDC | prot: NESSUNA | stima: 54.2325 MEVI | ricevuti: 54.2325 MEVI | ATTACCO: NO
[14:11:04][  SWAP] TRADER 0xa0Ee7A142d267C1f36714E4a8F75612F20a79720 | 110.65 USDC | prot: NESSUNA | stima: 105.3756 MEVI | ricevuti: 103.0953 MEVI | ATTACCO: NO
[14:11:07][  SWAP] TRADER 0x90F79bf6EB2c4f870365E785982E1f101E93b906 | 86.00 USDC | prot: HIGH | premio: 0.4930 MEVI | stima: 63.7039 MEVI | ricevuti: 61.5661 MEVI | ATTACCO: SI | perdita: 2.1378 MEVI | rimborso: 2.1478 MEVI
[14:11:08][  POOL] POOL UPDATE | mevi=44.7145 MEVI | eth=4.496000 ETH
[14:11:09][  SWAP] TRADER 0x9965507D1a55bcC2695C58ba16FB37d819B0A4dc | 107.66 USDC | prot: HIGH | premio: 0.6172 MEVI | stima: 102.5873 MEVI | ricevuti: 96.2110 MEVI | ATTACCO: NO
[14:11:12][  SWAP] TRADER 0x71bE63f3384f5fb98995898A86B02Fb2426c5788 | 126.86 USDC | prot: NESSUNA | stima: 108.5088 MEVI | ricevuti: 108.5088 MEVI | ATTACCO: NO
[14:11:12][  SWAP] TRADER 0x14dC79964da2C08b23698B3D3cc7Ca32193d9955 | 105.94 USDC | prot: NESSUNA | stima: 90.9629 MEVI | ricevuti: 86.8318 MEVI | ATTACCO: NO
[14:11:17][  SWAP] TRADER 0x976EA74026E726554dB657fA54763abd0C3a0aa9 | 95.60 USDC | prot: HIGH | premio: 0.5481 MEVI | stima: 75.5724 MEVI | ricevuti: 75.5724 MEVI | ATTACCO: NO
[14:11:25][  SWAP] TRADER 0x23618e81E3f5cdF7f54C3d65f7FBc0aBf5B21E8f | 82.14 USDC | prot: NESSUNA | stima: 62.9264 MEVI | ricevuti: 62.9264 MEVI | ATTACCO: NO
[14:11:26][  SWAP] TRADER 0x15d34AAf54267DB7D7c367839AAf71A00a2C6A65 | 65.67 USDC | prot: HIGH | premio: 0.3765 MEVI | stima: 50.4534 MEVI | ricevuti: 47.4109 MEVI | ATTACCO: NO
[14:11:26][  SWAP] TRADER 0x3C44CdDdB6a900fa2b585dd299e03d12FA4293BC | 98.04 USDC | prot: HIGH | premio: 0.5621 MEVI | stima: 74.9002 MEVI | ricevuti: 72.7946 MEVI | ATTACCO: NO
[14:11:28][ATTACK] INSURED ATTACK | victim=0x9965507D1a55bc | swap=142.3800 USDC | loss_sandwich=4.6526 MEVI (3.67%)
[14:11:29][  SWAP] TRADER 0xBcd4042DE499D14e55001CcbB24a551F3b954096 | 74.46 USDC | prot: NESSUNA | stima: 52.4998 MEVI | ricevuti: 52.4998 MEVI | ATTACCO: NO
[14:11:31][  SWAP] TRADER 0xa0Ee7A142d267C1f36714E4a8F75612F20a79720 | 125.90 USDC | prot: NESSUNA | stima: 88.0132 MEVI | ricevuti: 85.8616 MEVI | ATTACCO: NO
[14:11:35][  SWAP] TRADER 0x71bE63f3384f5fb98995898A86B02Fb2426c5788 | 142.75 USDC | prot: NESSUNA | stima: 134.2170 MEVI | ricevuti: 134.2170 MEVI | ATTACCO: NO
[14:11:35][  SWAP] TRADER 0x90F79bf6EB2c4f870365E785982E1f101E93b906 | 85.61 USDC | prot: HIGH | premio: 0.4908 MEVI | stima: 58.7715 MEVI | ricevuti: 84.1689 MEVI | ATTACCO: NO
[14:11:35][  SWAP] TRADER 0x14dC79964da2C08b23698B3D3cc7Ca32193d9955 | 103.99 USDC | prot: NESSUNA | stima: 95.8672 MEVI | ricevuti: 85.2436 MEVI | ATTACCO: NO
[14:11:45][  SWAP] TRADER 0x9965507D1a55bcC2695C58ba16FB37d819B0A4dc | 142.38 USDC | prot: HIGH | premio: 0.8163 MEVI | stima: 138.4378 MEVI | ricevuti: 122.1095 MEVI | ATTACCO: SI | perdita: 4.6526 MEVI | rimborso: 4.6626 MEVI
[14:11:47][ATTACK] NAKED ATTACK | victim=0xBcd4042DE499D1 | swap=66.2100 USDC | loss_sandwich=1.6923 MEVI (3.39%)
[14:11:48][  SWAP] TRADER 0x976EA74026E726554dB657fA54763abd0C3a0aa9 | 59.18 USDC | prot: HIGH | premio: 0.3324 MEVI | stima: 48.9813 MEVI | ricevuti: 48.9813 MEVI | ATTACCO: NO
[14:11:49][  SWAP] TRADER 0x15d34AAf54267DB7D7c367839AAf71A00a2C6A65 | 51.30 USDC | prot: HIGH | premio: 0.2881 MEVI | stima: 41.1163 MEVI | ricevuti: 40.6159 MEVI | ATTACCO: NO
[14:11:49][  SWAP] TRADER 0x3C44CdDdB6a900fa2b585dd299e03d12FA4293BC | 77.38 USDC | prot: HIGH | premio: 0.4346 MEVI | stima: 60.9826 MEVI | ricevuti: 59.8867 MEVI | ATTACCO: NO
[14:11:50][  SWAP] TRADER 0x23618e81E3f5cdF7f54C3d65f7FBc0aBf5B21E8f | 68.07 USDC | prot: NESSUNA | stima: 55.0576 MEVI | ricevuti: 55.0576 MEVI | ATTACCO: NO
[14:11:54][  SWAP] TRADER 0xBcd4042DE499D14e55001CcbB24a551F3b954096 | 66.21 USDC | prot: NESSUNA | stima: 49.9708 MEVI | ricevuti: 48.2785 MEVI | ATTACCO: SI | perdita: 1.6923 MEVI | rimborso: NON ASSICURATO
[14:11:56][  SWAP] TRADER 0xa0Ee7A142d267C1f36714E4a8F75612F20a79720 | 108.38 USDC | prot: NESSUNA | stima: 81.2062 MEVI | ricevuti: 79.4104 MEVI | ATTACCO: NO
[14:12:01][  SWAP] TRADER 0x71bE63f3384f5fb98995898A86B02Fb2426c5788 | 113.70 USDC | prot: NESSUNA | stima: 80.2296 MEVI | ricevuti: 80.2296 MEVI | ATTACCO: NO
[14:12:01][  SWAP] TRADER 0x14dC79964da2C08b23698B3D3cc7Ca32193d9955 | 124.42 USDC | prot: NESSUNA | stima: 87.6376 MEVI | ricevuti: 84.3857 MEVI | ATTACCO: NO
[14:12:05][  SWAP] TRADER 0x90F79bf6EB2c4f870365E785982E1f101E93b906 | 81.97 USDC | prot: HIGH | premio: 0.4603 MEVI | stima: 58.1472 MEVI | ricevuti: 80.6479 MEVI | ATTACCO: NO
[14:12:14][  SWAP] TRADER 0x9965507D1a55bcC2695C58ba16FB37d819B0A4dc | 142.31 USDC | prot: HIGH | premio: 0.7992 MEVI | stima: 134.0037 MEVI | ricevuti: 134.0037 MEVI | ATTACCO: NO
[14:12:16][  SWAP] TRADER 0x976EA74026E726554dB657fA54763abd0C3a0aa9 | 72.15 USDC | prot: HIGH | premio: 0.4052 MEVI | stima: 68.8636 MEVI | ricevuti: 63.2650 MEVI | ATTACCO: NO
[14:12:16][  SWAP] TRADER 0x23618e81E3f5cdF7f54C3d65f7FBc0aBf5B21E8f | 79.34 USDC | prot: NESSUNA | stima: 75.6206 MEVI | ricevuti: 71.5869 MEVI | ATTACCO: NO
[14:12:17][  SWAP] TRADER 0x3C44CdDdB6a900fa2b585dd299e03d12FA4293BC | 67.91 USDC | prot: HIGH | premio: 0.3814 MEVI | stima: 64.8701 MEVI | ricevuti: 58.0150 MEVI | ATTACCO: NO
[14:12:17][  SWAP] TRADER 0x15d34AAf54267DB7D7c367839AAf71A00a2C6A65 | 83.02 USDC | prot: HIGH | premio: 0.4662 MEVI | stima: 79.0717 MEVI | ricevuti: 68.9865 MEVI | ATTACCO: NO
[14:12:19][ATTACK] NAKED ATTACK | victim=0x71bE63f3384f5f | swap=102.9500 USDC | loss_sandwich=2.6184 MEVI (3.38%)
[14:12:20][  SWAP] TRADER 0xBcd4042DE499D14e55001CcbB24a551F3b954096 | 76.41 USDC | prot: NESSUNA | stima: 61.6872 MEVI | ricevuti: 61.6872 MEVI | ATTACCO: NO
[14:12:22][  SWAP] TRADER 0xa0Ee7A142d267C1f36714E4a8F75612F20a79720 | 110.64 USDC | prot: NESSUNA | stima: 88.7794 MEVI | ricevuti: 86.3976 MEVI | ATTACCO: NO
[14:12:26][  SWAP] TRADER 0x71bE63f3384f5fb98995898A86B02Fb2426c5788 | 102.95 USDC | prot: NESSUNA | stima: 77.4406 MEVI | ricevuti: 74.8222 MEVI | ATTACCO: SI | perdita: 2.6184 MEVI | rimborso: NON ASSICURATO
[14:12:26][  SWAP] TRADER 0x14dC79964da2C08b23698B3D3cc7Ca32193d9955 | 136.25 USDC | prot: NESSUNA | stima: 101.9059 MEVI | ricevuti: 95.1108 MEVI | ATTACCO: NO
[14:12:26][ATTACK] INSURED ATTACK | victim=0x90F79bf6EB2c4f | swap=51.5800 USDC | loss_sandwich=1.9726 MEVI (3.86%)
[14:12:41][  SWAP] TRADER 0x23618e81E3f5cdF7f54C3d65f7FBc0aBf5B21E8f | 73.84 USDC | prot: NESSUNA | stima: 71.3260 MEVI | ricevuti: 71.3260 MEVI | ATTACCO: NO
[14:12:43][  SWAP] TRADER 0x9965507D1a55bcC2695C58ba16FB37d819B0A4dc | 105.41 USDC | prot: HIGH | premio: 0.6043 MEVI | stima: 101.1977 MEVI | ricevuti: 98.3313 MEVI | ATTACCO: NO
[14:12:44][  SWAP] TRADER 0x976EA74026E726554dB657fA54763abd0C3a0aa9 | 56.41 USDC | prot: HIGH | premio: 0.3234 MEVI | stima: 54.6754 MEVI | ricevuti: 51.0110 MEVI | ATTACCO: NO
[14:12:45][  SWAP] TRADER 0x90F79bf6EB2c4f870365E785982E1f101E93b906 | 51.58 USDC | prot: HIGH | premio: 0.2897 MEVI | stima: 36.1631 MEVI | ricevuti: 49.0807 MEVI | ATTACCO: SI | perdita: 1.9726 MEVI | rimborso: 1.9826 MEVI
[14:12:46][  SWAP] TRADER 0x3C44CdDdB6a900fa2b585dd299e03d12FA4293BC | 81.67 USDC | prot: HIGH | premio: 0.4682 MEVI | stima: 78.7691 MEVI | ricevuti: 70.4399 MEVI | ATTACCO: NO
[14:12:46][  SWAP] TRADER 0x15d34AAf54267DB7D7c367839AAf71A00a2C6A65 | 53.65 USDC | prot: HIGH | premio: 0.3076 MEVI | stima: 52.0284 MEVI | ricevuti: 45.1299 MEVI | ATTACCO: NO
[14:12:46][  SWAP] TRADER 0xBcd4042DE499D14e55001CcbB24a551F3b954096 | 56.93 USDC | prot: NESSUNA | stima: 51.4762 MEVI | ricevuti: 50.3892 MEVI | ATTACCO: NO
[14:12:47][  SWAP] TRADER 0xa0Ee7A142d267C1f36714E4a8F75612F20a79720 | 133.31 USDC | prot: NESSUNA | stima: 116.3308 MEVI | ricevuti: 108.4031 MEVI | ATTACCO: NO
[14:12:49][  SWAP] TRADER 0x71bE63f3384f5fb98995898A86B02Fb2426c5788 | 119.71 USDC | prot: NESSUNA | stima: 93.0467 MEVI | ricevuti: 93.0467 MEVI | ATTACCO: NO
[14:12:49][  SWAP] TRADER 0x14dC79964da2C08b23698B3D3cc7Ca32193d9955 | 148.89 USDC | prot: NESSUNA | stima: 115.1412 MEVI | ricevuti: 110.4413 MEVI | ATTACCO: NO
[14:13:06][ATTACK] NAKED ATTACK | victim=0xa0Ee7A142d267C | swap=120.3400 USDC | loss_sandwich=6.6841 MEVI (6.31%)
[14:13:07][ATTACK] INSURED ATTACK | victim=0x15d34AAf54267D | swap=78.8000 USDC | loss_sandwich=2.2370 MEVI (3.51%)
[14:13:07][  SWAP] TRADER 0x23618e81E3f5cdF7f54C3d65f7FBc0aBf5B21E8f | 57.73 USDC | prot: NESSUNA | stima: 57.0711 MEVI | ricevuti: 57.0711 MEVI | ATTACCO: NO
[14:13:08][  POOL] POOL UPDATE | mevi=48.4822 MEVI | eth=4.460000 ETH
[14:13:12][  SWAP] TRADER 0xBcd4042DE499D14e55001CcbB24a551F3b954096 | 70.45 USDC | prot: NESSUNA | stima: 67.9051 MEVI | ricevuti: 64.3076 MEVI | ATTACCO: NO
[14:13:12][  SWAP] TRADER 0x9965507D1a55bcC2695C58ba16FB37d819B0A4dc | 140.51 USDC | prot: HIGH | premio: 0.8055 MEVI | stima: 136.6693 MEVI | ricevuti: 133.6089 MEVI | ATTACCO: NO
[14:13:13][  SWAP] TRADER 0x90F79bf6EB2c4f870365E785982E1f101E93b906 | 59.63 USDC | prot: HIGH | premio: 0.3419 MEVI | stima: 57.5974 MEVI | ricevuti: 47.6180 MEVI | ATTACCO: NO
[14:13:13][  SWAP] TRADER 0x976EA74026E726554dB657fA54763abd0C3a0aa9 | 76.45 USDC | prot: HIGH | premio: 0.4383 MEVI | stima: 73.6022 MEVI | ricevuti: 65.3793 MEVI | ATTACCO: NO
[14:13:13][  SWAP] TRADER 0xa0Ee7A142d267C1f36714E4a8F75612F20a79720 | 120.34 USDC | prot: NESSUNA | stima: 114.8752 MEVI | ricevuti: 99.2746 MEVI | ATTACCO: SI | perdita: 6.6841 MEVI | rimborso: NON ASSICURATO
[14:13:15][  SWAP] TRADER 0x71bE63f3384f5fb98995898A86B02Fb2426c5788 | 101.19 USDC | prot: NESSUNA | stima: 89.4150 MEVI | ricevuti: 76.6294 MEVI | ATTACCO: NO
[14:13:15][  SWAP] TRADER 0x14dC79964da2C08b23698B3D3cc7Ca32193d9955 | 135.41 USDC | prot: NESSUNA | stima: 118.8953 MEVI | ricevuti: 98.4536 MEVI | ATTACCO: NO
[14:13:15][  SWAP] TRADER 0x3C44CdDdB6a900fa2b585dd299e03d12FA4293BC | 99.30 USDC | prot: HIGH | premio: 0.5693 MEVI | stima: 95.1774 MEVI | ricevuti: 69.3891 MEVI | ATTACCO: NO
[14:13:25][  SWAP] TRADER 0x15d34AAf54267DB7D7c367839AAf71A00a2C6A65 | 78.80 USDC | prot: HIGH | premio: 0.4518 MEVI | stima: 75.8299 MEVI | ricevuti: 61.5862 MEVI | ATTACCO: SI | perdita: 2.2370 MEVI | rimborso: 2.2470 MEVI
[14:13:30][  SWAP] TRADER 0x23618e81E3f5cdF7f54C3d65f7FBc0aBf5B21E8f | 80.08 USDC | prot: NESSUNA | stima: 56.4154 MEVI | ricevuti: 56.4154 MEVI | ATTACCO: NO
[14:13:37][  SWAP] TRADER 0xBcd4042DE499D14e55001CcbB24a551F3b954096 | 67.17 USDC | prot: NESSUNA | stima: 66.2796 MEVI | ricevuti: 66.2796 MEVI | ATTACCO: NO
[14:13:37][  SWAP] TRADER 0x9965507D1a55bcC2695C58ba16FB37d819B0A4dc | 114.32 USDC | prot: HIGH | premio: 0.6554 MEVI | stima: 111.7646 MEVI | ricevuti: 108.8534 MEVI | ATTACCO: NO
[14:13:37][  SWAP] TRADER 0x90F79bf6EB2c4f870365E785982E1f101E93b906 | 64.44 USDC | prot: HIGH | premio: 0.3694 MEVI | stima: 63.6201 MEVI | ricevuti: 59.2677 MEVI | ATTACCO: NO
[14:13:39][  SWAP] TRADER 0xa0Ee7A142d267C1f36714E4a8F75612F20a79720 | 113.30 USDC | prot: NESSUNA | stima: 110.7895 MEVI | ricevuti: 100.7500 MEVI | ATTACCO: NO
[14:13:40][  SWAP] TRADER 0x71bE63f3384f5fb98995898A86B02Fb2426c5788 | 121.39 USDC | prot: NESSUNA | stima: 107.7812 MEVI | ricevuti: 103.3215 MEVI | ATTACCO: NO
[14:13:40][  SWAP] TRADER 0x976EA74026E726554dB657fA54763abd0C3a0aa9 | 74.27 USDC | prot: HIGH | premio: 0.4258 MEVI | stima: 73.1829 MEVI | ricevuti: 57.9153 MEVI | ATTACCO: NO
[14:13:40][  SWAP] TRADER 0x14dC79964da2C08b23698B3D3cc7Ca32193d9955 | 144.50 USDC | prot: NESSUNA | stima: 127.7503 MEVI | ricevuti: 117.1781 MEVI | ATTACCO: NO
[14:13:43][  SWAP] TRADER 0x3C44CdDdB6a900fa2b585dd299e03d12FA4293BC | 99.10 USDC | prot: HIGH | premio: 0.5681 MEVI | stima: 88.3570 MEVI | ricevuti: 74.9670 MEVI | ATTACCO: NO
[14:13:54][  SWAP] TRADER 0x15d34AAf54267DB7D7c367839AAf71A00a2C6A65 | 68.35 USDC | prot: HIGH | premio: 0.3919 MEVI | stima: 50.2296 MEVI | ricevuti: 50.2296 MEVI | ATTACCO: NO
[14:13:55][  SWAP] TRADER 0x23618e81E3f5cdF7f54C3d65f7FBc0aBf5B21E8f | 85.50 USDC | prot: NESSUNA | stima: 62.6497 MEVI | ricevuti: 61.2088 MEVI | ATTACCO: NO
[14:13:57][ATTACK] NAKED ATTACK | victim=0xBcd4042DE499D1 | swap=79.8000 USDC | loss_sandwich=4.0561 MEVI (7.30%)
[14:14:04][  SWAP] TRADER 0xBcd4042DE499D14e55001CcbB24a551F3b954096 | 79.80 USDC | prot: NESSUNA | stima: 55.5628 MEVI | ricevuti: 51.5067 MEVI | ATTACCO: SI | perdita: 4.0561 MEVI | rimborso: NON ASSICURATO
[14:14:04][ATTACK] INSURED ATTACK | victim=0x3C44CdDdB6a900 | swap=73.2600 USDC | loss_sandwich=2.1676 MEVI (3.55%)
[14:14:04][  SWAP] TRADER 0xa0Ee7A142d267C1f36714E4a8F75612F20a79720 | 131.46 USDC | prot: NESSUNA | stima: 90.7551 MEVI | ricevuti: 87.8122 MEVI | ATTACCO: NO
[14:14:06][  SWAP] TRADER 0x71bE63f3384f5fb98995898A86B02Fb2426c5788 | 102.76 USDC | prot: NESSUNA | stima: 71.2779 MEVI | ricevuti: 95.3483 MEVI | ATTACCO: NO
[14:14:06][  SWAP] TRADER 0x14dC79964da2C08b23698B3D3cc7Ca32193d9955 | 104.05 USDC | prot: NESSUNA | stima: 72.1573 MEVI | ricevuti: 92.8107 MEVI | ATTACCO: NO
[14:14:06][  SWAP] TRADER 0x9965507D1a55bcC2695C58ba16FB37d819B0A4dc | 117.99 USDC | prot: HIGH | premio: 0.6764 MEVI | stima: 81.6367 MEVI | ricevuti: 118.4218 MEVI | ATTACCO: NO
[14:14:06][  SWAP] TRADER 0x90F79bf6EB2c4f870365E785982E1f101E93b906 | 89.35 USDC | prot: HIGH | premio: 0.5122 MEVI | stima: 62.1138 MEVI | ricevuti: 86.0592 MEVI | ATTACCO: NO
[14:14:06][  SWAP] TRADER 0x976EA74026E726554dB657fA54763abd0C3a0aa9 | 96.10 USDC | prot: HIGH | premio: 0.5509 MEVI | stima: 66.7317 MEVI | ricevuti: 82.5670 MEVI | ATTACCO: NO
[14:14:22][  SWAP] TRADER 0x3C44CdDdB6a900fa2b585dd299e03d12FA4293BC | 73.26 USDC | prot: HIGH | premio: 0.4200 MEVI | stima: 61.0107 MEVI | ricevuti: 58.8431 MEVI | ATTACCO: SI | perdita: 2.1676 MEVI | rimborso: 2.1776 MEVI
[14:14:23][  SWAP] TRADER 0x23618e81E3f5cdF7f54C3d65f7FBc0aBf5B21E8f | 68.88 USDC | prot: NESSUNA | stima: 55.9359 MEVI | ricevuti: 55.9359 MEVI | ATTACCO: NO
[14:14:23][  SWAP] TRADER 0x15d34AAf54267DB7D7c367839AAf71A00a2C6A65 | 59.60 USDC | prot: HIGH | premio: 0.3417 MEVI | stima: 48.4804 MEVI | ricevuti: 47.2978 MEVI | ATTACCO: NO
[14:14:27][  SWAP] TRADER 0xBcd4042DE499D14e55001CcbB24a551F3b954096 | 60.54 USDC | prot: NESSUNA | stima: 47.0317 MEVI | ricevuti: 47.0317 MEVI | ATTACCO: NO
[14:14:28][  SWAP] TRADER 0xa0Ee7A142d267C1f36714E4a8F75612F20a79720 | 132.07 USDC | prot: NESSUNA | stima: 99.2145 MEVI | ricevuti: 99.2145 MEVI | ATTACCO: NO
[14:14:30][  SWAP] TRADER 0x71bE63f3384f5fb98995898A86B02Fb2426c5788 | 147.22 USDC | prot: NESSUNA | stima: 105.4324 MEVI | ricevuti: 100.6213 MEVI | ATTACCO: NO
[14:14:30][  SWAP] TRADER 0x14dC79964da2C08b23698B3D3cc7Ca32193d9955 | 139.59 USDC | prot: NESSUNA | stima: 100.0958 MEVI | ricevuti: 100.0958 MEVI | ATTACCO: NO
[14:14:33][  SWAP] TRADER 0x90F79bf6EB2c4f870365E785982E1f101E93b906 | 51.06 USDC | prot: HIGH | premio: 0.2927 MEVI | stima: 37.1643 MEVI | ricevuti: 33.7773 MEVI | ATTACCO: NO
[14:14:34][  SWAP] TRADER 0x976EA74026E726554dB657fA54763abd0C3a0aa9 | 90.25 USDC | prot: HIGH | premio: 0.5174 MEVI | stima: 65.2544 MEVI | ricevuti: 58.3554 MEVI | ATTACCO: NO
[14:14:34][  SWAP] TRADER 0x9965507D1a55bcC2695C58ba16FB37d819B0A4dc | 109.01 USDC | prot: HIGH | premio: 0.6250 MEVI | stima: 78.5699 MEVI | ricevuti: 68.2815 MEVI | ATTACCO: NO
[14:14:45][ATTACK] NAKED ATTACK | victim=0xBcd4042DE499D1 | swap=58.5900 USDC | loss_sandwich=1.9177 MEVI (3.67%)
[14:14:48][  SWAP] TRADER 0x23618e81E3f5cdF7f54C3d65f7FBc0aBf5B21E8f | 72.82 USDC | prot: NESSUNA | stima: 71.7747 MEVI | ricevuti: 71.7747 MEVI | ATTACCO: NO
[14:14:51][  SWAP] TRADER 0x3C44CdDdB6a900fa2b585dd299e03d12FA4293BC | 96.07 USDC | prot: HIGH | premio: 0.5395 MEVI | stima: 94.2589 MEVI | ricevuti: 91.5970 MEVI | ATTACCO: NO
[14:14:51][  SWAP] TRADER 0x15d34AAf54267DB7D7c367839AAf71A00a2C6A65 | 97.97 USDC | prot: HIGH | premio: 0.5502 MEVI | stima: 96.0873 MEVI | ricevuti: 89.9672 MEVI | ATTACCO: NO
[14:14:52][  SWAP] TRADER 0xBcd4042DE499D14e55001CcbB24a551F3b954096 | 58.59 USDC | prot: NESSUNA | stima: 56.2701 MEVI | ricevuti: 50.3046 MEVI | ATTACCO: SI | perdita: 1.9177 MEVI | rimborso: NON ASSICURATO
[14:14:53][  SWAP] TRADER 0xa0Ee7A142d267C1f36714E4a8F75612F20a79720 | 133.52 USDC | prot: NESSUNA | stima: 117.3573 MEVI | ricevuti: 114.8704 MEVI | ATTACCO: NO
[14:14:53][  SWAP] TRADER 0x14dC79964da2C08b23698B3D3cc7Ca32193d9955 | 135.96 USDC | prot: NESSUNA | stima: 111.3346 MEVI | ricevuti: 111.3346 MEVI | ATTACCO: NO
[14:14:54][ATTACK] INSURED ATTACK | victim=0x90F79bf6EB2c4f | swap=65.5000 USDC | loss_sandwich=1.7909 MEVI (3.46%)
[14:15:03][  SWAP] TRADER 0x976EA74026E726554dB657fA54763abd0C3a0aa9 | 72.60 USDC | prot: HIGH | premio: 0.4077 MEVI | stima: 57.2623 MEVI | ricevuti: 55.9781 MEVI | ATTACCO: NO
[14:15:03][  SWAP] TRADER 0x9965507D1a55bcC2695C58ba16FB37d819B0A4dc | 112.74 USDC | prot: HIGH | premio: 0.6331 MEVI | stima: 88.2967 MEVI | ricevuti: 84.1708 MEVI | ATTACCO: NO
[14:15:08][  POOL] POOL UPDATE | mevi=52.9030 MEVI | eth=4.424000 ETH
[14:15:12][  SWAP] TRADER 0x71bE63f3384f5fb98995898A86B02Fb2426c5788 | 118.43 USDC | prot: NESSUNA | stima: 115.6898 MEVI | ricevuti: 115.6898 MEVI | ATTACCO: NO
[14:15:12][  SWAP] TRADER 0x90F79bf6EB2c4f870365E785982E1f101E93b906 | 65.50 USDC | prot: HIGH | premio: 0.3678 MEVI | stima: 51.7271 MEVI | ricevuti: 49.9362 MEVI | ATTACCO: SI | perdita: 1.7909 MEVI | rimborso: 1.8009 MEVI
[14:15:13][  SWAP] TRADER 0x23618e81E3f5cdF7f54C3d65f7FBc0aBf5B21E8f | 70.84 USDC | prot: NESSUNA | stima: 69.8504 MEVI | ricevuti: 66.6769 MEVI | ATTACCO: NO
[14:15:16][  SWAP] TRADER 0x3C44CdDdB6a900fa2b585dd299e03d12FA4293BC | 82.83 USDC | prot: HIGH | premio: 0.4652 MEVI | stima: 75.6899 MEVI | ricevuti: 73.2818 MEVI | ATTACCO: NO
[14:15:16][  SWAP] TRADER 0x15d34AAf54267DB7D7c367839AAf71A00a2C6A65 | 91.70 USDC | prot: HIGH | premio: 0.5150 MEVI | stima: 83.6545 MEVI | ricevuti: 78.5308 MEVI | ATTACCO: NO
[14:15:16][  SWAP] TRADER 0xBcd4042DE499D14e55001CcbB24a551F3b954096 | 85.24 USDC | prot: NESSUNA | stima: 77.8565 MEVI | ricevuti: 77.8565 MEVI | ATTACCO: NO
[14:15:17][  SWAP] TRADER 0x14dC79964da2C08b23698B3D3cc7Ca32193d9955 | 143.91 USDC | prot: NESSUNA | stima: 118.0511 MEVI | ricevuti: 118.0511 MEVI | ATTACCO: NO
[14:15:17][  SWAP] TRADER 0xa0Ee7A142d267C1f36714E4a8F75612F20a79720 | 105.34 USDC | prot: NESSUNA | stima: 87.0117 MEVI | ricevuti: 82.6319 MEVI | ATTACCO: NO
[14:15:31][ATTACK] NAKED ATTACK | victim=0x23618e81E3f5cd | swap=56.6000 USDC | loss_sandwich=1.9916 MEVI (3.76%)
[14:15:32][  SWAP] TRADER 0x976EA74026E726554dB657fA54763abd0C3a0aa9 | 52.97 USDC | prot: HIGH | premio: 0.2975 MEVI | stima: 40.4075 MEVI | ricevuti: 40.4075 MEVI | ATTACCO: NO
[14:15:32][  SWAP] TRADER 0x9965507D1a55bcC2695C58ba16FB37d819B0A4dc | 145.06 USDC | prot: HIGH | premio: 0.8147 MEVI | stima: 108.9134 MEVI | ricevuti: 106.9409 MEVI | ATTACCO: NO
[14:15:38][  SWAP] TRADER 0x71bE63f3384f5fb98995898A86B02Fb2426c5788 | 140.45 USDC | prot: NESSUNA | stima: 98.6452 MEVI | ricevuti: 136.6126 MEVI | ATTACCO: NO
[14:15:38][  SWAP] TRADER 0x23618e81E3f5cdF7f54C3d65f7FBc0aBf5B21E8f | 56.60 USDC | prot: NESSUNA | stima: 55.9665 MEVI | ricevuti: 50.9746 MEVI | ATTACCO: SI | perdita: 1.9916 MEVI | rimborso: NON ASSICURATO
[14:15:38][  SWAP] TRADER 0x90F79bf6EB2c4f870365E785982E1f101E93b906 | 73.71 USDC | prot: HIGH | premio: 0.4140 MEVI | stima: 52.3491 MEVI | ricevuti: 67.3018 MEVI | ATTACCO: NO
[14:15:41][  SWAP] TRADER 0xBcd4042DE499D14e55001CcbB24a551F3b954096 | 86.43 USDC | prot: NESSUNA | stima: 76.5565 MEVI | ricevuti: 76.5565 MEVI | ATTACCO: NO
[14:15:41][  SWAP] TRADER 0x14dC79964da2C08b23698B3D3cc7Ca32193d9955 | 129.29 USDC | prot: NESSUNA | stima: 113.6112 MEVI | ricevuti: 110.0166 MEVI | ATTACCO: NO
[14:15:41][  SWAP] TRADER 0xa0Ee7A142d267C1f36714E4a8F75612F20a79720 | 109.60 USDC | prot: NESSUNA | stima: 96.6615 MEVI | ricevuti: 89.2797 MEVI | ATTACCO: NO
[14:15:42][  SWAP] TRADER 0x3C44CdDdB6a900fa2b585dd299e03d12FA4293BC | 81.23 USDC | prot: HIGH | premio: 0.4467 MEVI | stima: 72.0204 MEVI | ricevuti: 63.9451 MEVI | ATTACCO: NO
[14:15:42][  SWAP] TRADER 0x15d34AAf54267DB7D7c367839AAf71A00a2C6A65 | 55.13 USDC | prot: HIGH | premio: 0.3032 MEVI | stima: 49.1192 MEVI | ricevuti: 42.3663 MEVI | ATTACCO: NO
[14:15:53][ATTACK] INSURED ATTACK | victim=0x976EA74026E726 | swap=92.4100 USDC | loss_sandwich=2.3354 MEVI (3.37%)
[14:15:59][ATTACK] NAKED ATTACK | victim=0x14dC79964da2C0 | swap=119.2700 USDC | loss_sandwich=4.9951 MEVI (6.51%)
[14:16:00][  SWAP] TRADER 0x9965507D1a55bcC2695C58ba16FB37d819B0A4dc | 118.45 USDC | prot: HIGH | premio: 0.6514 MEVI | stima: 88.3255 MEVI | ricevuti: 82.7352 MEVI | ATTACCO: NO
[14:16:03][  SWAP] TRADER 0x71bE63f3384f5fb98995898A86B02Fb2426c5788 | 133.07 USDC | prot: NESSUNA | stima: 92.3458 MEVI | ricevuti: 92.3458 MEVI | ATTACCO: NO
[14:16:03][  SWAP] TRADER 0x23618e81E3f5cdF7f54C3d65f7FBc0aBf5B21E8f | 50.80 USDC | prot: NESSUNA | stima: 35.7378 MEVI | ricevuti: 34.1942 MEVI | ATTACCO: NO
[14:16:03][  SWAP] TRADER 0x90F79bf6EB2c4f870365E785982E1f101E93b906 | 52.73 USDC | prot: HIGH | premio: 0.2900 MEVI | stima: 37.0836 MEVI | ricevuti: 34.8980 MEVI | ATTACCO: NO
[14:16:06][  SWAP] TRADER 0xBcd4042DE499D14e55001CcbB24a551F3b954096 | 94.31 USDC | prot: NESSUNA | stima: 60.9521 MEVI | ricevuti: 54.9236 MEVI | ATTACCO: NO
[14:16:06][  SWAP] TRADER 0xa0Ee7A142d267C1f36714E4a8F75612F20a79720 | 113.17 USDC | prot: NESSUNA | stima: 72.9218 MEVI | ricevuti: 70.6355 MEVI | ATTACCO: NO
[14:16:06][  SWAP] TRADER 0x14dC79964da2C08b23698B3D3cc7Ca32193d9955 | 119.27 USDC | prot: NESSUNA | stima: 76.7779 MEVI | ricevuti: 71.7828 MEVI | ATTACCO: SI | perdita: 4.9951 MEVI | rimborso: NON ASSICURATO
[14:16:11][  SWAP] TRADER 0x976EA74026E726554dB657fA54763abd0C3a0aa9 | 92.41 USDC | prot: HIGH | premio: 0.5082 MEVI | stima: 69.2161 MEVI | ricevuti: 66.8807 MEVI | ATTACCO: SI | perdita: 2.3354 MEVI | rimborso: 2.3454 MEVI
[14:16:11][  SWAP] TRADER 0x3C44CdDdB6a900fa2b585dd299e03d12FA4293BC | 50.93 USDC | prot: HIGH | premio: 0.2801 MEVI | stima: 33.1453 MEVI | ricevuti: 50.0340 MEVI | ATTACCO: NO
[14:16:11][  SWAP] TRADER 0x15d34AAf54267DB7D7c367839AAf71A00a2C6A65 | 82.29 USDC | prot: HIGH | premio: 0.4525 MEVI | stima: 53.2859 MEVI | ricevuti: 83.0237 MEVI | ATTACCO: NO
[14:16:29][  SWAP] TRADER 0x71bE63f3384f5fb98995898A86B02Fb2426c5788 | 118.46 USDC | prot: NESSUNA | stima: 112.5766 MEVI | ricevuti: 102.9748 MEVI | ATTACCO: NO
[14:16:29][  SWAP] TRADER 0x23618e81E3f5cdF7f54C3d65f7FBc0aBf5B21E8f | 88.88 USDC | prot: NESSUNA | stima: 84.9500 MEVI | ricevuti: 84.9500 MEVI | ATTACCO: NO
[14:16:29][  SWAP] TRADER 0x9965507D1a55bcC2695C58ba16FB37d819B0A4dc | 144.90 USDC | prot: HIGH | premio: 0.7968 MEVI | stima: 137.0053 MEVI | ricevuti: 132.3886 MEVI | ATTACCO: NO
[14:16:32][ATTACK] INSURED ATTACK | victim=0x3C44CdDdB6a900 | swap=85.3200 USDC | loss_sandwich=5.6550 MEVI (6.74%)
[14:16:32][  SWAP] TRADER 0xBcd4042DE499D14e55001CcbB24a551F3b954096 | 72.24 USDC | prot: NESSUNA | stima: 60.6172 MEVI | ricevuti: 58.6584 MEVI | ATTACCO: NO
[14:16:32][  SWAP] TRADER 0x90F79bf6EB2c4f870365E785982E1f101E93b906 | 90.39 USDC | prot: HIGH | premio: 0.4971 MEVI | stima: 86.3680 MEVI | ricevuti: 75.5974 MEVI | ATTACCO: NO
[14:16:32][  SWAP] TRADER 0x14dC79964da2C08b23698B3D3cc7Ca32193d9955 | 145.95 USDC | prot: NESSUNA | stima: 120.8468 MEVI | ricevuti: 113.9984 MEVI | ATTACCO: NO
[14:16:32][  SWAP] TRADER 0xa0Ee7A142d267C1f36714E4a8F75612F20a79720 | 140.79 USDC | prot: NESSUNA | stima: 116.6825 MEVI | ricevuti: 104.5978 MEVI | ATTACCO: NO
[14:16:39][  SWAP] TRADER 0x976EA74026E726554dB657fA54763abd0C3a0aa9 | 79.06 USDC | prot: HIGH | premio: 0.4348 MEVI | stima: 56.5664 MEVI | ricevuti: 74.8300 MEVI | ATTACCO: NO
[14:16:39][  SWAP] TRADER 0x15d34AAf54267DB7D7c367839AAf71A00a2C6A65 | 86.38 USDC | prot: HIGH | premio: 0.4750 MEVI | stima: 61.7279 MEVI | ricevuti: 76.6638 MEVI | ATTACCO: NO
[14:16:46][ATTACK] NAKED ATTACK | victim=0x23618e81E3f5cd | swap=62.5300 USDC | loss_sandwich=4.6798 MEVI (8.32%)
[14:16:50][  SWAP] TRADER 0x3C44CdDdB6a900fa2b585dd299e03d12FA4293BC | 85.32 USDC | prot: HIGH | premio: 0.4692 MEVI | stima: 60.9812 MEVI | ricevuti: 78.2335 MEVI | ATTACCO: SI | perdita: 5.6550 MEVI | rimborso: 5.6650 MEVI
[14:16:54][  SWAP] TRADER 0x71bE63f3384f5fb98995898A86B02Fb2426c5788 | 134.18 USDC | prot: NESSUNA | stima: 119.0361 MEVI | ricevuti: 114.6746 MEVI | ATTACCO: NO
[14:16:54][  SWAP] TRADER 0x23618e81E3f5cdF7f54C3d65f7FBc0aBf5B21E8f | 62.53 USDC | prot: NESSUNA | stima: 56.2220 MEVI | ricevuti: 51.5422 MEVI | ATTACCO: SI | perdita: 4.6798 MEVI | rimborso: NON ASSICURATO
[14:16:54][  SWAP] TRADER 0x9965507D1a55bcC2695C58ba16FB37d819B0A4dc | 146.31 USDC | prot: HIGH | premio: 0.8046 MEVI | stima: 129.5048 MEVI | ricevuti: 120.7033 MEVI | ATTACCO: NO
[14:16:55][  SWAP] TRADER 0xBcd4042DE499D14e55001CcbB24a551F3b954096 | 73.88 USDC | prot: NESSUNA | stima: 58.5755 MEVI | ricevuti: 58.5755 MEVI | ATTACCO: NO
[14:16:55][  SWAP] TRADER 0x14dC79964da2C08b23698B3D3cc7Ca32193d9955 | 102.01 USDC | prot: NESSUNA | stima: 80.4777 MEVI | ricevuti: 78.4061 MEVI | ATTACCO: NO
[14:16:55][  SWAP] TRADER 0xa0Ee7A142d267C1f36714E4a8F75612F20a79720 | 141.21 USDC | prot: NESSUNA | stima: 110.6399 MEVI | ricevuti: 104.0581 MEVI | ATTACCO: NO
[14:17:08][  POOL] POOL UPDATE | mevi=53.2801 MEVI | eth=4.370000 ETH
[14:17:08][  SWAP] TRADER 0x976EA74026E726554dB657fA54763abd0C3a0aa9 | 84.43 USDC | prot: HIGH | premio: 0.4742 MEVI | stima: 59.8692 MEVI | ricevuti: 59.8692 MEVI | ATTACCO: NO
[14:17:08][  SWAP] TRADER 0x15d34AAf54267DB7D7c367839AAf71A00a2C6A65 | 73.23 USDC | prot: HIGH | premio: 0.4113 MEVI | stima: 52.0247 MEVI | ricevuti: 50.5748 MEVI | ATTACCO: NO
[14:17:17][  SWAP] TRADER 0x3C44CdDdB6a900fa2b585dd299e03d12FA4293BC | 68.99 USDC | prot: HIGH | premio: 0.3874 MEVI | stima: 68.0510 MEVI | ricevuti: 68.0510 MEVI | ATTACCO: NO
[14:17:20][  SWAP] TRADER 0x71bE63f3384f5fb98995898A86B02Fb2426c5788 | 135.41 USDC | prot: NESSUNA | stima: 131.8395 MEVI | ricevuti: 128.3213 MEVI | ATTACCO: NO
[14:17:20][  SWAP] TRADER 0x23618e81E3f5cdF7f54C3d65f7FBc0aBf5B21E8f | 80.24 USDC | prot: NESSUNA | stima: 76.8541 MEVI | ricevuti: 72.9365 MEVI | ATTACCO: NO
[14:17:21][  SWAP] TRADER 0xa0Ee7A142d267C1f36714E4a8F75612F20a79720 | 120.99 USDC | prot: NESSUNA | stima: 114.9747 MEVI | ricevuti: 97.9779 MEVI | ATTACCO: NO
[14:17:21][  SWAP] TRADER 0x14dC79964da2C08b23698B3D3cc7Ca32193d9955 | 148.98 USDC | prot: NESSUNA | stima: 140.8137 MEVI | ricevuti: 126.7355 MEVI | ATTACCO: NO
[14:17:21][  SWAP] TRADER 0xBcd4042DE499D14e55001CcbB24a551F3b954096 | 62.45 USDC | prot: NESSUNA | stima: 60.0222 MEVI | ricevuti: 55.2509 MEVI | ATTACCO: NO
[14:17:23][  SWAP] TRADER 0x9965507D1a55bcC2695C58ba16FB37d819B0A4dc | 118.47 USDC | prot: HIGH | premio: 0.6653 MEVI | stima: 112.6347 MEVI | ricevuti: 91.9318 MEVI | ATTACCO: NO
[14:17:29][ATTACK] INSURED ATTACK | victim=0x976EA74026E726 | swap=78.2900 USDC | loss_sandwich=3.0647 MEVI (5.33%)
[14:17:30][  SWAP] TRADER 0x90F79bf6EB2c4f870365E785982E1f101E93b906 | 62.03 USDC | prot: HIGH | premio: 0.3484 MEVI | stima: 46.6362 MEVI | ricevuti: 46.6362 MEVI | ATTACCO: NO
[14:17:36][  SWAP] TRADER 0x15d34AAf54267DB7D7c367839AAf71A00a2C6A65 | 62.18 USDC | prot: HIGH | premio: 0.3492 MEVI | stima: 45.7580 MEVI | ricevuti: 44.2274 MEVI | ATTACCO: NO
[14:17:38][ATTACK] NAKED ATTACK | victim=0x71bE63f3384f5f | swap=147.0400 USDC | loss_sandwich=5.4697 MEVI (3.83%)
[14:17:45][  SWAP] TRADER 0x71bE63f3384f5fb98995898A86B02Fb2426c5788 | 147.04 USDC | prot: NESSUNA | stima: 142.8394 MEVI | ricevuti: 137.3697 MEVI | ATTACCO: SI | perdita: 5.4697 MEVI | rimborso: NON ASSICURATO
[14:17:45][  SWAP] TRADER 0x23618e81E3f5cdF7f54C3d65f7FBc0aBf5B21E8f | 50.33 USDC | prot: NESSUNA | stima: 49.8284 MEVI | ricevuti: 45.2681 MEVI | ATTACCO: NO
[14:17:45][  SWAP] TRADER 0x3C44CdDdB6a900fa2b585dd299e03d12FA4293BC | 90.78 USDC | prot: HIGH | premio: 0.5098 MEVI | stima: 89.1612 MEVI | ricevuti: 79.5115 MEVI | ATTACCO: NO
[14:17:47][  SWAP] TRADER 0xBcd4042DE499D14e55001CcbB24a551F3b954096 | 85.46 USDC | prot: NESSUNA | stima: 84.0239 MEVI | ricevuti: 75.4796 MEVI | ATTACCO: NO
[14:17:47][  SWAP] TRADER 0x9965507D1a55bcC2695C58ba16FB37d819B0A4dc | 126.59 USDC | prot: HIGH | premio: 0.7109 MEVI | stima: 110.9554 MEVI | ricevuti: 98.1944 MEVI | ATTACCO: NO
[14:17:47][  SWAP] TRADER 0xa0Ee7A142d267C1f36714E4a8F75612F20a79720 | 146.07 USDC | prot: NESSUNA | stima: 141.9238 MEVI | ricevuti: 123.5896 MEVI | ATTACCO: NO
[14:17:47][  SWAP] TRADER 0x14dC79964da2C08b23698B3D3cc7Ca32193d9955 | 104.88 USDC | prot: NESSUNA | stima: 102.7252 MEVI | ricevuti: 84.7722 MEVI | ATTACCO: NO
[14:17:47][  SWAP] TRADER 0x976EA74026E726554dB657fA54763abd0C3a0aa9 | 78.29 USDC | prot: HIGH | premio: 0.4397 MEVI | stima: 57.4553 MEVI | ricevuti: 54.3906 MEVI | ATTACCO: SI | perdita: 3.0647 MEVI | rimborso: 3.0747 MEVI
[14:17:57][  SWAP] TRADER 0x90F79bf6EB2c4f870365E785982E1f101E93b906 | 97.46 USDC | prot: HIGH | premio: 0.5473 MEVI | stima: 72.6974 MEVI | ricevuti: 72.6974 MEVI | ATTACCO: NO
[14:18:05][  SWAP] TRADER 0x15d34AAf54267DB7D7c367839AAf71A00a2C6A65 | 78.36 USDC | prot: HIGH | premio: 0.4401 MEVI | stima: 56.7133 MEVI | ricevuti: 56.7133 MEVI | ATTACCO: NO
[14:18:11][  SWAP] TRADER 0x23618e81E3f5cdF7f54C3d65f7FBc0aBf5B21E8f | 69.55 USDC | prot: NESSUNA | stima: 49.0933 MEVI | ricevuti: 65.5627 MEVI | ATTACCO: NO
[14:18:11][  SWAP] TRADER 0x71bE63f3384f5fb98995898A86B02Fb2426c5788 | 115.14 USDC | prot: NESSUNA | stima: 80.6596 MEVI | ricevuti: 112.5482 MEVI | ATTACCO: NO
[14:18:12][  SWAP] TRADER 0xBcd4042DE499D14e55001CcbB24a551F3b954096 | 78.74 USDC | prot: NESSUNA | stima: 77.5192 MEVI | ricevuti: 72.1346 MEVI | ATTACCO: NO
[14:18:16][  SWAP] TRADER 0x9965507D1a55bcC2695C58ba16FB37d819B0A4dc | 137.42 USDC | prot: HIGH | premio: 0.7718 MEVI | stima: 124.5040 MEVI | ricevuti: 120.8534 MEVI | ATTACCO: NO
[14:18:21][ATTACK] NAKED ATTACK | victim=0x14dC79964da2C0 | swap=146.0600 USDC | loss_sandwich=4.2030 MEVI (3.52%)
[14:18:26][  SWAP] TRADER 0x90F79bf6EB2c4f870365E785982E1f101E93b906 | 57.21 USDC | prot: HIGH | premio: 0.3213 MEVI | stima: 48.5190 MEVI | ricevuti: 48.5190 MEVI | ATTACCO: NO
[14:18:29][  SWAP] TRADER 0x14dC79964da2C08b23698B3D3cc7Ca32193d9955 | 146.06 USDC | prot: NESSUNA | stima: 119.3784 MEVI | ricevuti: 115.1753 MEVI | ATTACCO: SI | perdita: 4.2030 MEVI | rimborso: NON ASSICURATO
[14:18:30][  SWAP] TRADER 0x3C44CdDdB6a900fa2b585dd299e03d12FA4293BC | 61.39 USDC | prot: HIGH | premio: 0.3448 MEVI | stima: 52.0241 MEVI | ricevuti: 48.4111 MEVI | ATTACCO: NO
[14:18:31][  SWAP] TRADER 0x15d34AAf54267DB7D7c367839AAf71A00a2C6A65 | 59.84 USDC | prot: HIGH | premio: 0.3361 MEVI | stima: 49.6729 MEVI | ricevuti: 46.1889 MEVI | ATTACCO: NO
[14:18:36][  SWAP] TRADER 0x23618e81E3f5cdF7f54C3d65f7FBc0aBf5B21E8f | 91.24 USDC | prot: NESSUNA | stima: 68.5952 MEVI | ricevuti: 68.5952 MEVI | ATTACCO: NO
[14:18:38][  SWAP] TRADER 0x71bE63f3384f5fb98995898A86B02Fb2426c5788 | 125.89 USDC | prot: NESSUNA | stima: 94.0845 MEVI | ricevuti: 91.1847 MEVI | ATTACCO: NO
[14:18:38][  SWAP] TRADER 0xBcd4042DE499D14e55001CcbB24a551F3b954096 | 81.82 USDC | prot: NESSUNA | stima: 61.6130 MEVI | ricevuti: 57.2191 MEVI | ATTACCO: NO
[14:18:42][  SWAP] TRADER 0xa0Ee7A142d267C1f36714E4a8F75612F20a79720 | 149.32 USDC | prot: NESSUNA | stima: 144.9900 MEVI | ricevuti: 138.7673 MEVI | ATTACCO: NO
[14:18:42][  SWAP] TRADER 0x9965507D1a55bcC2695C58ba16FB37d819B0A4dc | 112.51 USDC | prot: HIGH | premio: 0.6319 MEVI | stima: 76.1883 MEVI | ricevuti: 110.0340 MEVI | ATTACCO: NO
[14:18:47][ATTACK] INSURED ATTACK | victim=0x90F79bf6EB2c4f | swap=71.9800 USDC | loss_sandwich=2.3538 MEVI (3.67%)
[14:18:55][  SWAP] TRADER 0x14dC79964da2C08b23698B3D3cc7Ca32193d9955 | 140.70 USDC | prot: NESSUNA | stima: 123.7371 MEVI | ricevuti: 116.1243 MEVI | ATTACCO: NO
[14:18:56][  SWAP] TRADER 0x976EA74026E726554dB657fA54763abd0C3a0aa9 | 69.92 USDC | prot: HIGH | premio: 0.3927 MEVI | stima: 57.7346 MEVI | ricevuti: 57.7346 MEVI | ATTACCO: NO
[14:18:56][ATTACK] NAKED ATTACK | victim=0xBcd4042DE499D1 | swap=66.7400 USDC | loss_sandwich=3.5216 MEVI (7.04%)
[14:18:58][  SWAP] TRADER 0x3C44CdDdB6a900fa2b585dd299e03d12FA4293BC | 84.30 USDC | prot: HIGH | premio: 0.4734 MEVI | stima: 74.9189 MEVI | ricevuti: 67.6989 MEVI | ATTACCO: NO
[14:18:59][  SWAP] TRADER 0x15d34AAf54267DB7D7c367839AAf71A00a2C6A65 | 54.29 USDC | prot: HIGH | premio: 0.3049 MEVI | stima: 44.9554 MEVI | ricevuti: 42.5342 MEVI | ATTACCO: NO
[14:19:02][  SWAP] TRADER 0x23618e81E3f5cdF7f54C3d65f7FBc0aBf5B21E8f | 64.79 USDC | prot: NESSUNA | stima: 49.7077 MEVI | ricevuti: 49.7077 MEVI | ATTACCO: NO
[14:19:04][  SWAP] TRADER 0x71bE63f3384f5fb98995898A86B02Fb2426c5788 | 114.55 USDC | prot: NESSUNA | stima: 87.1289 MEVI | ricevuti: 82.3279 MEVI | ATTACCO: NO
[14:19:04][  SWAP] TRADER 0xBcd4042DE499D14e55001CcbB24a551F3b954096 | 66.74 USDC | prot: NESSUNA | stima: 51.1864 MEVI | ricevuti: 46.5225 MEVI | ATTACCO: SI | perdita: 3.5216 MEVI | rimborso: NON ASSICURATO
[14:19:05][  SWAP] TRADER 0x90F79bf6EB2c4f870365E785982E1f101E93b906 | 71.98 USDC | prot: HIGH | premio: 0.4042 MEVI | stima: 64.1176 MEVI | ricevuti: 61.7639 MEVI | ATTACCO: SI | perdita: 2.3538 MEVI | rimborso: 2.3638 MEVI
[14:19:08][  POOL] POOL UPDATE | mevi=56.4373 MEVI | eth=4.334000 ETH
[14:19:08][  SWAP] TRADER 0xa0Ee7A142d267C1f36714E4a8F75612F20a79720 | 124.79 USDC | prot: NESSUNA | stima: 87.2691 MEVI | ricevuti: 87.2691 MEVI | ATTACCO: NO
[14:19:09][  SWAP] TRADER 0x9965507D1a55bcC2695C58ba16FB37d819B0A4dc | 107.57 USDC | prot: HIGH | premio: 0.6041 MEVI | stima: 75.4417 MEVI | ricevuti: 72.3841 MEVI | ATTACCO: NO
[14:19:20][  SWAP] TRADER 0x14dC79964da2C08b23698B3D3cc7Ca32193d9955 | 112.98 USDC | prot: NESSUNA | stima: 110.4835 MEVI | ricevuti: 110.4835 MEVI | ATTACCO: NO
[14:19:20][ATTACK] INSURED ATTACK | victim=0x15d34AAf54267D | swap=79.7500 USDC | loss_sandwich=2.6547 MEVI (3.69%)
[14:19:25][  SWAP] TRADER 0x976EA74026E726554dB657fA54763abd0C3a0aa9 | 56.27 USDC | prot: HIGH | premio: 0.3160 MEVI | stima: 55.6438 MEVI | ricevuti: 53.2250 MEVI | ATTACCO: NO
[14:19:26][  SWAP] TRADER 0x3C44CdDdB6a900fa2b585dd299e03d12FA4293BC | 57.12 USDC | prot: HIGH | premio: 0.3208 MEVI | stima: 54.0201 MEVI | ricevuti: 52.8568 MEVI | ATTACCO: NO
[14:19:28][  SWAP] TRADER 0x23618e81E3f5cdF7f54C3d65f7FBc0aBf5B21E8f | 51.36 USDC | prot: NESSUNA | stima: 47.5791 MEVI | ricevuti: 43.5198 MEVI | ATTACCO: NO
[14:19:29][  SWAP] TRADER 0x71bE63f3384f5fb98995898A86B02Fb2426c5788 | 149.70 USDC | prot: NESSUNA | stima: 133.1977 MEVI | ricevuti: 127.0272 MEVI | ATTACCO: NO
[14:19:31][  SWAP] TRADER 0xBcd4042DE499D14e55001CcbB24a551F3b954096 | 64.11 USDC | prot: NESSUNA | stima: 55.2597 MEVI | ricevuti: 52.3110 MEVI | ATTACCO: NO
[14:19:34][  SWAP] TRADER 0xa0Ee7A142d267C1f36714E4a8F75612F20a79720 | 130.55 USDC | prot: NESSUNA | stima: 102.8841 MEVI | ricevuti: 102.8841 MEVI | ATTACCO: NO
[14:19:35][  SWAP] TRADER 0x90F79bf6EB2c4f870365E785982E1f101E93b906 | 79.38 USDC | prot: HIGH | premio: 0.4458 MEVI | stima: 64.5936 MEVI | ricevuti: 60.2848 MEVI | ATTACCO: NO
[14:19:37][  SWAP] TRADER 0x9965507D1a55bcC2695C58ba16FB37d819B0A4dc | 138.69 USDC | prot: HIGH | premio: 0.7789 MEVI | stima: 109.1432 MEVI | ricevuti: 101.4450 MEVI | ATTACCO: NO
[14:19:38][  SWAP] TRADER 0x15d34AAf54267DB7D7c367839AAf71A00a2C6A65 | 79.75 USDC | prot: HIGH | premio: 0.4479 MEVI | stima: 75.0932 MEVI | ricevuti: 69.2395 MEVI | ATTACCO: SI | perdita: 2.6547 MEVI | rimborso: 2.6647 MEVI
[14:19:38][ATTACK] NAKED ATTACK | victim=0x14dC79964da2C0 | swap=100.3300 USDC | loss_sandwich=3.7828 MEVI (3.85%)
[14:19:45][  SWAP] TRADER 0x14dC79964da2C08b23698B3D3cc7Ca32193d9955 | 100.33 USDC | prot: NESSUNA | stima: 98.3564 MEVI | ricevuti: 94.5736 MEVI | ATTACCO: SI | perdita: 3.7828 MEVI | rimborso: NON ASSICURATO
[14:19:53][  SWAP] TRADER 0x976EA74026E726554dB657fA54763abd0C3a0aa9 | 58.35 USDC | prot: HIGH | premio: 0.3277 MEVI | stima: 55.5057 MEVI | ricevuti: 55.5057 MEVI | ATTACCO: NO
[14:19:53][  SWAP] TRADER 0x23618e81E3f5cdF7f54C3d65f7FBc0aBf5B21E8f | 59.38 USDC | prot: NESSUNA | stima: 56.4742 MEVI | ricevuti: 55.2104 MEVI | ATTACCO: NO
[14:19:54][  SWAP] TRADER 0x3C44CdDdB6a900fa2b585dd299e03d12FA4293BC | 86.38 USDC | prot: HIGH | premio: 0.4851 MEVI | stima: 81.7251 MEVI | ricevuti: 78.1063 MEVI | ATTACCO: NO
[14:19:54][  SWAP] TRADER 0x71bE63f3384f5fb98995898A86B02Fb2426c5788 | 138.03 USDC | prot: NESSUNA | stima: 129.3034 MEVI | ricevuti: 119.6601 MEVI | ATTACCO: NO
[14:19:56][  SWAP] TRADER 0xBcd4042DE499D14e55001CcbB24a551F3b954096 | 99.42 USDC | prot: NESSUNA | stima: 89.6767 MEVI | ricevuti: 82.4937 MEVI | ATTACCO: NO
[14:19:59][  SWAP] TRADER 0xa0Ee7A142d267C1f36714E4a8F75612F20a79720 | 101.83 USDC | prot: NESSUNA | stima: 81.4789 MEVI | ricevuti: 81.4789 MEVI | ATTACCO: NO
[14:19:59][ATTACK] INSURED ATTACK | victim=0x15d34AAf54267D | swap=74.7300 USDC | loss_sandwich=1.7981 MEVI (3.32%)
[14:20:03][  SWAP] TRADER 0x90F79bf6EB2c4f870365E785982E1f101E93b906 | 77.43 USDC | prot: HIGH | premio: 0.4348 MEVI | stima: 62.2245 MEVI | ricevuti: 60.0131 MEVI | ATTACCO: NO
[14:20:05][  SWAP] TRADER 0x9965507D1a55bcC2695C58ba16FB37d819B0A4dc | 117.97 USDC | prot: HIGH | premio: 0.6625 MEVI | stima: 90.7905 MEVI | ricevuti: 88.3729 MEVI | ATTACCO: NO
[14:20:11][  SWAP] TRADER 0x14dC79964da2C08b23698B3D3cc7Ca32193d9955 | 136.76 USDC | prot: NESSUNA | stima: 95.6911 MEVI | ricevuti: 95.6911 MEVI | ATTACCO: NO
[14:20:13][ATTACK] NAKED ATTACK | victim=0x23618e81E3f5cd | swap=97.4700 USDC | loss_sandwich=7.3340 MEVI (7.67%)
[14:20:16][  SWAP] TRADER 0x15d34AAf54267DB7D7c367839AAf71A00a2C6A65 | 74.73 USDC | prot: HIGH | premio: 0.4197 MEVI | stima: 57.9478 MEVI | ricevuti: 52.3581 MEVI | ATTACCO: SI | perdita: 1.7981 MEVI | rimborso: 1.8081 MEVI
[14:20:20][  SWAP] TRADER 0x23618e81E3f5cdF7f54C3d65f7FBc0aBf5B21E8f | 97.47 USDC | prot: NESSUNA | stima: 95.6063 MEVI | ricevuti: 88.2723 MEVI | ATTACCO: SI | perdita: 7.3340 MEVI | rimborso: NON ASSICURATO
[14:20:20][  SWAP] TRADER 0x71bE63f3384f5fb98995898A86B02Fb2426c5788 | 105.53 USDC | prot: NESSUNA | stima: 103.3487 MEVI | ricevuti: 99.3758 MEVI | ATTACCO: NO
[14:20:20][  SWAP] TRADER 0x976EA74026E726554dB657fA54763abd0C3a0aa9 | 52.56 USDC | prot: HIGH | premio: 0.2952 MEVI | stima: 52.0132 MEVI | ricevuti: 48.1817 MEVI | ATTACCO: NO
[14:20:21][  SWAP] TRADER 0x3C44CdDdB6a900fa2b585dd299e03d12FA4293BC | 95.59 USDC | prot: HIGH | premio: 0.5368 MEVI | stima: 93.7968 MEVI | ricevuti: 82.8532 MEVI | ATTACCO: NO
[14:20:21][  SWAP] TRADER 0xBcd4042DE499D14e55001CcbB24a551F3b954096 | 74.42 USDC | prot: NESSUNA | stima: 73.3286 MEVI | ricevuti: 66.5933 MEVI | ATTACCO: NO
[14:20:23][  SWAP] TRADER 0xa0Ee7A142d267C1f36714E4a8F75612F20a79720 | 147.50 USDC | prot: NESSUNA | stima: 122.2630 MEVI | ricevuti: 122.2630 MEVI | ATTACCO: NO
[14:20:32][  SWAP] TRADER 0x90F79bf6EB2c4f870365E785982E1f101E93b906 | 53.54 USDC | prot: HIGH | premio: 0.3007 MEVI | stima: 42.7917 MEVI | ricevuti: 42.7917 MEVI | ATTACCO: NO
[14:20:33][  SWAP] TRADER 0x9965507D1a55bcC2695C58ba16FB37d819B0A4dc | 142.41 USDC | prot: HIGH | premio: 0.7998 MEVI | stima: 112.0489 MEVI | ricevuti: 109.9502 MEVI | ATTACCO: NO
[14:20:36][  SWAP] TRADER 0x14dC79964da2C08b23698B3D3cc7Ca32193d9955 | 109.51 USDC | prot: NESSUNA | stima: 80.9216 MEVI | ricevuti: 80.9216 MEVI | ATTACCO: NO
[14:20:44][  SWAP] TRADER 0x15d34AAf54267DB7D7c367839AAf71A00a2C6A65 | 92.87 USDC | prot: HIGH | premio: 0.5216 MEVI | stima: 66.2970 MEVI | ricevuti: 91.1765 MEVI | ATTACCO: NO
[14:20:45][  SWAP] TRADER 0x23618e81E3f5cdF7f54C3d65f7FBc0aBf5B21E8f | 67.93 USDC | prot: NESSUNA | stima: 67.0195 MEVI | ricevuti: 62.0956 MEVI | ATTACCO: NO
[14:20:45][  SWAP] TRADER 0x71bE63f3384f5fb98995898A86B02Fb2426c5788 | 102.90 USDC | prot: NESSUNA | stima: 100.8250 MEVI | ricevuti: 97.2171 MEVI | ATTACCO: NO
[14:20:47][  SWAP] TRADER 0xBcd4042DE499D14e55001CcbB24a551F3b954096 | 81.30 USDC | prot: NESSUNA | stima: 77.1307 MEVI | ricevuti: 72.2423 MEVI | ATTACCO: NO
[14:20:48][  SWAP] TRADER 0x976EA74026E726554dB657fA54763abd0C3a0aa9 | 68.79 USDC | prot: HIGH | premio: 0.3944 MEVI | stima: 67.8564 MEVI | ricevuti: 59.4314 MEVI | ATTACCO: NO
[14:20:48][  SWAP] TRADER 0xa0Ee7A142d267C1f36714E4a8F75612F20a79720 | 120.14 USDC | prot: NESSUNA | stima: 105.9850 MEVI | ricevuti: 100.2519 MEVI | ATTACCO: NO
[14:20:50][  SWAP] TRADER 0x3C44CdDdB6a900fa2b585dd299e03d12FA4293BC | 67.00 USDC | prot: HIGH | premio: 0.3841 MEVI | stima: 66.1141 MEVI | ricevuti: 54.0407 MEVI | ATTACCO: NO
[14:20:54][ATTACK] INSURED ATTACK | victim=0x9965507D1a55bc | swap=133.4900 USDC | loss_sandwich=7.6999 MEVI (7.67%)
[14:21:00][  SWAP] TRADER 0x90F79bf6EB2c4f870365E785982E1f101E93b906 | 96.97 USDC | prot: HIGH | premio: 0.5559 MEVI | stima: 75.9631 MEVI | ricevuti: 75.9631 MEVI | ATTACCO: NO
[14:21:02][  SWAP] TRADER 0x14dC79964da2C08b23698B3D3cc7Ca32193d9955 | 134.51 USDC | prot: NESSUNA | stima: 104.6810 MEVI | ricevuti: 97.7671 MEVI | ATTACCO: NO
[14:21:03][ATTACK] NAKED ATTACK | victim=0x71bE63f3384f5f | swap=144.0000 USDC | loss_sandwich=3.2054 MEVI (3.24%)
[14:21:08][  POOL] POOL UPDATE | mevi=62.3174 MEVI | eth=4.298000 ETH
[14:21:11][  SWAP] TRADER 0x71bE63f3384f5fb98995898A86B02Fb2426c5788 | 144.00 USDC | prot: NESSUNA | stima: 99.0346 MEVI | ricevuti: 95.8292 MEVI | ATTACCO: SI | perdita: 3.2054 MEVI | rimborso: NON ASSICURATO
[14:21:11][  SWAP] TRADER 0x23618e81E3f5cdF7f54C3d65f7FBc0aBf5B21E8f | 69.52 USDC | prot: NESSUNA | stima: 48.4025 MEVI | ricevuti: 44.6890 MEVI | ATTACCO: NO
[14:21:12][  SWAP] TRADER 0x9965507D1a55bcC2695C58ba16FB37d819B0A4dc | 133.49 USDC | prot: HIGH | premio: 0.7653 MEVI | stima: 103.9056 MEVI | ricevuti: 92.7390 MEVI | ATTACCO: SI | perdita: 7.6999 MEVI | rimborso: 7.7099 MEVI
[14:21:12][  SWAP] TRADER 0xBcd4042DE499D14e55001CcbB24a551F3b954096 | 94.89 USDC | prot: NESSUNA | stima: 65.7892 MEVI | ricevuti: 61.4684 MEVI | ATTACCO: NO
[14:21:12][  SWAP] TRADER 0x15d34AAf54267DB7D7c367839AAf71A00a2C6A65 | 63.50 USDC | prot: HIGH | premio: 0.3640 MEVI | stima: 44.2554 MEVI | ricevuti: 40.1040 MEVI | ATTACCO: NO
[14:21:13][  SWAP] TRADER 0x976EA74026E726554dB657fA54763abd0C3a0aa9 | 85.37 USDC | prot: HIGH | premio: 0.4894 MEVI | stima: 55.3857 MEVI | ricevuti: 80.2372 MEVI | ATTACCO: NO
[14:21:13][  SWAP] TRADER 0xa0Ee7A142d267C1f36714E4a8F75612F20a79720 | 114.94 USDC | prot: NESSUNA | stima: 74.2187 MEVI | ricevuti: 112.3571 MEVI | ATTACCO: NO
[14:21:15][  SWAP] TRADER 0x3C44CdDdB6a900fa2b585dd299e03d12FA4293BC | 54.56 USDC | prot: HIGH | premio: 0.3064 MEVI | stima: 51.5852 MEVI | ricevuti: 49.9141 MEVI | ATTACCO: NO
[14:21:27][  SWAP] TRADER 0x14dC79964da2C08b23698B3D3cc7Ca32193d9955 | 102.07 USDC | prot: NESSUNA | stima: 90.6482 MEVI | ricevuti: 90.6482 MEVI | ATTACCO: NO
[14:21:29][  SWAP] TRADER 0x90F79bf6EB2c4f870365E785982E1f101E93b906 | 59.59 USDC | prot: HIGH | premio: 0.3347 MEVI | stima: 53.3448 MEVI | ricevuti: 51.3423 MEVI | ATTACCO: NO
[14:21:30][ATTACK] NAKED ATTACK | victim=0xBcd4042DE499D1 | swap=68.1100 USDC | loss_sandwich=1.8669 MEVI (3.47%)
[14:21:32][ATTACK] INSURED ATTACK | victim=0x9965507D1a55bc | swap=140.7800 USDC | loss_sandwich=8.0727 MEVI (7.78%)
[14:21:36][  SWAP] TRADER 0x71bE63f3384f5fb98995898A86B02Fb2426c5788 | 113.31 USDC | prot: NESSUNA | stima: 94.5746 MEVI | ricevuti: 92.6061 MEVI | ATTACCO: NO
[14:21:36][  SWAP] TRADER 0x23618e81E3f5cdF7f54C3d65f7FBc0aBf5B21E8f | 57.86 USDC | prot: NESSUNA | stima: 48.7822 MEVI | ricevuti: 48.7822 MEVI | ATTACCO: NO
[14:21:38][  SWAP] TRADER 0xa0Ee7A142d267C1f36714E4a8F75612F20a79720 | 101.75 USDC | prot: NESSUNA | stima: 85.1039 MEVI | ricevuti: 75.4486 MEVI | ATTACCO: NO
[14:21:38][  SWAP] TRADER 0xBcd4042DE499D14e55001CcbB24a551F3b954096 | 68.11 USDC | prot: NESSUNA | stima: 57.3168 MEVI | ricevuti: 52.0125 MEVI | ATTACCO: SI | perdita: 1.8669 MEVI | rimborso: NON ASSICURATO
[14:21:40][  SWAP] TRADER 0x976EA74026E726554dB657fA54763abd0C3a0aa9 | 81.30 USDC | prot: HIGH | premio: 0.4566 MEVI | stima: 68.2524 MEVI | ricevuti: 58.5251 MEVI | ATTACCO: NO
[14:21:40][  SWAP] TRADER 0x15d34AAf54267DB7D7c367839AAf71A00a2C6A65 | 59.19 USDC | prot: HIGH | premio: 0.3324 MEVI | stima: 49.8914 MEVI | ricevuti: 41.6100 MEVI | ATTACCO: NO
[14:21:42][  SWAP] TRADER 0x3C44CdDdB6a900fa2b585dd299e03d12FA4293BC | 63.49 USDC | prot: HIGH | premio: 0.3566 MEVI | stima: 47.4407 MEVI | ricevuti: 43.2665 MEVI | ATTACCO: NO
[14:21:50][  SWAP] TRADER 0x9965507D1a55bcC2695C58ba16FB37d819B0A4dc | 140.78 USDC | prot: HIGH | premio: 0.7906 MEVI | stima: 116.9217 MEVI | ricevuti: 95.7406 MEVI | ATTACCO: SI | perdita: 8.0727 MEVI | rimborso: 8.0827 MEVI
[14:21:54][  SWAP] TRADER 0x90F79bf6EB2c4f870365E785982E1f101E93b906 | 91.52 USDC | prot: HIGH | premio: 0.5247 MEVI | stima: 89.8749 MEVI | ricevuti: 85.0706 MEVI | ATTACCO: NO
[14:21:54][  SWAP] TRADER 0x14dC79964da2C08b23698B3D3cc7Ca32193d9955 | 140.51 USDC | prot: NESSUNA | stima: 136.6693 MEVI | ricevuti: 136.6693 MEVI | ATTACCO: NO
[14:22:02][  SWAP] TRADER 0x23618e81E3f5cdF7f54C3d65f7FBc0aBf5B21E8f | 82.00 USDC | prot: NESSUNA | stima: 73.7326 MEVI | ricevuti: 73.7326 MEVI | ATTACCO: NO
[14:22:04][  SWAP] TRADER 0x71bE63f3384f5fb98995898A86B02Fb2426c5788 | 137.41 USDC | prot: NESSUNA | stima: 122.2810 MEVI | ricevuti: 115.3831 MEVI | ATTACCO: NO
[14:22:04][  SWAP] TRADER 0xBcd4042DE499D14e55001CcbB24a551F3b954096 | 74.12 USDC | prot: NESSUNA | stima: 66.7461 MEVI | ricevuti: 64.7160 MEVI | ATTACCO: NO
[14:22:05][  SWAP] TRADER 0xa0Ee7A142d267C1f36714E4a8F75612F20a79720 | 110.27 USDC | prot: NESSUNA | stima: 95.6378 MEVI | ricevuti: 88.5244 MEVI | ATTACCO: NO
[14:22:08][  SWAP] TRADER 0x976EA74026E726554dB657fA54763abd0C3a0aa9 | 76.61 USDC | prot: HIGH | premio: 0.4392 MEVI | stima: 66.8592 MEVI | ricevuti: 57.9327 MEVI | ATTACCO: NO
[14:22:08][  SWAP] TRADER 0x15d34AAf54267DB7D7c367839AAf71A00a2C6A65 | 75.77 USDC | prot: HIGH | premio: 0.4344 MEVI | stima: 66.1364 MEVI | ricevuti: 58.8466 MEVI | ATTACCO: NO
[14:22:10][  SWAP] TRADER 0x3C44CdDdB6a900fa2b585dd299e03d12FA4293BC | 53.52 USDC | prot: HIGH | premio: 0.3068 MEVI | stima: 43.4027 MEVI | ricevuti: 39.5704 MEVI | ATTACCO: NO
[14:22:19][  SWAP] TRADER 0x9965507D1a55bcC2695C58ba16FB37d819B0A4dc | 117.87 USDC | prot: HIGH | premio: 0.6757 MEVI | stima: 84.6418 MEVI | ricevuti: 84.6418 MEVI | ATTACCO: NO
[14:22:19][  SWAP] TRADER 0x14dC79964da2C08b23698B3D3cc7Ca32193d9955 | 123.38 USDC | prot: NESSUNA | stima: 88.5166 MEVI | ricevuti: 85.0847 MEVI | ATTACCO: NO
[14:22:20][ATTACK] NAKED ATTACK | victim=0x23618e81E3f5cd | swap=82.4300 USDC | loss_sandwich=1.6899 MEVI (3.15%)
[14:22:22][  SWAP] TRADER 0x90F79bf6EB2c4f870365E785982E1f101E93b906 | 74.09 USDC | prot: HIGH | premio: 0.4248 MEVI | stima: 53.5973 MEVI | ricevuti: 49.4549 MEVI | ATTACCO: NO
[14:22:28][  SWAP] TRADER 0x23618e81E3f5cdF7f54C3d65f7FBc0aBf5B21E8f | 82.43 USDC | prot: NESSUNA | stima: 53.6416 MEVI | ricevuti: 51.9516 MEVI | ATTACCO: SI | perdita: 1.6899 MEVI | rimborso: NON ASSICURATO
[14:22:29][  SWAP] TRADER 0xBcd4042DE499D14e55001CcbB24a551F3b954096 | 84.33 USDC | prot: NESSUNA | stima: 54.8613 MEVI | ricevuti: 53.4584 MEVI | ATTACCO: NO
[14:22:29][  SWAP] TRADER 0x71bE63f3384f5fb98995898A86B02Fb2426c5788 | 148.66 USDC | prot: NESSUNA | stima: 95.7248 MEVI | ricevuti: 90.8453 MEVI | ATTACCO: NO
[14:22:29][  SWAP] TRADER 0xa0Ee7A142d267C1f36714E4a8F75612F20a79720 | 139.13 USDC | prot: NESSUNA | stima: 87.4393 MEVI | ricevuti: 81.3199 MEVI | ATTACCO: NO
[14:22:29][ATTACK] INSURED ATTACK | victim=0x976EA74026E726 | swap=66.5600 USDC | loss_sandwich=1.1100 MEVI (2.94%)
[14:22:37][  SWAP] TRADER 0x15d34AAf54267DB7D7c367839AAf71A00a2C6A65 | 67.20 USDC | prot: HIGH | premio: 0.3853 MEVI | stima: 38.0639 MEVI | ricevuti: 36.2247 MEVI | ATTACCO: NO
[14:22:38][  SWAP] TRADER 0x3C44CdDdB6a900fa2b585dd299e03d12FA4293BC | 63.06 USDC | prot: HIGH | premio: 0.3615 MEVI | stima: 35.7411 MEVI | ricevuti: 34.3739 MEVI | ATTACCO: NO
[14:22:43][  SWAP] TRADER 0x14dC79964da2C08b23698B3D3cc7Ca32193d9955 | 121.07 USDC | prot: NESSUNA | stima: 64.2403 MEVI | ricevuti: 64.2403 MEVI | ATTACCO: NO
[14:22:46][  SWAP] TRADER 0x9965507D1a55bcC2695C58ba16FB37d819B0A4dc | 145.84 USDC | prot: HIGH | premio: 0.8361 MEVI | stima: 77.1075 MEVI | ricevuti: 141.7067 MEVI | ATTACCO: NO
[14:22:47][  SWAP] TRADER 0x976EA74026E726554dB657fA54763abd0C3a0aa9 | 66.56 USDC | prot: HIGH | premio: 0.3816 MEVI | stima: 37.7050 MEVI | ricevuti: 36.5950 MEVI | ATTACCO: SI | perdita: 1.1100 MEVI | rimborso: 1.1200 MEVI
[14:22:51][  SWAP] TRADER 0x90F79bf6EB2c4f870365E785982E1f101E93b906 | 79.19 USDC | prot: HIGH | premio: 0.4447 MEVI | stima: 77.9553 MEVI | ricevuti: 73.6318 MEVI | ATTACCO: NO
[14:22:51][  SWAP] TRADER 0x23618e81E3f5cdF7f54C3d65f7FBc0aBf5B21E8f | 80.25 USDC | prot: NESSUNA | stima: 72.3749 MEVI | ricevuti: 72.3749 MEVI | ATTACCO: NO
[14:22:52][  SWAP] TRADER 0xBcd4042DE499D14e55001CcbB24a551F3b954096 | 55.03 USDC | prot: NESSUNA | stima: 48.3773 MEVI | ricevuti: 48.3773 MEVI | ATTACCO: NO
[14:22:52][  SWAP] TRADER 0x71bE63f3384f5fb98995898A86B02Fb2426c5788 | 123.16 USDC | prot: NESSUNA | stima: 105.8390 MEVI | ricevuti: 104.7525 MEVI | ATTACCO: NO
[14:22:54][  SWAP] TRADER 0xa0Ee7A142d267C1f36714E4a8F75612F20a79720 | 123.69 USDC | prot: NESSUNA | stima: 100.5718 MEVI | ricevuti: 100.5718 MEVI | ATTACCO: NO
[14:23:05][  SWAP] TRADER 0x15d34AAf54267DB7D7c367839AAf71A00a2C6A65 | 54.96 USDC | prot: HIGH | premio: 0.3087 MEVI | stima: 43.2778 MEVI | ricevuti: 43.2778 MEVI | ATTACCO: NO
[14:23:06][  SWAP] TRADER 0x3C44CdDdB6a900fa2b585dd299e03d12FA4293BC | 86.10 USDC | prot: HIGH | premio: 0.4835 MEVI | stima: 67.4278 MEVI | ricevuti: 66.1349 MEVI | ATTACCO: NO
[14:23:08][  POOL] POOL UPDATE | mevi=55.2037 MEVI | eth=4.244000 ETH
[14:23:08][  SWAP] TRADER 0x14dC79964da2C08b23698B3D3cc7Ca32193d9955 | 104.99 USDC | prot: NESSUNA | stima: 80.3805 MEVI | ricevuti: 78.0118 MEVI | ATTACCO: NO
[14:23:08][ATTACK] INSURED ATTACK | victim=0x976EA74026E726 | swap=97.1400 USDC | loss_sandwich=2.1815 MEVI (3.25%)
[14:23:13][ATTACK] NAKED ATTACK | victim=0xa0Ee7A142d267C | swap=113.6200 USDC | loss_sandwich=3.6998 MEVI (3.67%)
[14:23:14][  SWAP] TRADER 0x9965507D1a55bcC2695C58ba16FB37d819B0A4dc | 109.63 USDC | prot: HIGH | premio: 0.6157 MEVI | stima: 78.5276 MEVI | ricevuti: 78.5276 MEVI | ATTACCO: NO
[14:23:16][  SWAP] TRADER 0x23618e81E3f5cdF7f54C3d65f7FBc0aBf5B21E8f | 68.92 USDC | prot: NESSUNA | stima: 47.9058 MEVI | ricevuti: 67.0809 MEVI | ATTACCO: NO
[14:23:16][  SWAP] TRADER 0xBcd4042DE499D14e55001CcbB24a551F3b954096 | 78.98 USDC | prot: NESSUNA | stima: 54.8070 MEVI | ricevuti: 74.6783 MEVI | ATTACCO: NO
[14:23:16][  SWAP] TRADER 0x71bE63f3384f5fb98995898A86B02Fb2426c5788 | 101.27 USDC | prot: NESSUNA | stima: 70.0165 MEVI | ricevuti: 101.9687 MEVI | ATTACCO: NO
[14:23:16][  SWAP] TRADER 0x90F79bf6EB2c4f870365E785982E1f101E93b906 | 67.12 USDC | prot: HIGH | premio: 0.3769 MEVI | stima: 48.4230 MEVI | ricevuti: 61.6977 MEVI | ATTACCO: NO
[14:23:20][  SWAP] TRADER 0xa0Ee7A142d267C1f36714E4a8F75612F20a79720 | 113.62 USDC | prot: NESSUNA | stima: 100.9210 MEVI | ricevuti: 97.2212 MEVI | ATTACCO: SI | perdita: 3.6998 MEVI | rimborso: NON ASSICURATO
[14:23:25][  SWAP] TRADER 0x976EA74026E726554dB657fA54763abd0C3a0aa9 | 97.14 USDC | prot: HIGH | premio: 0.5455 MEVI | stima: 69.7271 MEVI | ricevuti: 65.0253 MEVI | ATTACCO: SI | perdita: 2.1815 MEVI | rimborso: 2.1915 MEVI
[14:23:29][  SWAP] TRADER 0x15d34AAf54267DB7D7c367839AAf71A00a2C6A65 | 72.97 USDC | prot: HIGH | premio: 0.4098 MEVI | stima: 62.6643 MEVI | ricevuti: 62.6643 MEVI | ATTACCO: NO
[14:23:30][  SWAP] TRADER 0x3C44CdDdB6a900fa2b585dd299e03d12FA4293BC | 78.04 USDC | prot: HIGH | premio: 0.4383 MEVI | stima: 65.1815 MEVI | ricevuti: 65.1815 MEVI | ATTACCO: NO
[14:23:33][  SWAP] TRADER 0x14dC79964da2C08b23698B3D3cc7Ca32193d9955 | 123.87 USDC | prot: NESSUNA | stima: 99.7525 MEVI | ricevuti: 99.7525 MEVI | ATTACCO: NO
[14:23:42][  SWAP] TRADER 0x23618e81E3f5cdF7f54C3d65f7FBc0aBf5B21E8f | 57.00 USDC | prot: NESSUNA | stima: 44.4432 MEVI | ricevuti: 40.3530 MEVI | ATTACCO: NO
[14:23:42][  SWAP] TRADER 0xBcd4042DE499D14e55001CcbB24a551F3b954096 | 79.03 USDC | prot: NESSUNA | stima: 61.3826 MEVI | ricevuti: 54.6911 MEVI | ATTACCO: NO
[14:23:42][  SWAP] TRADER 0x71bE63f3384f5fb98995898A86B02Fb2426c5788 | 141.52 USDC | prot: NESSUNA | stima: 108.7292 MEVI | ricevuti: 108.7292 MEVI | ATTACCO: NO
[14:23:42][  SWAP] TRADER 0x9965507D1a55bcC2695C58ba16FB37d819B0A4dc | 138.53 USDC | prot: HIGH | premio: 0.7780 MEVI | stima: 106.4871 MEVI | ricevuti: 101.3921 MEVI | ATTACCO: NO
[14:23:44][  SWAP] TRADER 0x90F79bf6EB2c4f870365E785982E1f101E93b906 | 96.26 USDC | prot: HIGH | premio: 0.5406 MEVI | stima: 74.5403 MEVI | ricevuti: 64.7150 MEVI | ATTACCO: NO
[14:23:44][  SWAP] TRADER 0xa0Ee7A142d267C1f36714E4a8F75612F20a79720 | 106.13 USDC | prot: NESSUNA | stima: 71.2361 MEVI | ricevuti: 69.0409 MEVI | ATTACCO: NO
[14:23:51][ATTACK] INSURED ATTACK | victim=0x3C44CdDdB6a900 | swap=81.8600 USDC | loss_sandwich=4.6255 MEVI (5.93%)
[14:23:54][  SWAP] TRADER 0x976EA74026E726554dB657fA54763abd0C3a0aa9 | 79.92 USDC | prot: HIGH | premio: 0.4488 MEVI | stima: 78.6627 MEVI | ricevuti: 78.6627 MEVI | ATTACCO: NO
[14:23:59][  SWAP] TRADER 0x15d34AAf54267DB7D7c367839AAf71A00a2C6A65 | 58.83 USDC | prot: HIGH | premio: 0.3304 MEVI | stima: 58.1459 MEVI | ricevuti: 54.1986 MEVI | ATTACCO: NO
[14:23:59][  SWAP] TRADER 0x14dC79964da2C08b23698B3D3cc7Ca32193d9955 | 101.07 USDC | prot: NESSUNA | stima: 96.0047 MEVI | ricevuti: 87.5925 MEVI | ATTACCO: NO
[14:24:00][ATTACK] NAKED ATTACK | victim=0x23618e81E3f5cd | swap=54.5500 USDC | loss_sandwich=1.7416 MEVI (3.64%)
[14:24:08][  SWAP] TRADER 0xBcd4042DE499D14e55001CcbB24a551F3b954096 | 61.40 USDC | prot: NESSUNA | stima: 53.7514 MEVI | ricevuti: 50.7722 MEVI | ATTACCO: NO
[14:24:08][  SWAP] TRADER 0x71bE63f3384f5fb98995898A86B02Fb2426c5788 | 122.91 USDC | prot: NESSUNA | stima: 106.3817 MEVI | ricevuti: 98.3211 MEVI | ATTACCO: NO
[14:24:08][  SWAP] TRADER 0x23618e81E3f5cdF7f54C3d65f7FBc0aBf5B21E8f | 54.55 USDC | prot: NESSUNA | stima: 47.8157 MEVI | ricevuti: 46.0740 MEVI | ATTACCO: SI | perdita: 1.7416 MEVI | rimborso: NON ASSICURATO
[14:24:09][  SWAP] TRADER 0xa0Ee7A142d267C1f36714E4a8F75612F20a79720 | 112.62 USDC | prot: NESSUNA | stima: 97.6603 MEVI | ricevuti: 89.7696 MEVI | ATTACCO: NO
[14:24:09][  SWAP] TRADER 0x9965507D1a55bcC2695C58ba16FB37d819B0A4dc | 123.71 USDC | prot: HIGH | premio: 0.6948 MEVI | stima: 107.0583 MEVI | ricevuti: 94.5780 MEVI | ATTACCO: NO
[14:24:09][  SWAP] TRADER 0x3C44CdDdB6a900fa2b585dd299e03d12FA4293BC | 81.86 USDC | prot: HIGH | premio: 0.4597 MEVI | stima: 80.5414 MEVI | ricevuti: 73.4214 MEVI | ATTACCO: SI | perdita: 4.6255 MEVI | rimborso: 4.6355 MEVI
[14:24:11][  SWAP] TRADER 0x90F79bf6EB2c4f870365E785982E1f101E93b906 | 61.98 USDC | prot: HIGH | premio: 0.3481 MEVI | stima: 54.2533 MEVI | ricevuti: 45.8786 MEVI | ATTACCO: NO
[14:24:23][  SWAP] TRADER 0x976EA74026E726554dB657fA54763abd0C3a0aa9 | 84.46 USDC | prot: HIGH | premio: 0.4743 MEVI | stima: 83.0570 MEVI | ricevuti: 83.0570 MEVI | ATTACCO: NO
[14:24:24][  SWAP] TRADER 0x14dC79964da2C08b23698B3D3cc7Ca32193d9955 | 132.74 USDC | prot: NESSUNA | stima: 129.3072 MEVI | ricevuti: 125.1006 MEVI | ATTACCO: NO
[14:24:27][  SWAP] TRADER 0x15d34AAf54267DB7D7c367839AAf71A00a2C6A65 | 60.80 USDC | prot: HIGH | premio: 0.3415 MEVI | stima: 60.0696 MEVI | ricevuti: 55.1997 MEVI | ATTACCO: NO
[14:24:33][  SWAP] TRADER 0xBcd4042DE499D14e55001CcbB24a551F3b954096 | 67.16 USDC | prot: NESSUNA | stima: 59.5142 MEVI | ricevuti: 56.1755 MEVI | ATTACCO: NO
[14:24:33][  SWAP] TRADER 0x71bE63f3384f5fb98995898A86B02Fb2426c5788 | 100.36 USDC | prot: NESSUNA | stima: 88.3856 MEVI | ricevuti: 81.4347 MEVI | ATTACCO: NO
[14:24:34][  SWAP] TRADER 0xa0Ee7A142d267C1f36714E4a8F75612F20a79720 | 101.35 USDC | prot: NESSUNA | stima: 89.2410 MEVI | ricevuti: 89.2410 MEVI | ATTACCO: NO
[14:24:34][  SWAP] TRADER 0x23618e81E3f5cdF7f54C3d65f7FBc0aBf5B21E8f | 54.21 USDC | prot: NESSUNA | stima: 48.1552 MEVI | ricevuti: 46.3666 MEVI | ATTACCO: NO
[14:24:37][  SWAP] TRADER 0x9965507D1a55bcC2695C58ba16FB37d819B0A4dc | 136.03 USDC | prot: HIGH | premio: 0.7639 MEVI | stima: 119.0103 MEVI | ricevuti: 105.8302 MEVI | ATTACCO: NO
[14:24:40][  SWAP] TRADER 0x90F79bf6EB2c4f870365E785982E1f101E93b906 | 99.42 USDC | prot: HIGH | premio: 0.5583 MEVI | stima: 77.8447 MEVI | ricevuti: 74.2277 MEVI | ATTACCO: NO
[14:24:40][  SWAP] TRADER 0x3C44CdDdB6a900fa2b585dd299e03d12FA4293BC | 76.21 USDC | prot: HIGH | premio: 0.4280 MEVI | stima: 59.9155 MEVI | ricevuti: 55.2088 MEVI | ATTACCO: NO
[14:24:43][ATTACK] NAKED ATTACK | victim=0x14dC79964da2C0 | swap=114.0700 USDC | loss_sandwich=4.2838 MEVI (3.84%)
[14:24:44][ATTACK] INSURED ATTACK | victim=0x976EA74026E726 | swap=89.9400 USDC | loss_sandwich=3.1890 MEVI (3.77%)
[14:24:50][  SWAP] TRADER 0x14dC79964da2C08b23698B3D3cc7Ca32193d9955 | 114.07 USDC | prot: NESSUNA | stima: 111.5257 MEVI | ricevuti: 107.2419 MEVI | ATTACCO: SI | perdita: 4.2838 MEVI | rimborso: NON ASSICURATO
[14:24:55][  SWAP] TRADER 0x15d34AAf54267DB7D7c367839AAf71A00a2C6A65 | 84.98 USDC | prot: HIGH | premio: 0.4673 MEVI | stima: 80.0107 MEVI | ricevuti: 77.3608 MEVI | ATTACCO: NO
[14:24:59][  SWAP] TRADER 0x23618e81E3f5cdF7f54C3d65f7FBc0aBf5B21E8f | 61.67 USDC | prot: NESSUNA | stima: 54.6004 MEVI | ricevuti: 52.5792 MEVI | ATTACCO: NO
[14:24:59][  SWAP] TRADER 0x71bE63f3384f5fb98995898A86B02Fb2426c5788 | 101.19 USDC | prot: NESSUNA | stima: 88.9324 MEVI | ricevuti: 83.7406 MEVI | ATTACCO: NO
[14:24:59][  SWAP] TRADER 0xa0Ee7A142d267C1f36714E4a8F75612F20a79720 | 101.17 USDC | prot: NESSUNA | stima: 88.9151 MEVI | ricevuti: 88.9151 MEVI | ATTACCO: NO
[14:25:01][  SWAP] TRADER 0xBcd4042DE499D14e55001CcbB24a551F3b954096 | 90.40 USDC | prot: NESSUNA | stima: 79.6089 MEVI | ricevuti: 72.2688 MEVI | ATTACCO: NO
[14:25:02][  SWAP] TRADER 0x976EA74026E726554dB657fA54763abd0C3a0aa9 | 89.94 USDC | prot: HIGH | premio: 0.4946 MEVI | stima: 63.3518 MEVI | ricevuti: 81.4109 MEVI | ATTACCO: SI | perdita: 3.1890 MEVI | rimborso: 3.1990 MEVI
[14:25:05][  SWAP] TRADER 0x9965507D1a55bcC2695C58ba16FB37d819B0A4dc | 146.37 USDC | prot: HIGH | premio: 0.8049 MEVI | stima: 115.8628 MEVI | ricevuti: 112.2230 MEVI | ATTACCO: NO
[14:25:06][  SWAP] TRADER 0x90F79bf6EB2c4f870365E785982E1f101E93b906 | 66.80 USDC | prot: HIGH | premio: 0.3673 MEVI | stima: 51.9305 MEVI | ricevuti: 49.3500 MEVI | ATTACCO: NO
[14:25:06][  SWAP] TRADER 0x3C44CdDdB6a900fa2b585dd299e03d12FA4293BC | 90.40 USDC | prot: HIGH | premio: 0.4971 MEVI | stima: 69.9876 MEVI | ricevuti: 65.0179 MEVI | ATTACCO: NO
[14:25:08][  POOL] POOL UPDATE | mevi=54.8234 MEVI | eth=4.190000 ETH
[14:25:16][  SWAP] TRADER 0x14dC79964da2C08b23698B3D3cc7Ca32193d9955 | 102.50 USDC | prot: NESSUNA | stima: 71.3676 MEVI | ricevuti: 71.3676 MEVI | ATTACCO: NO
[14:25:17][ATTACK] NAKED ATTACK | victim=0xa0Ee7A142d267C | swap=146.4000 USDC | loss_sandwich=7.9119 MEVI (5.71%)
[14:25:23][  SWAP] TRADER 0x15d34AAf54267DB7D7c367839AAf71A00a2C6A65 | 67.05 USDC | prot: HIGH | premio: 0.3687 MEVI | stima: 66.1628 MEVI | ricevuti: 66.1628 MEVI | ATTACCO: NO
[14:25:25][  SWAP] TRADER 0xa0Ee7A142d267C1f36714E4a8F75612F20a79720 | 146.40 USDC | prot: NESSUNA | stima: 142.2353 MEVI | ricevuti: 130.6362 MEVI | ATTACCO: SI | perdita: 7.9119 MEVI | rimborso: NON ASSICURATO
[14:25:25][  SWAP] TRADER 0x23618e81E3f5cdF7f54C3d65f7FBc0aBf5B21E8f | 53.34 USDC | prot: NESSUNA | stima: 52.7770 MEVI | ricevuti: 49.4365 MEVI | ATTACCO: NO
[14:25:26][  SWAP] TRADER 0x71bE63f3384f5fb98995898A86B02Fb2426c5788 | 118.12 USDC | prot: NESSUNA | stima: 112.3946 MEVI | ricevuti: 101.9427 MEVI | ATTACCO: NO
[14:25:26][  SWAP] TRADER 0xBcd4042DE499D14e55001CcbB24a551F3b954096 | 63.34 USDC | prot: NESSUNA | stima: 60.9134 MEVI | ricevuti: 56.5510 MEVI | ATTACCO: NO
[14:25:27][  SWAP] TRADER 0x976EA74026E726554dB657fA54763abd0C3a0aa9 | 68.78 USDC | prot: HIGH | premio: 0.3782 MEVI | stima: 61.3453 MEVI | ricevuti: 57.3468 MEVI | ATTACCO: NO
[14:25:34][  SWAP] TRADER 0x9965507D1a55bcC2695C58ba16FB37d819B0A4dc | 130.84 USDC | prot: HIGH | premio: 0.7348 MEVI | stima: 105.2302 MEVI | ricevuti: 105.2302 MEVI | ATTACCO: NO
[14:25:35][  SWAP] TRADER 0x3C44CdDdB6a900fa2b585dd299e03d12FA4293BC | 61.29 USDC | prot: HIGH | premio: 0.3442 MEVI | stima: 49.9088 MEVI | ricevuti: 47.6327 MEVI | ATTACCO: NO
[14:25:37][  SWAP] TRADER 0x90F79bf6EB2c4f870365E785982E1f101E93b906 | 81.58 USDC | prot: HIGH | premio: 0.4582 MEVI | stima: 66.1901 MEVI | ricevuti: 61.8353 MEVI | ATTACCO: NO
[14:25:41][  SWAP] TRADER 0x14dC79964da2C08b23698B3D3cc7Ca32193d9955 | 133.44 USDC | prot: NESSUNA | stima: 97.4685 MEVI | ricevuti: 97.4685 MEVI | ATTACCO: NO
[14:25:45][ATTACK] NAKED ATTACK | victim=0x71bE63f3384f5f | swap=129.2800 USDC | loss_sandwich=4.7741 MEVI (5.39%)
[14:25:46][ATTACK] INSURED ATTACK | victim=0x15d34AAf54267D | swap=88.5700 USDC | loss_sandwich=1.6977 MEVI (3.08%)
[14:25:51][  SWAP] TRADER 0x23618e81E3f5cdF7f54C3d65f7FBc0aBf5B21E8f | 60.00 USDC | prot: NESSUNA | stima: 42.4075 MEVI | ricevuti: 42.4075 MEVI | ATTACCO: NO
[14:25:52][  SWAP] TRADER 0xa0Ee7A142d267C1f36714E4a8F75612F20a79720 | 129.11 USDC | prot: NESSUNA | stima: 90.2109 MEVI | ricevuti: 80.2830 MEVI | ATTACCO: NO
[14:25:52][  SWAP] TRADER 0xBcd4042DE499D14e55001CcbB24a551F3b954096 | 69.77 USDC | prot: NESSUNA | stima: 49.2324 MEVI | ricevuti: 46.6886 MEVI | ATTACCO: NO
[14:25:52][  SWAP] TRADER 0x71bE63f3384f5fb98995898A86B02Fb2426c5788 | 129.28 USDC | prot: NESSUNA | stima: 90.3271 MEVI | ricevuti: 83.7678 MEVI | ATTACCO: SI | perdita: 4.7741 MEVI | rimborso: NON ASSICURATO
[14:25:53][  SWAP] TRADER 0x976EA74026E726554dB657fA54763abd0C3a0aa9 | 56.91 USDC | prot: HIGH | premio: 0.3196 MEVI | stima: 39.4442 MEVI | ricevuti: 34.6171 MEVI | ATTACCO: NO
[14:26:04][  SWAP] TRADER 0x9965507D1a55bcC2695C58ba16FB37d819B0A4dc | 118.24 USDC | prot: HIGH | premio: 0.6640 MEVI | stima: 70.0017 MEVI | ricevuti: 70.0017 MEVI | ATTACCO: NO
[14:26:04][  SWAP] TRADER 0x3C44CdDdB6a900fa2b585dd299e03d12FA4293BC | 97.09 USDC | prot: HIGH | premio: 0.5453 MEVI | stima: 57.6663 MEVI | ricevuti: 55.6204 MEVI | ATTACCO: NO
[14:26:04][  SWAP] TRADER 0x15d34AAf54267DB7D7c367839AAf71A00a2C6A65 | 88.57 USDC | prot: HIGH | premio: 0.4974 MEVI | stima: 62.3028 MEVI | ricevuti: 53.3922 MEVI | ATTACCO: SI | perdita: 1.6977 MEVI | rimborso: 1.7077 MEVI
[14:26:06][  SWAP] TRADER 0x90F79bf6EB2c4f870365E785982E1f101E93b906 | 81.90 USDC | prot: HIGH | premio: 0.4600 MEVI | stima: 48.7575 MEVI | ricevuti: 45.6718 MEVI | ATTACCO: NO
[14:26:07][  SWAP] TRADER 0x14dC79964da2C08b23698B3D3cc7Ca32193d9955 | 139.82 USDC | prot: NESSUNA | stima: 77.3064 MEVI | ricevuti: 75.4570 MEVI | ATTACCO: NO
[14:26:16][  SWAP] TRADER 0x23618e81E3f5cdF7f54C3d65f7FBc0aBf5B21E8f | 78.43 USDC | prot: NESSUNA | stima: 40.9983 MEVI | ricevuti: 40.9983 MEVI | ATTACCO: NO
[14:26:16][  SWAP] TRADER 0x71bE63f3384f5fb98995898A86B02Fb2426c5788 | 104.23 USDC | prot: NESSUNA | stima: 54.2835 MEVI | ricevuti: 51.1098 MEVI | ATTACCO: NO
[14:26:16][  SWAP] TRADER 0xBcd4042DE499D14e55001CcbB24a551F3b954096 | 90.14 USDC | prot: NESSUNA | stima: 47.0403 MEVI | ricevuti: 43.0210 MEVI | ATTACCO: NO
[14:26:16][  SWAP] TRADER 0xa0Ee7A142d267C1f36714E4a8F75612F20a79720 | 133.44 USDC | prot: NESSUNA | stima: 69.2067 MEVI | ricevuti: 67.6691 MEVI | ATTACCO: NO
[14:26:21][  SWAP] TRADER 0x976EA74026E726554dB657fA54763abd0C3a0aa9 | 75.01 USDC | prot: HIGH | premio: 0.4213 MEVI | stima: 38.3547 MEVI | ricevuti: 73.9013 MEVI | ATTACCO: NO
[14:26:25][ATTACK] INSURED ATTACK | victim=0x9965507D1a55bc | swap=114.5400 USDC | loss_sandwich=12.9768 MEVI (11.94%)
[14:26:33][  SWAP] TRADER 0x14dC79964da2C08b23698B3D3cc7Ca32193d9955 | 140.21 USDC | prot: NESSUNA | stima: 132.4370 MEVI | ricevuti: 127.4344 MEVI | ATTACCO: NO
[14:26:33][  SWAP] TRADER 0x3C44CdDdB6a900fa2b585dd299e03d12FA4293BC | 96.49 USDC | prot: HIGH | premio: 0.5419 MEVI | stima: 91.9113 MEVI | ricevuti: 83.8623 MEVI | ATTACCO: NO
[14:26:33][  SWAP] TRADER 0x15d34AAf54267DB7D7c367839AAf71A00a2C6A65 | 50.70 USDC | prot: HIGH | premio: 0.2847 MEVI | stima: 48.7256 MEVI | ricevuti: 41.1264 MEVI | ATTACCO: NO
[14:26:34][  SWAP] TRADER 0x90F79bf6EB2c4f870365E785982E1f101E93b906 | 66.94 USDC | prot: HIGH | premio: 0.3759 MEVI | stima: 64.1300 MEVI | ricevuti: 55.4131 MEVI | ATTACCO: NO
[14:26:35][ATTACK] NAKED ATTACK | victim=0x71bE63f3384f5f | swap=114.6100 USDC | loss_sandwich=3.2015 MEVI (3.49%)
[14:26:42][  SWAP] TRADER 0xa0Ee7A142d267C1f36714E4a8F75612F20a79720 | 120.33 USDC | prot: NESSUNA | stima: 96.3076 MEVI | ricevuti: 86.3474 MEVI | ATTACCO: NO
[14:26:42][  SWAP] TRADER 0x71bE63f3384f5fb98995898A86B02Fb2426c5788 | 114.61 USDC | prot: NESSUNA | stima: 91.8225 MEVI | ricevuti: 88.6210 MEVI | ATTACCO: SI | perdita: 3.2015 MEVI | rimborso: NON ASSICURATO
[14:26:42][  SWAP] TRADER 0xBcd4042DE499D14e55001CcbB24a551F3b954096 | 98.92 USDC | prot: NESSUNA | stima: 79.4730 MEVI | ricevuti: 73.6934 MEVI | ATTACCO: NO
[14:26:43][  SWAP] TRADER 0x9965507D1a55bcC2695C58ba16FB37d819B0A4dc | 114.54 USDC | prot: HIGH | premio: 0.6433 MEVI | stima: 108.7253 MEVI | ricevuti: 95.7485 MEVI | ATTACCO: SI | perdita: 12.9768 MEVI | rimborso: 12.9868 MEVI
[14:26:44][  SWAP] TRADER 0x23618e81E3f5cdF7f54C3d65f7FBc0aBf5B21E8f | 77.11 USDC | prot: NESSUNA | stima: 62.1917 MEVI | ricevuti: 55.5607 MEVI | ATTACCO: NO
[14:26:45][  SWAP] TRADER 0x976EA74026E726554dB657fA54763abd0C3a0aa9 | 80.41 USDC | prot: HIGH | premio: 0.4610 MEVI | stima: 56.4198 MEVI | ricevuti: 56.4198 MEVI | ATTACCO: NO
[14:26:58][  SWAP] TRADER 0x14dC79964da2C08b23698B3D3cc7Ca32193d9955 | 131.00 USDC | prot: NESSUNA | stima: 127.6554 MEVI | ricevuti: 127.6554 MEVI | ATTACCO: NO
[14:27:01][  SWAP] TRADER 0x3C44CdDdB6a900fa2b585dd299e03d12FA4293BC | 82.42 USDC | prot: HIGH | premio: 0.4725 MEVI | stima: 81.0834 MEVI | ricevuti: 75.2888 MEVI | ATTACCO: NO
[14:27:01][  SWAP] TRADER 0x15d34AAf54267DB7D7c367839AAf71A00a2C6A65 | 59.39 USDC | prot: HIGH | premio: 0.3405 MEVI | stima: 58.6928 MEVI | ricevuti: 55.7508 MEVI | ATTACCO: NO
[14:27:03][  SWAP] TRADER 0x90F79bf6EB2c4f870365E785982E1f101E93b906 | 93.04 USDC | prot: HIGH | premio: 0.5334 MEVI | stima: 91.3403 MEVI | ricevuti: 82.2108 MEVI | ATTACCO: NO
[14:27:07][  SWAP] TRADER 0xa0Ee7A142d267C1f36714E4a8F75612F20a79720 | 103.29 USDC | prot: NESSUNA | stima: 87.9915 MEVI | ricevuti: 82.0902 MEVI | ATTACCO: NO
[14:27:07][  SWAP] TRADER 0x71bE63f3384f5fb98995898A86B02Fb2426c5788 | 140.82 USDC | prot: NESSUNA | stima: 119.1453 MEVI | ricevuti: 119.1453 MEVI | ATTACCO: NO
[14:27:07][  SWAP] TRADER 0xBcd4042DE499D14e55001CcbB24a551F3b954096 | 50.51 USDC | prot: NESSUNA | stima: 43.4482 MEVI | ricevuti: 41.2642 MEVI | ATTACCO: NO
[14:27:08][  POOL] POOL UPDATE | mevi=50.2260 MEVI | eth=4.154000 ETH
[14:27:09][  SWAP] TRADER 0x23618e81E3f5cdF7f54C3d65f7FBc0aBf5B21E8f | 55.26 USDC | prot: NESSUNA | stima: 47.4924 MEVI | ricevuti: 42.6999 MEVI | ATTACCO: NO
[14:27:12][  SWAP] TRADER 0x9965507D1a55bcC2695C58ba16FB37d819B0A4dc | 124.44 USDC | prot: HIGH | premio: 0.7134 MEVI | stima: 105.6006 MEVI | ricevuti: 93.1972 MEVI | ATTACCO: NO
[14:27:13][  SWAP] TRADER 0x976EA74026E726554dB657fA54763abd0C3a0aa9 | 93.98 USDC | prot: HIGH | premio: 0.5388 MEVI | stima: 72.1305 MEVI | ricevuti: 67.7940 MEVI | ATTACCO: NO
[14:27:16][ATTACK] NAKED ATTACK | victim=0x14dC79964da2C0 | swap=131.4500 USDC | loss_sandwich=4.9117 MEVI (3.83%)
[14:27:22][ATTACK] INSURED ATTACK | victim=0x15d34AAf54267D | swap=97.8700 USDC | loss_sandwich=3.4293 MEVI (3.75%)
[14:27:24][  SWAP] TRADER 0x14dC79964da2C08b23698B3D3cc7Ca32193d9955 | 131.45 USDC | prot: NESSUNA | stima: 128.0827 MEVI | ricevuti: 123.1710 MEVI | ATTACCO: SI | perdita: 4.9117 MEVI | rimborso: NON ASSICURATO
[14:27:30][  SWAP] TRADER 0x3C44CdDdB6a900fa2b585dd299e03d12FA4293BC | 57.89 USDC | prot: HIGH | premio: 0.3319 MEVI | stima: 54.4362 MEVI | ricevuti: 50.4869 MEVI | ATTACCO: NO
[14:27:31][  SWAP] TRADER 0x90F79bf6EB2c4f870365E785982E1f101E93b906 | 75.24 USDC | prot: HIGH | premio: 0.4314 MEVI | stima: 70.5152 MEVI | ricevuti: 66.5706 MEVI | ATTACCO: NO
[14:27:32][  SWAP] TRADER 0xBcd4042DE499D14e55001CcbB24a551F3b954096 | 95.02 USDC | prot: NESSUNA | stima: 83.7620 MEVI | ricevuti: 74.6066 MEVI | ATTACCO: NO
[14:27:32][  SWAP] TRADER 0xa0Ee7A142d267C1f36714E4a8F75612F20a79720 | 115.53 USDC | prot: NESSUNA | stima: 101.4547 MEVI | ricevuti: 98.6526 MEVI | ATTACCO: NO
[14:27:32][  SWAP] TRADER 0x71bE63f3384f5fb98995898A86B02Fb2426c5788 | 126.52 USDC | prot: NESSUNA | stima: 110.8798 MEVI | ricevuti: 103.3636 MEVI | ATTACCO: NO
[14:27:33][  SWAP] TRADER 0x23618e81E3f5cdF7f54C3d65f7FBc0aBf5B21E8f | 98.54 USDC | prot: NESSUNA | stima: 84.4068 MEVI | ricevuti: 74.7835 MEVI | ATTACCO: NO
[14:27:40][  SWAP] TRADER 0x15d34AAf54267DB7D7c367839AAf71A00a2C6A65 | 97.87 USDC | prot: HIGH | premio: 0.5611 MEVI | stima: 91.3268 MEVI | ricevuti: 87.8975 MEVI | ATTACCO: SI | perdita: 3.4293 MEVI | rimborso: 3.4393 MEVI
[14:27:40][  SWAP] TRADER 0x9965507D1a55bcC2695C58ba16FB37d819B0A4dc | 101.04 USDC | prot: HIGH | premio: 0.5793 MEVI | stima: 74.0825 MEVI | ricevuti: 74.0825 MEVI | ATTACCO: NO
[14:27:42][  SWAP] TRADER 0x976EA74026E726554dB657fA54763abd0C3a0aa9 | 80.99 USDC | prot: HIGH | premio: 0.4643 MEVI | stima: 59.5846 MEVI | ricevuti: 57.5715 MEVI | ATTACCO: NO
[14:27:48][  SWAP] TRADER 0x14dC79964da2C08b23698B3D3cc7Ca32193d9955 | 107.26 USDC | prot: NESSUNA | stima: 73.8841 MEVI | ricevuti: 73.8841 MEVI | ATTACCO: NO
[14:27:50][ATTACK] NAKED ATTACK | victim=0xa0Ee7A142d267C | swap=127.5900 USDC | loss_sandwich=4.7728 MEVI (3.84%)
[14:27:57][  SWAP] TRADER 0xBcd4042DE499D14e55001CcbB24a551F3b954096 | 59.42 USDC | prot: NESSUNA | stima: 58.7221 MEVI | ricevuti: 51.2721 MEVI | ATTACCO: NO
[14:27:57][  SWAP] TRADER 0xa0Ee7A142d267C1f36714E4a8F75612F20a79720 | 127.59 USDC | prot: NESSUNA | stima: 124.4152 MEVI | ricevuti: 119.6424 MEVI | ATTACCO: SI | perdita: 4.7728 MEVI | rimborso: NON ASSICURATO
[14:27:57][  SWAP] TRADER 0x71bE63f3384f5fb98995898A86B02Fb2426c5788 | 125.43 USDC | prot: NESSUNA | stima: 122.3605 MEVI | ricevuti: 112.0575 MEVI | ATTACCO: NO
[14:27:59][  SWAP] TRADER 0x23618e81E3f5cdF7f54C3d65f7FBc0aBf5B21E8f | 86.19 USDC | prot: NESSUNA | stima: 84.7294 MEVI | ricevuti: 73.9115 MEVI | ATTACCO: NO
[14:27:59][  SWAP] TRADER 0x3C44CdDdB6a900fa2b585dd299e03d12FA4293BC | 55.39 USDC | prot: HIGH | premio: 0.3176 MEVI | stima: 54.7831 MEVI | ricevuti: 48.7678 MEVI | ATTACCO: NO
[14:28:00][  SWAP] TRADER 0x90F79bf6EB2c4f870365E785982E1f101E93b906 | 79.32 USDC | prot: HIGH | premio: 0.4547 MEVI | stima: 78.0813 MEVI | ricevuti: 65.9814 MEVI | ATTACCO: NO
[14:28:02][ATTACK] INSURED ATTACK | victim=0x9965507D1a55bc | swap=144.6100 USDC | loss_sandwich=7.6065 MEVI (6.58%)
[14:28:09][  SWAP] TRADER 0x15d34AAf54267DB7D7c367839AAf71A00a2C6A65 | 93.74 USDC | prot: HIGH | premio: 0.5374 MEVI | stima: 75.5735 MEVI | ricevuti: 72.9305 MEVI | ATTACCO: NO
[14:28:11][  SWAP] TRADER 0x976EA74026E726554dB657fA54763abd0C3a0aa9 | 96.08 USDC | prot: HIGH | premio: 0.5508 MEVI | stima: 77.4277 MEVI | ricevuti: 71.3876 MEVI | ATTACCO: NO
[14:28:14][  SWAP] TRADER 0x14dC79964da2C08b23698B3D3cc7Ca32193d9955 | 113.44 USDC | prot: NESSUNA | stima: 81.3242 MEVI | ricevuti: 81.3242 MEVI | ATTACCO: NO
[14:28:19][  SWAP] TRADER 0x9965507D1a55bcC2695C58ba16FB37d819B0A4dc | 144.61 USDC | prot: HIGH | premio: 0.8290 MEVI | stima: 115.5384 MEVI | ricevuti: 107.9319 MEVI | ATTACCO: SI | perdita: 7.6065 MEVI | rimborso: 7.6165 MEVI
[14:28:23][  SWAP] TRADER 0xBcd4042DE499D14e55001CcbB24a551F3b954096 | 74.53 USDC | prot: NESSUNA | stima: 73.4354 MEVI | ricevuti: 67.2525 MEVI | ATTACCO: NO
[14:28:23][  SWAP] TRADER 0x71bE63f3384f5fb98995898A86B02Fb2426c5788 | 113.38 USDC | prot: NESSUNA | stima: 110.8660 MEVI | ricevuti: 110.8660 MEVI | ATTACCO: NO
[14:28:23][  SWAP] TRADER 0xa0Ee7A142d267C1f36714E4a8F75612F20a79720 | 113.07 USDC | prot: NESSUNA | stima: 110.5696 MEVI | ricevuti: 105.7724 MEVI | ATTACCO: NO
[14:28:23][  SWAP] TRADER 0x23618e81E3f5cdF7f54C3d65f7FBc0aBf5B21E8f | 74.58 USDC | prot: NESSUNA | stima: 73.4839 MEVI | ricevuti: 65.4308 MEVI | ATTACCO: NO
[14:28:23][  SWAP] TRADER 0x3C44CdDdB6a900fa2b585dd299e03d12FA4293BC | 68.60 USDC | prot: HIGH | premio: 0.3933 MEVI | stima: 67.6715 MEVI | ricevuti: 58.6016 MEVI | ATTACCO: NO
[14:28:23][  SWAP] TRADER 0x90F79bf6EB2c4f870365E785982E1f101E93b906 | 93.22 USDC | prot: HIGH | premio: 0.5344 MEVI | stima: 81.5016 MEVI | ricevuti: 77.3061 MEVI | ATTACCO: NO
[14:28:33][ATTACK] NAKED ATTACK | victim=0x14dC79964da2C0 | swap=121.0000 USDC | loss_sandwich=3.1362 MEVI (3.40%)
[14:28:37][  SWAP] TRADER 0x15d34AAf54267DB7D7c367839AAf71A00a2C6A65 | 53.45 USDC | prot: HIGH | premio: 0.3064 MEVI | stima: 43.1626 MEVI | ricevuti: 43.1626 MEVI | ATTACCO: NO
[14:28:39][  SWAP] TRADER 0x976EA74026E726554dB657fA54763abd0C3a0aa9 | 77.44 USDC | prot: HIGH | premio: 0.4440 MEVI | stima: 62.2680 MEVI | ricevuti: 61.0912 MEVI | ATTACCO: NO
[14:28:40][  SWAP] TRADER 0x14dC79964da2C08b23698B3D3cc7Ca32193d9955 | 121.00 USDC | prot: NESSUNA | stima: 94.7270 MEVI | ricevuti: 89.0468 MEVI | ATTACCO: SI | perdita: 3.1362 MEVI | rimborso: NON ASSICURATO
[14:28:47][  SWAP] TRADER 0xa0Ee7A142d267C1f36714E4a8F75612F20a79720 | 140.06 USDC | prot: NESSUNA | stima: 102.1165 MEVI | ricevuti: 102.1165 MEVI | ATTACCO: NO
[14:28:47][  SWAP] TRADER 0x71bE63f3384f5fb98995898A86B02Fb2426c5788 | 138.38 USDC | prot: NESSUNA | stima: 100.9202 MEVI | ricevuti: 88.5054 MEVI | ATTACCO: NO
[14:28:47][  SWAP] TRADER 0xBcd4042DE499D14e55001CcbB24a551F3b954096 | 80.50 USDC | prot: NESSUNA | stima: 59.2877 MEVI | ricevuti: 56.5367 MEVI | ATTACCO: NO
[14:28:47][  SWAP] TRADER 0x90F79bf6EB2c4f870365E785982E1f101E93b906 | 94.11 USDC | prot: HIGH | premio: 0.5395 MEVI | stima: 69.1510 MEVI | ricevuti: 58.0099 MEVI | ATTACCO: NO
[14:28:47][  SWAP] TRADER 0x9965507D1a55bcC2695C58ba16FB37d819B0A4dc | 119.26 USDC | prot: HIGH | premio: 0.6837 MEVI | stima: 87.2577 MEVI | ricevuti: 81.0273 MEVI | ATTACCO: NO
[14:28:47][  SWAP] TRADER 0x23618e81E3f5cdF7f54C3d65f7FBc0aBf5B21E8f | 57.32 USDC | prot: NESSUNA | stima: 42.3833 MEVI | ricevuti: 37.8320 MEVI | ATTACCO: NO
[14:28:51][  SWAP] TRADER 0x3C44CdDdB6a900fa2b585dd299e03d12FA4293BC | 81.85 USDC | prot: HIGH | premio: 0.4692 MEVI | stima: 60.2681 MEVI | ricevuti: 49.0865 MEVI | ATTACCO: NO
[14:28:58][ATTACK] INSURED ATTACK | victim=0x15d34AAf54267D | swap=58.2900 USDC | loss_sandwich=4.4003 MEVI (7.64%)
[14:29:04][ATTACK] NAKED ATTACK | victim=0x71bE63f3384f5f | swap=105.8400 USDC | loss_sandwich=8.2223 MEVI (8.66%)
[14:29:06][  SWAP] TRADER 0x14dC79964da2C08b23698B3D3cc7Ca32193d9955 | 103.78 USDC | prot: NESSUNA | stima: 101.6697 MEVI | ricevuti: 97.7608 MEVI | ATTACCO: NO
[14:29:07][  SWAP] TRADER 0x976EA74026E726554dB657fA54763abd0C3a0aa9 | 70.53 USDC | prot: HIGH | premio: 0.4043 MEVI | stima: 69.5489 MEVI | ricevuti: 65.4134 MEVI | ATTACCO: NO
[14:29:08][  POOL] POOL UPDATE | mevi=49.4258 MEVI | eth=4.118000 ETH
[14:29:12][  SWAP] TRADER 0x71bE63f3384f5fb98995898A86B02Fb2426c5788 | 105.84 USDC | prot: NESSUNA | stima: 94.9155 MEVI | ricevuti: 86.6932 MEVI | ATTACCO: SI | perdita: 8.2223 MEVI | rimborso: NON ASSICURATO
[14:29:12][  SWAP] TRADER 0xBcd4042DE499D14e55001CcbB24a551F3b954096 | 88.91 USDC | prot: NESSUNA | stima: 79.9869 MEVI | ricevuti: 77.0363 MEVI | ATTACCO: NO
[14:29:12][  SWAP] TRADER 0x23618e81E3f5cdF7f54C3d65f7FBc0aBf5B21E8f | 55.79 USDC | prot: NESSUNA | stima: 50.5055 MEVI | ricevuti: 47.0611 MEVI | ATTACCO: NO
[14:29:13][  SWAP] TRADER 0xa0Ee7A142d267C1f36714E4a8F75612F20a79720 | 149.60 USDC | prot: NESSUNA | stima: 133.0669 MEVI | ricevuti: 121.6979 MEVI | ATTACCO: NO
[14:29:14][  SWAP] TRADER 0x90F79bf6EB2c4f870365E785982E1f101E93b906 | 52.43 USDC | prot: HIGH | premio: 0.3006 MEVI | stima: 47.4940 MEVI | ricevuti: 41.1318 MEVI | ATTACCO: NO
[14:29:14][  SWAP] TRADER 0x9965507D1a55bcC2695C58ba16FB37d819B0A4dc | 137.53 USDC | prot: HIGH | premio: 0.7885 MEVI | stima: 122.6060 MEVI | ricevuti: 104.3653 MEVI | ATTACCO: NO
[14:29:16][  SWAP] TRADER 0x15d34AAf54267DB7D7c367839AAf71A00a2C6A65 | 58.29 USDC | prot: HIGH | premio: 0.3342 MEVI | stima: 57.6183 MEVI | ricevuti: 53.2180 MEVI | ATTACCO: SI | perdita: 4.4003 MEVI | rimborso: 4.4103 MEVI
[14:29:18][  SWAP] TRADER 0x3C44CdDdB6a900fa2b585dd299e03d12FA4293BC | 57.07 USDC | prot: HIGH | premio: 0.3272 MEVI | stima: 41.8711 MEVI | ricevuti: 41.8711 MEVI | ATTACCO: NO
[14:29:31][  SWAP] TRADER 0x14dC79964da2C08b23698B3D3cc7Ca32193d9955 | 114.54 USDC | prot: NESSUNA | stima: 111.9749 MEVI | ricevuti: 111.9749 MEVI | ATTACCO: NO
[14:29:31][ATTACK] NAKED ATTACK | victim=0xa0Ee7A142d267C | swap=102.2800 USDC | loss_sandwich=2.9710 MEVI (3.53%)
[14:29:33][ATTACK] INSURED ATTACK | victim=0x9965507D1a55bc | swap=102.6900 USDC | loss_sandwich=5.0098 MEVI (6.15%)
[14:29:35][  SWAP] TRADER 0x976EA74026E726554dB657fA54763abd0C3a0aa9 | 87.71 USDC | prot: HIGH | premio: 0.5028 MEVI | stima: 86.1979 MEVI | ricevuti: 82.4122 MEVI | ATTACCO: NO
[14:29:37][  SWAP] TRADER 0x71bE63f3384f5fb98995898A86B02Fb2426c5788 | 102.44 USDC | prot: NESSUNA | stima: 95.9807 MEVI | ricevuti: 87.4779 MEVI | ATTACCO: NO
[14:29:37][  SWAP] TRADER 0xBcd4042DE499D14e55001CcbB24a551F3b954096 | 64.15 USDC | prot: NESSUNA | stima: 60.5494 MEVI | ricevuti: 58.5372 MEVI | ATTACCO: NO
[14:29:37][  SWAP] TRADER 0x23618e81E3f5cdF7f54C3d65f7FBc0aBf5B21E8f | 93.35 USDC | prot: NESSUNA | stima: 87.6165 MEVI | ricevuti: 82.6791 MEVI | ATTACCO: NO
[14:29:38][  SWAP] TRADER 0xa0Ee7A142d267C1f36714E4a8F75612F20a79720 | 102.28 USDC | prot: NESSUNA | stima: 92.6601 MEVI | ricevuti: 81.1569 MEVI | ATTACCO: SI | perdita: 2.9710 MEVI | rimborso: NON ASSICURATO
[14:29:41][  SWAP] TRADER 0x90F79bf6EB2c4f870365E785982E1f101E93b906 | 80.92 USDC | prot: HIGH | premio: 0.4639 MEVI | stima: 73.6055 MEVI | ricevuti: 62.2189 MEVI | ATTACCO: NO
[14:29:43][  SWAP] TRADER 0x15d34AAf54267DB7D7c367839AAf71A00a2C6A65 | 63.63 USDC | prot: HIGH | premio: 0.3648 MEVI | stima: 50.8428 MEVI | ricevuti: 47.7529 MEVI | ATTACCO: NO
[14:29:44][  SWAP] TRADER 0x3C44CdDdB6a900fa2b585dd299e03d12FA4293BC | 75.93 USDC | prot: HIGH | premio: 0.4353 MEVI | stima: 56.8633 MEVI | ricevuti: 55.6312 MEVI | ATTACCO: NO
[14:29:50][  SWAP] TRADER 0x9965507D1a55bcC2695C58ba16FB37d819B0A4dc | 102.69 USDC | prot: HIGH | premio: 0.5887 MEVI | stima: 93.0243 MEVI | ricevuti: 76.4775 MEVI | ATTACCO: SI | perdita: 5.0098 MEVI | rimborso: 5.0198 MEVI
[14:29:55][  SWAP] TRADER 0x14dC79964da2C08b23698B3D3cc7Ca32193d9955 | 123.81 USDC | prot: NESSUNA | stima: 120.8183 MEVI | ricevuti: 120.8183 MEVI | ATTACCO: NO
[14:30:03][  SWAP] TRADER 0x71bE63f3384f5fb98995898A86B02Fb2426c5788 | 140.20 USDC | prot: NESSUNA | stima: 129.9506 MEVI | ricevuti: 125.9762 MEVI | ATTACCO: NO
[14:30:03][  SWAP] TRADER 0x23618e81E3f5cdF7f54C3d65f7FBc0aBf5B21E8f | 81.28 USDC | prot: NESSUNA | stima: 76.1908 MEVI | ricevuti: 76.1908 MEVI | ATTACCO: NO
[14:30:03][  SWAP] TRADER 0xBcd4042DE499D14e55001CcbB24a551F3b954096 | 55.59 USDC | prot: NESSUNA | stima: 52.3678 MEVI | ricevuti: 48.1394 MEVI | ATTACCO: NO
[14:30:04][  SWAP] TRADER 0x976EA74026E726554dB657fA54763abd0C3a0aa9 | 50.45 USDC | prot: HIGH | premio: 0.2951 MEVI | stima: 47.5729 MEVI | ricevuti: 42.8385 MEVI | ATTACCO: NO
[14:30:04][  SWAP] TRADER 0xa0Ee7A142d267C1f36714E4a8F75612F20a79720 | 145.01 USDC | prot: NESSUNA | stima: 134.2863 MEVI | ricevuti: 118.8314 MEVI | ATTACCO: NO
[14:30:09][  SWAP] TRADER 0x90F79bf6EB2c4f870365E785982E1f101E93b906 | 79.97 USDC | prot: HIGH | premio: 0.4678 MEVI | stima: 67.5390 MEVI | ricevuti: 62.9357 MEVI | ATTACCO: NO
[14:30:12][  SWAP] TRADER 0x15d34AAf54267DB7D7c367839AAf71A00a2C6A65 | 72.98 USDC | prot: HIGH | premio: 0.4269 MEVI | stima: 57.5054 MEVI | ricevuti: 55.9067 MEVI | ATTACCO: NO
[14:30:13][  SWAP] TRADER 0x3C44CdDdB6a900fa2b585dd299e03d12FA4293BC | 55.44 USDC | prot: HIGH | premio: 0.3243 MEVI | stima: 43.8202 MEVI | ricevuti: 41.5305 MEVI | ATTACCO: NO
[14:30:13][ATTACK] INSURED ATTACK | victim=0x9965507D1a55bc | swap=112.3400 USDC | loss_sandwich=2.7207 MEVI (3.33%)
[14:30:21][  SWAP] TRADER 0x14dC79964da2C08b23698B3D3cc7Ca32193d9955 | 121.90 USDC | prot: NESSUNA | stima: 88.5837 MEVI | ricevuti: 82.5017 MEVI | ATTACCO: NO
[14:30:22][ATTACK] NAKED ATTACK | victim=0xa0Ee7A142d267C | swap=139.1600 USDC | loss_sandwich=4.7180 MEVI (3.71%)
[14:30:28][  SWAP] TRADER 0x71bE63f3384f5fb98995898A86B02Fb2426c5788 | 104.10 USDC | prot: NESSUNA | stima: 101.9768 MEVI | ricevuti: 99.5739 MEVI | ATTACCO: NO
[14:30:28][  SWAP] TRADER 0x23618e81E3f5cdF7f54C3d65f7FBc0aBf5B21E8f | 60.59 USDC | prot: NESSUNA | stima: 59.8646 MEVI | ricevuti: 59.8646 MEVI | ATTACCO: NO
[14:30:30][  SWAP] TRADER 0xBcd4042DE499D14e55001CcbB24a551F3b954096 | 86.97 USDC | prot: NESSUNA | stima: 85.4831 MEVI | ricevuti: 73.2772 MEVI | ATTACCO: NO
[14:30:30][  SWAP] TRADER 0xa0Ee7A142d267C1f36714E4a8F75612F20a79720 | 139.16 USDC | prot: NESSUNA | stima: 135.3918 MEVI | ricevuti: 122.2865 MEVI | ATTACCO: SI | perdita: 4.7180 MEVI | rimborso: NON ASSICURATO
[14:30:31][  SWAP] TRADER 0x9965507D1a55bcC2695C58ba16FB37d819B0A4dc | 112.34 USDC | prot: HIGH | premio: 0.6572 MEVI | stima: 81.7684 MEVI | ricevuti: 79.0477 MEVI | ATTACCO: SI | perdita: 2.7207 MEVI | rimborso: 2.7307 MEVI
[14:30:31][  SWAP] TRADER 0x976EA74026E726554dB657fA54763abd0C3a0aa9 | 50.26 USDC | prot: HIGH | premio: 0.2940 MEVI | stima: 49.7598 MEVI | ricevuti: 42.9582 MEVI | ATTACCO: NO
[14:30:35][  SWAP] TRADER 0x90F79bf6EB2c4f870365E785982E1f101E93b906 | 99.76 USDC | prot: HIGH | premio: 0.5719 MEVI | stima: 82.9549 MEVI | ricevuti: 82.9549 MEVI | ATTACCO: NO
[14:30:35][  SWAP] TRADER 0x15d34AAf54267DB7D7c367839AAf71A00a2C6A65 | 96.49 USDC | prot: HIGH | premio: 0.5532 MEVI | stima: 80.2832 MEVI | ricevuti: 77.4388 MEVI | ATTACCO: NO
[14:30:36][  SWAP] TRADER 0x3C44CdDdB6a900fa2b585dd299e03d12FA4293BC | 95.19 USDC | prot: HIGH | premio: 0.5457 MEVI | stima: 73.8376 MEVI | ricevuti: 73.8376 MEVI | ATTACCO: NO
[14:30:46][  SWAP] TRADER 0x14dC79964da2C08b23698B3D3cc7Ca32193d9955 | 141.09 USDC | prot: NESSUNA | stima: 105.0333 MEVI | ricevuti: 105.0333 MEVI | ATTACCO: NO
[14:30:54][  SWAP] TRADER 0x23618e81E3f5cdF7f54C3d65f7FBc0aBf5B21E8f | 55.95 USDC | prot: NESSUNA | stima: 40.2657 MEVI | ricevuti: 55.3308 MEVI | ATTACCO: NO
[14:30:54][  SWAP] TRADER 0x71bE63f3384f5fb98995898A86B02Fb2426c5788 | 139.80 USDC | prot: NESSUNA | stima: 99.2055 MEVI | ricevuti: 99.2055 MEVI | ATTACCO: NO
[14:30:55][  SWAP] TRADER 0xa0Ee7A142d267C1f36714E4a8F75612F20a79720 | 114.10 USDC | prot: NESSUNA | stima: 81.3161 MEVI | ricevuti: 109.1260 MEVI | ATTACCO: NO
[14:30:55][  SWAP] TRADER 0xBcd4042DE499D14e55001CcbB24a551F3b954096 | 93.26 USDC | prot: NESSUNA | stima: 66.6964 MEVI | ricevuti: 85.6804 MEVI | ATTACCO: NO
[14:31:00][  SWAP] TRADER 0x9965507D1a55bcC2695C58ba16FB37d819B0A4dc | 123.83 USDC | prot: HIGH | premio: 0.7099 MEVI | stima: 118.2093 MEVI | ricevuti: 109.1814 MEVI | ATTACCO: NO
[14:31:00][  SWAP] TRADER 0x976EA74026E726554dB657fA54763abd0C3a0aa9 | 91.95 USDC | prot: HIGH | premio: 0.5271 MEVI | stima: 88.3200 MEVI | ricevuti: 77.8798 MEVI | ATTACCO: NO
[14:31:04][  SWAP] TRADER 0x15d34AAf54267DB7D7c367839AAf71A00a2C6A65 | 59.68 USDC | prot: HIGH | premio: 0.3421 MEVI | stima: 53.2542 MEVI | ricevuti: 49.1640 MEVI | ATTACCO: NO
[14:31:06][  SWAP] TRADER 0x90F79bf6EB2c4f870365E785982E1f101E93b906 | 94.41 USDC | prot: HIGH | premio: 0.5413 MEVI | stima: 77.2897 MEVI | ricevuti: 75.6469 MEVI | ATTACCO: NO
[14:31:08][  POOL] POOL UPDATE | mevi=46.2045 MEVI | eth=4.064000 ETH
[14:31:12][  SWAP] TRADER 0x14dC79964da2C08b23698B3D3cc7Ca32193d9955 | 132.67 USDC | prot: NESSUNA | stima: 102.1165 MEVI | ricevuti: 102.1165 MEVI | ATTACCO: NO
[14:31:12][ATTACK] NAKED ATTACK | victim=0x71bE63f3384f5f | swap=143.5300 USDC | loss_sandwich=3.5179 MEVI (3.34%)
[14:31:19][  SWAP] TRADER 0x71bE63f3384f5fb98995898A86B02Fb2426c5788 | 143.53 USDC | prot: NESSUNA | stima: 105.3119 MEVI | ricevuti: 101.7940 MEVI | ATTACCO: SI | perdita: 3.5179 MEVI | rimborso: NON ASSICURATO
[14:31:19][  SWAP] TRADER 0x3C44CdDdB6a900fa2b585dd299e03d12FA4293BC | 62.63 USDC | prot: HIGH | premio: 0.3591 MEVI | stima: 46.5912 MEVI | ricevuti: 42.9102 MEVI | ATTACCO: NO
[14:31:19][  SWAP] TRADER 0x23618e81E3f5cdF7f54C3d65f7FBc0aBf5B21E8f | 75.84 USDC | prot: NESSUNA | stima: 56.2907 MEVI | ricevuti: 50.7905 MEVI | ATTACCO: NO
[14:31:21][  SWAP] TRADER 0xa0Ee7A142d267C1f36714E4a8F75612F20a79720 | 138.75 USDC | prot: NESSUNA | stima: 101.8871 MEVI | ricevuti: 90.1642 MEVI | ATTACCO: NO
[14:31:21][  SWAP] TRADER 0xBcd4042DE499D14e55001CcbB24a551F3b954096 | 94.38 USDC | prot: NESSUNA | stima: 69.8300 MEVI | ricevuti: 63.6987 MEVI | ATTACCO: NO
[14:31:21][ATTACK] INSURED ATTACK | victim=0x9965507D1a55bc | swap=120.2100 USDC | loss_sandwich=4.5063 MEVI (3.84%)
[14:31:28][  SWAP] TRADER 0x976EA74026E726554dB657fA54763abd0C3a0aa9 | 86.70 USDC | prot: HIGH | premio: 0.4971 MEVI | stima: 54.3429 MEVI | ricevuti: 78.2401 MEVI | ATTACCO: NO
[14:31:33][  SWAP] TRADER 0x15d34AAf54267DB7D7c367839AAf71A00a2C6A65 | 66.74 USDC | prot: HIGH | premio: 0.3826 MEVI | stima: 65.8609 MEVI | ricevuti: 60.9281 MEVI | ATTACCO: NO
[14:31:34][  SWAP] TRADER 0x90F79bf6EB2c4f870365E785982E1f101E93b906 | 91.89 USDC | prot: HIGH | premio: 0.5268 MEVI | stima: 83.4893 MEVI | ricevuti: 81.4046 MEVI | ATTACCO: NO
[14:31:37][  SWAP] TRADER 0x14dC79964da2C08b23698B3D3cc7Ca32193d9955 | 142.41 USDC | prot: NESSUNA | stima: 120.7863 MEVI | ricevuti: 120.7863 MEVI | ATTACCO: NO
[14:31:39][  SWAP] TRADER 0x9965507D1a55bcC2695C58ba16FB37d819B0A4dc | 120.21 USDC | prot: HIGH | premio: 0.6892 MEVI | stima: 74.9518 MEVI | ricevuti: 112.8814 MEVI | ATTACCO: SI | perdita: 4.5063 MEVI | rimborso: 4.5163 MEVI
[14:31:43][  SWAP] TRADER 0x71bE63f3384f5fb98995898A86B02Fb2426c5788 | 104.19 USDC | prot: NESSUNA | stima: 84.4817 MEVI | ricevuti: 84.4817 MEVI | ATTACCO: NO
[14:31:43][  SWAP] TRADER 0x23618e81E3f5cdF7f54C3d65f7FBc0aBf5B21E8f | 58.29 USDC | prot: NESSUNA | stima: 47.6543 MEVI | ricevuti: 45.9080 MEVI | ATTACCO: NO
[14:31:43][  SWAP] TRADER 0x3C44CdDdB6a900fa2b585dd299e03d12FA4293BC | 57.20 USDC | prot: HIGH | premio: 0.3279 MEVI | stima: 46.7723 MEVI | ricevuti: 44.1401 MEVI | ATTACCO: NO
[14:31:44][  SWAP] TRADER 0xa0Ee7A142d267C1f36714E4a8F75612F20a79720 | 124.37 USDC | prot: NESSUNA | stima: 92.9923 MEVI | ricevuti: 92.9923 MEVI | ATTACCO: NO
[14:31:44][  SWAP] TRADER 0xBcd4042DE499D14e55001CcbB24a551F3b954096 | 75.83 USDC | prot: NESSUNA | stima: 57.1734 MEVI | ricevuti: 54.7815 MEVI | ATTACCO: NO
[14:31:59][  SWAP] TRADER 0x976EA74026E726554dB657fA54763abd0C3a0aa9 | 66.34 USDC | prot: HIGH | premio: 0.3803 MEVI | stima: 46.7876 MEVI | ricevuti: 65.4713 MEVI | ATTACCO: NO
[14:32:02][  SWAP] TRADER 0x15d34AAf54267DB7D7c367839AAf71A00a2C6A65 | 78.13 USDC | prot: HIGH | premio: 0.4479 MEVI | stima: 76.9279 MEVI | ricevuti: 74.9416 MEVI | ATTACCO: NO
[14:32:02][ATTACK] NAKED ATTACK | victim=0x71bE63f3384f5f | swap=135.7400 USDC | loss_sandwich=6.2567 MEVI (5.62%)
[14:32:03][  SWAP] TRADER 0x90F79bf6EB2c4f870365E785982E1f101E93b906 | 53.34 USDC | prot: HIGH | premio: 0.3058 MEVI | stima: 52.7770 MEVI | ricevuti: 49.8692 MEVI | ATTACCO: NO
[14:32:05][  SWAP] TRADER 0x14dC79964da2C08b23698B3D3cc7Ca32193d9955 | 139.08 USDC | prot: NESSUNA | stima: 127.9199 MEVI | ricevuti: 125.3418 MEVI | ATTACCO: NO
[14:32:05][ATTACK] INSURED ATTACK | victim=0x3C44CdDdB6a900 | swap=92.8700 USDC | loss_sandwich=2.2058 MEVI (3.31%)
[14:32:08][  SWAP] TRADER 0x9965507D1a55bcC2695C58ba16FB37d819B0A4dc | 114.24 USDC | prot: HIGH | premio: 0.6549 MEVI | stima: 105.5695 MEVI | ricevuti: 98.1710 MEVI | ATTACCO: NO
[14:32:09][  SWAP] TRADER 0x23618e81E3f5cdF7f54C3d65f7FBc0aBf5B21E8f | 76.81 USDC | prot: NESSUNA | stima: 66.4623 MEVI | ricevuti: 57.3407 MEVI | ATTACCO: NO
[14:32:09][  SWAP] TRADER 0xa0Ee7A142d267C1f36714E4a8F75612F20a79720 | 141.64 USDC | prot: NESSUNA | stima: 121.1082 MEVI | ricevuti: 101.8671 MEVI | ATTACCO: NO
[14:32:09][  SWAP] TRADER 0xBcd4042DE499D14e55001CcbB24a551F3b954096 | 61.77 USDC | prot: NESSUNA | stima: 53.5974 MEVI | ricevuti: 49.5620 MEVI | ATTACCO: NO
[14:32:09][  SWAP] TRADER 0x71bE63f3384f5fb98995898A86B02Fb2426c5788 | 135.74 USDC | prot: NESSUNA | stima: 116.1886 MEVI | ricevuti: 105.1709 MEVI | ATTACCO: SI | perdita: 6.2567 MEVI | rimborso: NON ASSICURATO
[14:32:23][  SWAP] TRADER 0x3C44CdDdB6a900fa2b585dd299e03d12FA4293BC | 92.87 USDC | prot: HIGH | premio: 0.5324 MEVI | stima: 80.1210 MEVI | ricevuti: 64.5127 MEVI | ATTACCO: SI | perdita: 2.2058 MEVI | rimborso: 2.2158 MEVI
[14:32:27][  SWAP] TRADER 0x15d34AAf54267DB7D7c367839AAf71A00a2C6A65 | 78.37 USDC | prot: HIGH | premio: 0.4401 MEVI | stima: 77.1606 MEVI | ricevuti: 75.2125 MEVI | ATTACCO: NO
[14:32:27][  SWAP] TRADER 0x90F79bf6EB2c4f870365E785982E1f101E93b906 | 92.08 USDC | prot: HIGH | premio: 0.5171 MEVI | stima: 90.4149 MEVI | ricevuti: 85.4930 MEVI | ATTACCO: NO
[14:32:27][  SWAP] TRADER 0x976EA74026E726554dB657fA54763abd0C3a0aa9 | 64.84 USDC | prot: HIGH | premio: 0.3641 MEVI | stima: 45.3913 MEVI | ricevuti: 64.0099 MEVI | ATTACCO: NO
[14:32:28][  SWAP] TRADER 0x14dC79964da2C08b23698B3D3cc7Ca32193d9955 | 148.06 USDC | prot: NESSUNA | stima: 131.3362 MEVI | ricevuti: 131.3362 MEVI | ATTACCO: NO
[14:32:35][  SWAP] TRADER 0xBcd4042DE499D14e55001CcbB24a551F3b954096 | 69.00 USDC | prot: NESSUNA | stima: 58.7696 MEVI | ricevuti: 58.7696 MEVI | ATTACCO: NO
[14:32:35][  SWAP] TRADER 0x71bE63f3384f5fb98995898A86B02Fb2426c5788 | 123.62 USDC | prot: NESSUNA | stima: 104.2470 MEVI | ricevuti: 101.6540 MEVI | ATTACCO: NO
[14:32:37][  SWAP] TRADER 0x23618e81E3f5cdF7f54C3d65f7FBc0aBf5B21E8f | 70.94 USDC | prot: NESSUNA | stima: 60.4005 MEVI | ricevuti: 56.3248 MEVI | ATTACCO: NO
[14:32:37][  SWAP] TRADER 0x9965507D1a55bcC2695C58ba16FB37d819B0A4dc | 114.30 USDC | prot: HIGH | premio: 0.6419 MEVI | stima: 96.5509 MEVI | ricevuti: 87.8338 MEVI | ATTACCO: NO
[14:32:50][  SWAP] TRADER 0xa0Ee7A142d267C1f36714E4a8F75612F20a79720 | 132.80 USDC | prot: NESSUNA | stima: 97.7718 MEVI | ricevuti: 97.7718 MEVI | ATTACCO: NO
[14:32:50][  SWAP] TRADER 0x3C44CdDdB6a900fa2b585dd299e03d12FA4293BC | 56.67 USDC | prot: HIGH | premio: 0.3183 MEVI | stima: 42.2683 MEVI | ricevuti: 40.3939 MEVI | ATTACCO: NO
[14:32:53][  SWAP] TRADER 0x14dC79964da2C08b23698B3D3cc7Ca32193d9955 | 108.61 USDC | prot: NESSUNA | stima: 75.3046 MEVI | ricevuti: 75.3046 MEVI | ATTACCO: NO
[14:32:55][ATTACK] NAKED ATTACK | victim=0x23618e81E3f5cd | swap=96.9000 USDC | loss_sandwich=2.8567 MEVI (3.55%)
[14:32:56][  SWAP] TRADER 0x15d34AAf54267DB7D7c367839AAf71A00a2C6A65 | 75.97 USDC | prot: HIGH | premio: 0.4266 MEVI | stima: 52.9590 MEVI | ricevuti: 70.3365 MEVI | ATTACCO: NO
[14:32:56][  SWAP] TRADER 0x976EA74026E726554dB657fA54763abd0C3a0aa9 | 94.75 USDC | prot: HIGH | premio: 0.5321 MEVI | stima: 65.8454 MEVI | ricevuti: 90.6814 MEVI | ATTACCO: NO
[14:32:56][  SWAP] TRADER 0x90F79bf6EB2c4f870365E785982E1f101E93b906 | 63.78 USDC | prot: HIGH | premio: 0.3582 MEVI | stima: 44.5514 MEVI | ricevuti: 62.9767 MEVI | ATTACCO: NO
[14:33:01][  SWAP] TRADER 0xBcd4042DE499D14e55001CcbB24a551F3b954096 | 88.45 USDC | prot: NESSUNA | stima: 79.3616 MEVI | ricevuti: 76.0262 MEVI | ATTACCO: NO
[14:33:01][  SWAP] TRADER 0x71bE63f3384f5fb98995898A86B02Fb2426c5788 | 114.54 USDC | prot: NESSUNA | stima: 102.2695 MEVI | ricevuti: 102.2695 MEVI | ATTACCO: NO
[14:33:02][  SWAP] TRADER 0x23618e81E3f5cdF7f54C3d65f7FBc0aBf5B21E8f | 96.90 USDC | prot: NESSUNA | stima: 86.8055 MEVI | ricevuti: 77.6433 MEVI | ATTACCO: SI | perdita: 2.8567 MEVI | rimborso: NON ASSICURATO
[14:33:03][  SWAP] TRADER 0x9965507D1a55bcC2695C58ba16FB37d819B0A4dc | 128.18 USDC | prot: HIGH | premio: 0.7199 MEVI | stima: 114.1572 MEVI | ricevuti: 102.3439 MEVI | ATTACCO: NO
[14:33:08][  POOL] POOL UPDATE | mevi=49.3099 MEVI | eth=4.028000 ETH
[14:33:16][  SWAP] TRADER 0xa0Ee7A142d267C1f36714E4a8F75612F20a79720 | 125.19 USDC | prot: NESSUNA | stima: 95.5789 MEVI | ricevuti: 95.5789 MEVI | ATTACCO: NO
[14:33:17][  SWAP] TRADER 0x3C44CdDdB6a900fa2b585dd299e03d12FA4293BC | 73.93 USDC | prot: HIGH | premio: 0.4152 MEVI | stima: 56.9480 MEVI | ricevuti: 54.5252 MEVI | ATTACCO: NO
[14:33:17][ATTACK] INSURED ATTACK | victim=0x15d34AAf54267D | swap=62.7100 USDC | loss_sandwich=1.4125 MEVI (3.25%)
[14:33:19][  SWAP] TRADER 0x14dC79964da2C08b23698B3D3cc7Ca32193d9955 | 114.72 USDC | prot: NESSUNA | stima: 84.0239 MEVI | ricevuti: 81.9370 MEVI | ATTACCO: NO
[14:33:25][  SWAP] TRADER 0x90F79bf6EB2c4f870365E785982E1f101E93b906 | 67.02 USDC | prot: HIGH | premio: 0.3764 MEVI | stima: 46.4279 MEVI | ricevuti: 43.2107 MEVI | ATTACCO: NO
[14:33:25][  SWAP] TRADER 0x976EA74026E726554dB657fA54763abd0C3a0aa9 | 56.91 USDC | prot: HIGH | premio: 0.3196 MEVI | stima: 39.4903 MEVI | ricevuti: 37.4333 MEVI | ATTACCO: NO
[14:33:26][  SWAP] TRADER 0x71bE63f3384f5fb98995898A86B02Fb2426c5788 | 114.27 USDC | prot: NESSUNA | stima: 78.5459 MEVI | ricevuti: 112.1632 MEVI | ATTACCO: NO
[14:33:26][  SWAP] TRADER 0x23618e81E3f5cdF7f54C3d65f7FBc0aBf5B21E8f | 60.39 USDC | prot: NESSUNA | stima: 61.2984 MEVI | ricevuti: 57.2719 MEVI | ATTACCO: NO
[14:33:26][  SWAP] TRADER 0xBcd4042DE499D14e55001CcbB24a551F3b954096 | 57.22 USDC | prot: NESSUNA | stima: 39.7034 MEVI | ricevuti: 58.1177 MEVI | ATTACCO: NO
[14:33:31][  SWAP] TRADER 0x9965507D1a55bcC2695C58ba16FB37d819B0A4dc | 147.07 USDC | prot: HIGH | premio: 0.8259 MEVI | stima: 134.0288 MEVI | ricevuti: 134.0288 MEVI | ATTACCO: NO
[14:33:35][  SWAP] TRADER 0x15d34AAf54267DB7D7c367839AAf71A00a2C6A65 | 62.71 USDC | prot: HIGH | premio: 0.3522 MEVI | stima: 43.4732 MEVI | ricevuti: 42.0607 MEVI | ATTACCO: SI | perdita: 1.4125 MEVI | rimborso: 1.4225 MEVI
[14:33:39][  SWAP] TRADER 0xa0Ee7A142d267C1f36714E4a8F75612F20a79720 | 101.98 USDC | prot: NESSUNA | stima: 88.6616 MEVI | ricevuti: 88.6616 MEVI | ATTACCO: NO
[14:33:42][  SWAP] TRADER 0x3C44CdDdB6a900fa2b585dd299e03d12FA4293BC | 99.75 USDC | prot: HIGH | premio: 0.5602 MEVI | stima: 83.5497 MEVI | ricevuti: 83.5497 MEVI | ATTACCO: NO
[14:33:43][ATTACK] NAKED ATTACK | victim=0xBcd4042DE499D1 | swap=62.4700 USDC | loss_sandwich=3.1278 MEVI (6.46%)
[14:33:44][  SWAP] TRADER 0x14dC79964da2C08b23698B3D3cc7Ca32193d9955 | 135.49 USDC | prot: NESSUNA | stima: 112.7543 MEVI | ricevuti: 108.7593 MEVI | ATTACCO: NO
[14:33:51][  SWAP] TRADER 0x23618e81E3f5cdF7f54C3d65f7FBc0aBf5B21E8f | 92.90 USDC | prot: NESSUNA | stima: 71.6056 MEVI | ricevuti: 69.1556 MEVI | ATTACCO: NO
[14:33:51][  SWAP] TRADER 0x976EA74026E726554dB657fA54763abd0C3a0aa9 | 88.93 USDC | prot: HIGH | premio: 0.4994 MEVI | stima: 68.5930 MEVI | ricevuti: 62.5661 MEVI | ATTACCO: NO
[14:33:51][  SWAP] TRADER 0x90F79bf6EB2c4f870365E785982E1f101E93b906 | 71.48 USDC | prot: HIGH | premio: 0.4014 MEVI | stima: 55.3018 MEVI | ricevuti: 48.9619 MEVI | ATTACCO: NO
[14:33:51][  SWAP] TRADER 0xBcd4042DE499D14e55001CcbB24a551F3b954096 | 62.47 USDC | prot: NESSUNA | stima: 48.4073 MEVI | ricevuti: 45.2795 MEVI | ATTACCO: SI | perdita: 3.1278 MEVI | rimborso: NON ASSICURATO
[14:33:51][  SWAP] TRADER 0x71bE63f3384f5fb98995898A86B02Fb2426c5788 | 121.21 USDC | prot: NESSUNA | stima: 92.9681 MEVI | ricevuti: 85.1773 MEVI | ATTACCO: NO
[14:33:59][  SWAP] TRADER 0x9965507D1a55bcC2695C58ba16FB37d819B0A4dc | 116.84 USDC | prot: HIGH | premio: 0.6562 MEVI | stima: 77.5990 MEVI | ricevuti: 114.1720 MEVI | ATTACCO: NO
[14:34:04][  SWAP] TRADER 0x15d34AAf54267DB7D7c367839AAf71A00a2C6A65 | 67.05 USDC | prot: HIGH | premio: 0.3766 MEVI | stima: 66.1628 MEVI | ricevuti: 63.1948 MEVI | ATTACCO: NO
[14:34:04][  SWAP] TRADER 0xa0Ee7A142d267C1f36714E4a8F75612F20a79720 | 104.92 USDC | prot: NESSUNA | stima: 98.1702 MEVI | ricevuti: 95.6719 MEVI | ATTACCO: NO
[14:34:10][ATTACK] INSURED ATTACK | victim=0x90F79bf6EB2c4f | swap=65.4800 USDC | loss_sandwich=2.4558 MEVI (5.03%)
[14:34:10][  SWAP] TRADER 0x14dC79964da2C08b23698B3D3cc7Ca32193d9955 | 125.07 USDC | prot: NESSUNA | stima: 109.2010 MEVI | ricevuti: 109.2010 MEVI | ATTACCO: NO
[14:34:11][  SWAP] TRADER 0x3C44CdDdB6a900fa2b585dd299e03d12FA4293BC | 87.51 USDC | prot: HIGH | premio: 0.4915 MEVI | stima: 76.9404 MEVI | ricevuti: 73.4542 MEVI | ATTACCO: NO
[14:34:16][  SWAP] TRADER 0x23618e81E3f5cdF7f54C3d65f7FBc0aBf5B21E8f | 52.08 USDC | prot: NESSUNA | stima: 42.6161 MEVI | ricevuti: 39.6317 MEVI | ATTACCO: NO
[14:34:16][  SWAP] TRADER 0xBcd4042DE499D14e55001CcbB24a551F3b954096 | 57.01 USDC | prot: NESSUNA | stima: 46.6089 MEVI | ricevuti: 46.6089 MEVI | ATTACCO: NO
[14:34:16][  SWAP] TRADER 0x71bE63f3384f5fb98995898A86B02Fb2426c5788 | 147.33 USDC | prot: NESSUNA | stima: 118.5247 MEVI | ricevuti: 116.1369 MEVI | ATTACCO: NO
[14:34:17][  SWAP] TRADER 0x976EA74026E726554dB657fA54763abd0C3a0aa9 | 51.36 USDC | prot: HIGH | premio: 0.2884 MEVI | stima: 42.0324 MEVI | ricevuti: 37.0940 MEVI | ATTACCO: NO
[14:34:22][ATTACK] NAKED ATTACK | victim=0xa0Ee7A142d267C | swap=131.3100 USDC | loss_sandwich=4.9067 MEVI (3.83%)
[14:34:28][  SWAP] TRADER 0x90F79bf6EB2c4f870365E785982E1f101E93b906 | 65.48 USDC | prot: HIGH | premio: 0.3677 MEVI | stima: 53.4521 MEVI | ricevuti: 46.3671 MEVI | ATTACCO: SI | perdita: 2.4558 MEVI | rimborso: 2.4657 MEVI
[14:34:29][  SWAP] TRADER 0x9965507D1a55bcC2695C58ba16FB37d819B0A4dc | 114.72 USDC | prot: HIGH | premio: 0.6443 MEVI | stima: 81.5927 MEVI | ricevuti: 102.5504 MEVI | ATTACCO: NO
[14:34:29][  SWAP] TRADER 0xa0Ee7A142d267C1f36714E4a8F75612F20a79720 | 131.31 USDC | prot: NESSUNA | stima: 93.1340 MEVI | ricevuti: 123.0431 MEVI | ATTACCO: SI | perdita: 4.9067 MEVI | rimborso: NON ASSICURATO
[14:34:32][  SWAP] TRADER 0x15d34AAf54267DB7D7c367839AAf71A00a2C6A65 | 55.92 USDC | prot: HIGH | premio: 0.3140 MEVI | stima: 40.1667 MEVI | ricevuti: 50.4284 MEVI | ATTACCO: NO
[14:34:33][  SWAP] TRADER 0x14dC79964da2C08b23698B3D3cc7Ca32193d9955 | 121.20 USDC | prot: NESSUNA | stima: 105.7222 MEVI | ricevuti: 105.7222 MEVI | ATTACCO: NO
[14:34:38][  SWAP] TRADER 0x3C44CdDdB6a900fa2b585dd299e03d12FA4293BC | 67.46 USDC | prot: HIGH | premio: 0.3789 MEVI | stima: 56.8199 MEVI | ricevuti: 56.8199 MEVI | ATTACCO: NO
[14:34:41][  SWAP] TRADER 0xBcd4042DE499D14e55001CcbB24a551F3b954096 | 56.13 USDC | prot: NESSUNA | stima: 46.2219 MEVI | ricevuti: 45.1641 MEVI | ATTACCO: NO
[14:34:41][  SWAP] TRADER 0x71bE63f3384f5fb98995898A86B02Fb2426c5788 | 100.31 USDC | prot: NESSUNA | stima: 81.9494 MEVI | ricevuti: 78.4985 MEVI | ATTACCO: NO
[14:34:42][  SWAP] TRADER 0x23618e81E3f5cdF7f54C3d65f7FBc0aBf5B21E8f | 64.15 USDC | prot: NESSUNA | stima: 52.7498 MEVI | ricevuti: 52.7498 MEVI | ATTACCO: NO
[14:34:46][  SWAP] TRADER 0x976EA74026E726554dB657fA54763abd0C3a0aa9 | 61.47 USDC | prot: HIGH | premio: 0.3452 MEVI | stima: 50.5705 MEVI | ricevuti: 46.7538 MEVI | ATTACCO: NO
[14:34:54][  SWAP] TRADER 0x90F79bf6EB2c4f870365E785982E1f101E93b906 | 76.21 USDC | prot: HIGH | premio: 0.4280 MEVI | stima: 56.5984 MEVI | ricevuti: 56.5984 MEVI | ATTACCO: NO
[14:34:55][  SWAP] TRADER 0xa0Ee7A142d267C1f36714E4a8F75612F20a79720 | 137.86 USDC | prot: NESSUNA | stima: 101.3142 MEVI | ricevuti: 98.7173 MEVI | ATTACCO: NO
[14:34:58][  SWAP] TRADER 0x9965507D1a55bcC2695C58ba16FB37d819B0A4dc | 113.18 USDC | prot: HIGH | premio: 0.6356 MEVI | stima: 83.5260 MEVI | ricevuti: 74.5305 MEVI | ATTACCO: NO
[14:34:58][  SWAP] TRADER 0x14dC79964da2C08b23698B3D3cc7Ca32193d9955 | 127.15 USDC | prot: NESSUNA | stima: 87.0961 MEVI | ricevuti: 87.0961 MEVI | ATTACCO: NO
[14:35:00][ATTACK] NAKED ATTACK | victim=0xBcd4042DE499D1 | swap=81.0200 USDC | loss_sandwich=5.7176 MEVI (7.33%)
[14:35:01][  SWAP] TRADER 0x15d34AAf54267DB7D7c367839AAf71A00a2C6A65 | 54.92 USDC | prot: HIGH | premio: 0.3084 MEVI | stima: 38.0699 MEVI | ricevuti: 54.3233 MEVI | ATTACCO: NO
[14:35:07][  SWAP] TRADER 0x23618e81E3f5cdF7f54C3d65f7FBc0aBf5B21E8f | 97.63 USDC | prot: NESSUNA | stima: 93.7102 MEVI | ricevuti: 90.1428 MEVI | ATTACCO: NO
[14:35:07][  SWAP] TRADER 0xBcd4042DE499D14e55001CcbB24a551F3b954096 | 81.02 USDC | prot: NESSUNA | stima: 78.0186 MEVI | ricevuti: 72.3010 MEVI | ATTACCO: SI | perdita: 5.7176 MEVI | rimborso: NON ASSICURATO
[14:35:07][  SWAP] TRADER 0x3C44CdDdB6a900fa2b585dd299e03d12FA4293BC | 59.28 USDC | prot: HIGH | premio: 0.3329 MEVI | stima: 57.3266 MEVI | ricevuti: 51.5243 MEVI | ATTACCO: NO
[14:35:07][ATTACK] INSURED ATTACK | victim=0x976EA74026E726 | swap=95.8700 USDC | loss_sandwich=2.8446 MEVI (3.56%)
[14:35:07][  SWAP] TRADER 0x71bE63f3384f5fb98995898A86B02Fb2426c5788 | 147.44 USDC | prot: NESSUNA | stima: 140.1653 MEVI | ricevuti: 123.3686 MEVI | ATTACCO: NO
[14:35:08][  POOL] POOL UPDATE | mevi=54.8629 MEVI | eth=3.992000 ETH
[14:35:21][  SWAP] TRADER 0xa0Ee7A142d267C1f36714E4a8F75612F20a79720 | 113.89 USDC | prot: NESSUNA | stima: 91.5708 MEVI | ricevuti: 91.5708 MEVI | ATTACCO: NO
[14:35:22][  SWAP] TRADER 0x90F79bf6EB2c4f870365E785982E1f101E93b906 | 71.17 USDC | prot: HIGH | premio: 0.3997 MEVI | stima: 57.6599 MEVI | ricevuti: 55.3663 MEVI | ATTACCO: NO
[14:35:25][  SWAP] TRADER 0x976EA74026E726554dB657fA54763abd0C3a0aa9 | 95.87 USDC | prot: HIGH | premio: 0.5384 MEVI | stima: 79.9916 MEVI | ricevuti: 77.1470 MEVI | ATTACCO: SI | perdita: 2.8446 MEVI | rimborso: 2.8546 MEVI
[14:35:25][  SWAP] TRADER 0x14dC79964da2C08b23698B3D3cc7Ca32193d9955 | 111.38 USDC | prot: NESSUNA | stima: 83.9278 MEVI | ricevuti: 83.9278 MEVI | ATTACCO: NO
[14:35:27][  SWAP] TRADER 0x9965507D1a55bcC2695C58ba16FB37d819B0A4dc | 105.72 USDC | prot: HIGH | premio: 0.5937 MEVI | stima: 81.7492 MEVI | ricevuti: 76.7422 MEVI | ATTACCO: NO
[14:35:29][  SWAP] TRADER 0x15d34AAf54267DB7D7c367839AAf71A00a2C6A65 | 86.56 USDC | prot: HIGH | premio: 0.4861 MEVI | stima: 65.5048 MEVI | ricevuti: 85.0870 MEVI | ATTACCO: NO
[14:35:30][  SWAP] TRADER 0x23618e81E3f5cdF7f54C3d65f7FBc0aBf5B21E8f | 76.48 USDC | prot: NESSUNA | stima: 72.8045 MEVI | ricevuti: 72.8045 MEVI | ATTACCO: NO
[14:35:32][  SWAP] TRADER 0xBcd4042DE499D14e55001CcbB24a551F3b954096 | 79.77 USDC | prot: NESSUNA | stima: 73.6733 MEVI | ricevuti: 73.6733 MEVI | ATTACCO: NO
[14:35:32][  SWAP] TRADER 0x71bE63f3384f5fb98995898A86B02Fb2426c5788 | 129.44 USDC | prot: NESSUNA | stima: 118.4251 MEVI | ricevuti: 114.8916 MEVI | ATTACCO: NO
[14:35:32][  SWAP] TRADER 0x3C44CdDdB6a900fa2b585dd299e03d12FA4293BC | 90.79 USDC | prot: HIGH | premio: 0.5099 MEVI | stima: 83.6752 MEVI | ricevuti: 77.3370 MEVI | ATTACCO: NO
[14:35:46][  SWAP] TRADER 0xa0Ee7A142d267C1f36714E4a8F75612F20a79720 | 134.18 USDC | prot: NESSUNA | stima: 109.7036 MEVI | ricevuti: 109.7036 MEVI | ATTACCO: NO
[14:35:48][ATTACK] NAKED ATTACK | victim=0x23618e81E3f5cd | swap=65.3600 USDC | loss_sandwich=1.4491 MEVI (3.23%)
[14:35:50][  SWAP] TRADER 0x14dC79964da2C08b23698B3D3cc7Ca32193d9955 | 140.73 USDC | prot: NESSUNA | stima: 109.5463 MEVI | ricevuti: 109.5463 MEVI | ATTACCO: NO
[14:35:51][  SWAP] TRADER 0x90F79bf6EB2c4f870365E785982E1f101E93b906 | 60.94 USDC | prot: HIGH | premio: 0.3422 MEVI | stima: 50.4843 MEVI | ricevuti: 45.7869 MEVI | ATTACCO: NO
[14:35:51][  SWAP] TRADER 0x976EA74026E726554dB657fA54763abd0C3a0aa9 | 99.37 USDC | prot: HIGH | premio: 0.5581 MEVI | stima: 77.9126 MEVI | ricevuti: 72.6318 MEVI | ATTACCO: NO
[14:35:53][  SWAP] TRADER 0x9965507D1a55bcC2695C58ba16FB37d819B0A4dc | 106.38 USDC | prot: HIGH | premio: 0.5974 MEVI | stima: 83.3064 MEVI | ricevuti: 75.0912 MEVI | ATTACCO: NO
[14:35:55][  SWAP] TRADER 0x23618e81E3f5cdF7f54C3d65f7FBc0aBf5B21E8f | 65.36 USDC | prot: NESSUNA | stima: 46.4535 MEVI | ricevuti: 43.3817 MEVI | ATTACCO: SI | perdita: 1.4491 MEVI | rimborso: NON ASSICURATO
[14:35:56][  SWAP] TRADER 0x71bE63f3384f5fb98995898A86B02Fb2426c5788 | 129.20 USDC | prot: NESSUNA | stima: 85.8694 MEVI | ricevuti: 84.0045 MEVI | ATTACCO: NO
[14:35:56][  SWAP] TRADER 0x3C44CdDdB6a900fa2b585dd299e03d12FA4293BC | 77.19 USDC | prot: HIGH | premio: 0.4335 MEVI | stima: 51.7364 MEVI | ricevuti: 48.5551 MEVI | ATTACCO: NO
[14:35:56][  SWAP] TRADER 0x15d34AAf54267DB7D7c367839AAf71A00a2C6A65 | 53.10 USDC | prot: HIGH | premio: 0.2982 MEVI | stima: 37.8176 MEVI | ricevuti: 32.7213 MEVI | ATTACCO: NO
[14:35:56][  SWAP] TRADER 0xBcd4042DE499D14e55001CcbB24a551F3b954096 | 67.70 USDC | prot: NESSUNA | stima: 46.4179 MEVI | ricevuti: 45.4460 MEVI | ATTACCO: NO
[14:36:10][ATTACK] INSURED ATTACK | victim=0x976EA74026E726 | swap=80.3400 USDC | loss_sandwich=2.6692 MEVI (3.69%)
[14:36:13][  SWAP] TRADER 0xa0Ee7A142d267C1f36714E4a8F75612F20a79720 | 112.55 USDC | prot: NESSUNA | stima: 110.0723 MEVI | ricevuti: 110.0723 MEVI | ATTACCO: NO
[14:36:15][ATTACK] NAKED ATTACK | victim=0xBcd4042DE499D1 | swap=65.1700 USDC | loss_sandwich=1.7697 MEVI (3.45%)
[14:36:16][  SWAP] TRADER 0x14dC79964da2C08b23698B3D3cc7Ca32193d9955 | 116.91 USDC | prot: NESSUNA | stima: 109.3194 MEVI | ricevuti: 109.3194 MEVI | ATTACCO: NO
[14:36:18][  SWAP] TRADER 0x90F79bf6EB2c4f870365E785982E1f101E93b906 | 87.90 USDC | prot: HIGH | premio: 0.4936 MEVI | stima: 82.6514 MEVI | ricevuti: 73.8868 MEVI | ATTACCO: NO
[14:36:21][  SWAP] TRADER 0x23618e81E3f5cdF7f54C3d65f7FBc0aBf5B21E8f | 67.48 USDC | prot: NESSUNA | stima: 57.2995 MEVI | ricevuti: 54.3173 MEVI | ATTACCO: NO
[14:36:21][  SWAP] TRADER 0x71bE63f3384f5fb98995898A86B02Fb2426c5788 | 146.96 USDC | prot: NESSUNA | stima: 122.9982 MEVI | ricevuti: 122.9982 MEVI | ATTACCO: NO
[14:36:22][  SWAP] TRADER 0x9965507D1a55bcC2695C58ba16FB37d819B0A4dc | 132.07 USDC | prot: HIGH | premio: 0.7417 MEVI | stima: 117.7602 MEVI | ricevuti: 96.8871 MEVI | ATTACCO: NO
[14:36:22][  SWAP] TRADER 0xBcd4042DE499D14e55001CcbB24a551F3b954096 | 65.17 USDC | prot: NESSUNA | stima: 55.3614 MEVI | ricevuti: 49.4614 MEVI | ATTACCO: SI | perdita: 1.7697 MEVI | rimborso: NON ASSICURATO
[14:36:23][  SWAP] TRADER 0x15d34AAf54267DB7D7c367839AAf71A00a2C6A65 | 81.15 USDC | prot: HIGH | premio: 0.4557 MEVI | stima: 68.7351 MEVI | ricevuti: 59.5131 MEVI | ATTACCO: NO
[14:36:23][  SWAP] TRADER 0x3C44CdDdB6a900fa2b585dd299e03d12FA4293BC | 83.93 USDC | prot: HIGH | premio: 0.4714 MEVI | stima: 71.0537 MEVI | ricevuti: 59.8479 MEVI | ATTACCO: NO
[14:36:28][  SWAP] TRADER 0x976EA74026E726554dB657fA54763abd0C3a0aa9 | 80.34 USDC | prot: HIGH | premio: 0.4512 MEVI | stima: 75.6528 MEVI | ricevuti: 69.6638 MEVI | ATTACCO: SI | perdita: 2.6692 MEVI | rimborso: 2.6792 MEVI
[14:36:39][  SWAP] TRADER 0xa0Ee7A142d267C1f36714E4a8F75612F20a79720 | 108.61 USDC | prot: NESSUNA | stima: 106.3009 MEVI | ricevuti: 106.3009 MEVI | ATTACCO: NO
[14:36:42][  SWAP] TRADER 0x14dC79964da2C08b23698B3D3cc7Ca32193d9955 | 132.04 USDC | prot: NESSUNA | stima: 123.2985 MEVI | ricevuti: 123.2985 MEVI | ATTACCO: NO
[14:36:43][ATTACK] INSURED ATTACK | victim=0x9965507D1a55bc | swap=136.2200 USDC | loss_sandwich=8.5691 MEVI (8.13%)
[14:36:46][  SWAP] TRADER 0x71bE63f3384f5fb98995898A86B02Fb2426c5788 | 126.68 USDC | prot: NESSUNA | stima: 112.5912 MEVI | ricevuti: 112.5912 MEVI | ATTACCO: NO
[14:36:46][  SWAP] TRADER 0x23618e81E3f5cdF7f54C3d65f7FBc0aBf5B21E8f | 82.10 USDC | prot: NESSUNA | stima: 73.5804 MEVI | ricevuti: 67.6563 MEVI | ATTACCO: NO
[14:36:46][  SWAP] TRADER 0x90F79bf6EB2c4f870365E785982E1f101E93b906 | 99.69 USDC | prot: HIGH | premio: 0.5482 MEVI | stima: 93.6683 MEVI | ricevuti: 84.9342 MEVI | ATTACCO: NO
[14:36:48][  SWAP] TRADER 0xBcd4042DE499D14e55001CcbB24a551F3b954096 | 65.64 USDC | prot: NESSUNA | stima: 59.0109 MEVI | ricevuti: 52.6688 MEVI | ATTACCO: NO
[14:36:51][  SWAP] TRADER 0x15d34AAf54267DB7D7c367839AAf71A00a2C6A65 | 64.46 USDC | prot: HIGH | premio: 0.3545 MEVI | stima: 57.9630 MEVI | ricevuti: 48.7936 MEVI | ATTACCO: NO
[14:36:51][  SWAP] TRADER 0x3C44CdDdB6a900fa2b585dd299e03d12FA4293BC | 81.47 USDC | prot: HIGH | premio: 0.4480 MEVI | stima: 73.0244 MEVI | ricevuti: 60.1340 MEVI | ATTACCO: NO
[14:36:52][  SWAP] TRADER 0x976EA74026E726554dB657fA54763abd0C3a0aa9 | 83.69 USDC | prot: HIGH | premio: 0.4602 MEVI | stima: 59.5050 MEVI | ricevuti: 59.5050 MEVI | ATTACCO: NO
[14:37:01][  SWAP] TRADER 0x9965507D1a55bcC2695C58ba16FB37d819B0A4dc | 136.22 USDC | prot: HIGH | premio: 0.7491 MEVI | stima: 120.8554 MEVI | ricevuti: 96.8957 MEVI | ATTACCO: SI | perdita: 8.5692 MEVI | rimborso: 8.5792 MEVI
[14:37:04][ATTACK] NAKED ATTACK | victim=0x71bE63f3384f5f | swap=129.2500 USDC | loss_sandwich=4.1161 MEVI (3.64%)
[14:37:04][  SWAP] TRADER 0xa0Ee7A142d267C1f36714E4a8F75612F20a79720 | 146.65 USDC | prot: NESSUNA | stima: 142.4713 MEVI | ricevuti: 142.4713 MEVI | ATTACCO: NO
[14:37:05][  SWAP] TRADER 0x14dC79964da2C08b23698B3D3cc7Ca32193d9955 | 134.29 USDC | prot: NESSUNA | stima: 123.5230 MEVI | ricevuti: 123.5230 MEVI | ATTACCO: NO
[14:37:08][  POOL] POOL UPDATE | mevi=50.5343 MEVI | eth=3.938000 ETH
[14:37:12][  SWAP] TRADER 0x71bE63f3384f5fb98995898A86B02Fb2426c5788 | 129.25 USDC | prot: NESSUNA | stima: 113.0959 MEVI | ricevuti: 108.9798 MEVI | ATTACCO: SI | perdita: 4.1161 MEVI | rimborso: NON ASSICURATO
[14:37:12][  SWAP] TRADER 0x23618e81E3f5cdF7f54C3d65f7FBc0aBf5B21E8f | 87.45 USDC | prot: NESSUNA | stima: 77.1160 MEVI | ricevuti: 70.8807 MEVI | ATTACCO: NO
[14:37:13][  SWAP] TRADER 0x90F79bf6EB2c4f870365E785982E1f101E93b906 | 69.79 USDC | prot: HIGH | premio: 0.3919 MEVI | stima: 61.7460 MEVI | ricevuti: 55.1697 MEVI | ATTACCO: NO
[14:37:13][  SWAP] TRADER 0xBcd4042DE499D14e55001CcbB24a551F3b954096 | 98.27 USDC | prot: NESSUNA | stima: 86.4831 MEVI | ricevuti: 80.0613 MEVI | ATTACCO: NO
[14:37:19][  SWAP] TRADER 0x15d34AAf54267DB7D7c367839AAf71A00a2C6A65 | 56.43 USDC | prot: HIGH | premio: 0.3169 MEVI | stima: 43.6233 MEVI | ricevuti: 43.6233 MEVI | ATTACCO: NO
[14:37:21][  SWAP] TRADER 0x3C44CdDdB6a900fa2b585dd299e03d12FA4293BC | 90.00 USDC | prot: HIGH | premio: 0.5054 MEVI | stima: 69.1684 MEVI | ricevuti: 67.8197 MEVI | ATTACCO: NO
[14:37:21][  SWAP] TRADER 0x976EA74026E726554dB657fA54763abd0C3a0aa9 | 62.50 USDC | prot: HIGH | premio: 0.3510 MEVI | stima: 48.2645 MEVI | ricevuti: 45.8729 MEVI | ATTACCO: NO
[14:37:30][  SWAP] TRADER 0x14dC79964da2C08b23698B3D3cc7Ca32193d9955 | 100.80 USDC | prot: NESSUNA | stima: 71.9596 MEVI | ricevuti: 71.9596 MEVI | ATTACCO: NO
[14:37:30][  SWAP] TRADER 0x9965507D1a55bcC2695C58ba16FB37d819B0A4dc | 108.32 USDC | prot: HIGH | premio: 0.6083 MEVI | stima: 77.2307 MEVI | ricevuti: 74.6669 MEVI | ATTACCO: NO
[14:37:30][  SWAP] TRADER 0xa0Ee7A142d267C1f36714E4a8F75612F20a79720 | 133.69 USDC | prot: NESSUNA | stima: 94.9162 MEVI | ricevuti: 88.5637 MEVI | ATTACCO: NO
[14:37:37][  SWAP] TRADER 0x71bE63f3384f5fb98995898A86B02Fb2426c5788 | 149.07 USDC | prot: NESSUNA | stima: 144.7543 MEVI | ricevuti: 144.7543 MEVI | ATTACCO: NO
[14:37:37][  SWAP] TRADER 0x23618e81E3f5cdF7f54C3d65f7FBc0aBf5B21E8f | 65.67 USDC | prot: NESSUNA | stima: 64.8187 MEVI | ricevuti: 61.1428 MEVI | ATTACCO: NO
[14:37:39][  SWAP] TRADER 0xBcd4042DE499D14e55001CcbB24a551F3b954096 | 71.49 USDC | prot: NESSUNA | stima: 70.4822 MEVI | ricevuti: 64.8346 MEVI | ATTACCO: NO
[14:37:42][  SWAP] TRADER 0x90F79bf6EB2c4f870365E785982E1f101E93b906 | 61.12 USDC | prot: HIGH | premio: 0.3432 MEVI | stima: 60.3819 MEVI | ricevuti: 54.0554 MEVI | ATTACCO: NO
[14:37:42][ATTACK] INSURED ATTACK | victim=0x3C44CdDdB6a900 | swap=96.9000 USDC | loss_sandwich=2.8789 MEVI (3.56%)
[14:37:48][  SWAP] TRADER 0x15d34AAf54267DB7D7c367839AAf71A00a2C6A65 | 75.86 USDC | prot: HIGH | premio: 0.4260 MEVI | stima: 65.3970 MEVI | ricevuti: 65.3970 MEVI | ATTACCO: NO
[14:37:50][  SWAP] TRADER 0x976EA74026E726554dB657fA54763abd0C3a0aa9 | 71.88 USDC | prot: HIGH | premio: 0.4037 MEVI | stima: 62.0114 MEVI | ricevuti: 56.1745 MEVI | ATTACCO: NO
[14:37:53][  SWAP] TRADER 0xa0Ee7A142d267C1f36714E4a8F75612F20a79720 | 116.12 USDC | prot: NESSUNA | stima: 91.1116 MEVI | ricevuti: 91.1116 MEVI | ATTACCO: NO
[14:37:53][  SWAP] TRADER 0x14dC79964da2C08b23698B3D3cc7Ca32193d9955 | 100.74 USDC | prot: NESSUNA | stima: 79.2576 MEVI | ricevuti: 76.0904 MEVI | ATTACCO: NO
[14:37:53][  SWAP] TRADER 0x9965507D1a55bcC2695C58ba16FB37d819B0A4dc | 100.82 USDC | prot: HIGH | premio: 0.5662 MEVI | stima: 79.3195 MEVI | ricevuti: 73.5513 MEVI | ATTACCO: NO
[14:37:56][ATTACK] NAKED ATTACK | victim=0x71bE63f3384f5f | swap=134.9500 USDC | loss_sandwich=3.0909 MEVI (3.27%)
[14:38:03][  SWAP] TRADER 0x71bE63f3384f5fb98995898A86B02Fb2426c5788 | 134.95 USDC | prot: NESSUNA | stima: 94.6069 MEVI | ricevuti: 91.5160 MEVI | ATTACCO: SI | perdita: 3.0909 MEVI | rimborso: NON ASSICURATO
[14:38:04][  SWAP] TRADER 0x23618e81E3f5cdF7f54C3d65f7FBc0aBf5B21E8f | 71.93 USDC | prot: NESSUNA | stima: 50.9584 MEVI | ricevuti: 68.5649 MEVI | ATTACCO: NO
[14:38:04][  SWAP] TRADER 0xBcd4042DE499D14e55001CcbB24a551F3b954096 | 85.39 USDC | prot: NESSUNA | stima: 60.3581 MEVI | ricevuti: 83.9562 MEVI | ATTACCO: NO
[14:38:55][  SWAP] TRADER 0xa0Ee7A142d267C1f36714E4a8F75612F20a79720 | 132.70 USDC | prot: NESSUNA | stima: 121.5989 MEVI | ricevuti: 115.4302 MEVI | ATTACCO: NO
[14:38:55][  SWAP] TRADER 0x14dC79964da2C08b23698B3D3cc7Ca32193d9955 | 137.74 USDC | prot: NESSUNA | stima: 126.0971 MEVI | ricevuti: 126.0971 MEVI | ATTACCO: NO
[14:39:08][  POOL] POOL UPDATE | mevi=56.2138 MEVI | eth=3.938000 ETH
[14:39:09][ATTACK] NAKED ATTACK | victim=0x23618e81E3f5cd | swap=99.8400 USDC | loss_sandwich=4.4796 MEVI (5.38%)
[14:39:16][  SWAP] TRADER 0x71bE63f3384f5fb98995898A86B02Fb2426c5788 | 149.36 USDC | prot: NESSUNA | stima: 136.4355 MEVI | ricevuti: 112.7220 MEVI | ATTACCO: NO
[14:39:16][  SWAP] TRADER 0x23618e81E3f5cdF7f54C3d65f7FBc0aBf5B21E8f | 99.84 USDC | prot: NESSUNA | stima: 92.0596 MEVI | ricevuti: 78.7135 MEVI | ATTACCO: SI | perdita: 4.4796 MEVI | rimborso: NON ASSICURATO
[14:39:56][  SWAP] TRADER 0x9965507D1a55bcC2695C58ba16FB37d819B0A4dc | 109.35 USDC | prot: HIGH | premio: 0.6141 MEVI | stima: 100.6465 MEVI | ricevuti: 103.0187 MEVI | ATTACCO: NO
[14:39:56][  SWAP] TRADER 0x15d34AAf54267DB7D7c367839AAf71A00a2C6A65 | 80.66 USDC | prot: HIGH | premio: 0.4530 MEVI | stima: 74.6466 MEVI | ricevuti: 78.8682 MEVI | ATTACCO: NO
[14:39:56][  SWAP] TRADER 0x90F79bf6EB2c4f870365E785982E1f101E93b906 | 97.46 USDC | prot: HIGH | premio: 0.5473 MEVI | stima: 89.9058 MEVI | ricevuti: 98.7458 MEVI | ATTACCO: NO
[14:39:56][  SWAP] TRADER 0x23618e81E3f5cdF7f54C3d65f7FBc0aBf5B21E8f | 58.05 USDC | prot: NESSUNA | stima: 59.2816 MEVI | ricevuti: 52.9499 MEVI | ATTACCO: NO
[14:39:56][  SWAP] TRADER 0xBcd4042DE499D14e55001CcbB24a551F3b954096 | 94.58 USDC | prot: NESSUNA | stima: 95.8829 MEVI | ricevuti: 83.8134 MEVI | ATTACCO: NO
[14:39:56][  SWAP] TRADER 0x976EA74026E726554dB657fA54763abd0C3a0aa9 | 96.31 USDC | prot: HIGH | premio: 0.5409 MEVI | stima: 88.8644 MEVI | ricevuti: 78.7414 MEVI | ATTACCO: NO
[14:39:56][  SWAP] TRADER 0xa0Ee7A142d267C1f36714E4a8F75612F20a79720 | 122.84 USDC | prot: NESSUNA | stima: 123.8342 MEVI | ricevuti: 104.5389 MEVI | ATTACCO: NO
[14:40:58][  SWAP] TRADER 0x14dC79964da2C08b23698B3D3cc7Ca32193d9955 | 148.70 USDC | prot: NESSUNA | stima: 124.6833 MEVI | ricevuti: 116.3732 MEVI | ATTACCO: NO
[14:40:58][  SWAP] TRADER 0x23618e81E3f5cdF7f54C3d65f7FBc0aBf5B21E8f | 87.22 USDC | prot: NESSUNA | stima: 68.9995 MEVI | ricevuti: 81.3216 MEVI | ATTACCO: NO
[14:40:58][  SWAP] TRADER 0x71bE63f3384f5fb98995898A86B02Fb2426c5788 | 134.73 USDC | prot: NESSUNA | stima: 105.6981 MEVI | ricevuti: 131.1948 MEVI | ATTACCO: NO
[14:40:58][  SWAP] TRADER 0xa0Ee7A142d267C1f36714E4a8F75612F20a79720 | 121.08 USDC | prot: NESSUNA | stima: 95.2169 MEVI | ricevuti: 108.4906 MEVI | ATTACCO: NO
[14:40:58][  SWAP] TRADER 0xBcd4042DE499D14e55001CcbB24a551F3b954096 | 59.19 USDC | prot: NESSUNA | stima: 47.0578 MEVI | ricevuti: 51.2659 MEVI | ATTACCO: NO
[14:41:08][  POOL] POOL UPDATE | mevi=56.7547 MEVI | eth=3.938000 ETH
[14:42:00][  SWAP] TRADER 0x14dC79964da2C08b23698B3D3cc7Ca32193d9955 | 128.00 USDC | prot: NESSUNA | stima: 107.1113 MEVI | ricevuti: 107.1113 MEVI | ATTACCO: NO
[14:42:00][  SWAP] TRADER 0x23618e81E3f5cdF7f54C3d65f7FBc0aBf5B21E8f | 71.56 USDC | prot: NESSUNA | stima: 60.4994 MEVI | ricevuti: 57.7487 MEVI | ATTACCO: NO
[14:42:00][  SWAP] TRADER 0x71bE63f3384f5fb98995898A86B02Fb2426c5788 | 145.52 USDC | prot: NESSUNA | stima: 121.3876 MEVI | ricevuti: 112.9985 MEVI | ATTACCO: NO
[14:42:00][  SWAP] TRADER 0xBcd4042DE499D14e55001CcbB24a551F3b954096 | 74.63 USDC | prot: NESSUNA | stima: 63.0595 MEVI | ricevuti: 55.7600 MEVI | ATTACCO: NO
[14:42:16][  SWAP] TRADER 0x9965507D1a55bcC2695C58ba16FB37d819B0A4dc | 111.90 USDC | prot: HIGH | premio: 0.6284 MEVI | stima: 93.9121 MEVI | ricevuti: 80.9782 MEVI | ATTACCO: NO
[14:42:16][  SWAP] TRADER 0xa0Ee7A142d267C1f36714E4a8F75612F20a79720 | 131.39 USDC | prot: NESSUNA | stima: 98.4956 MEVI | ricevuti: 91.2684 MEVI | ATTACCO: NO
[14:43:01][  SWAP] TRADER 0x15d34AAf54267DB7D7c367839AAf71A00a2C6A65 | 83.25 USDC | prot: HIGH | premio: 0.4675 MEVI | stima: 70.2325 MEVI | ricevuti: 81.8866 MEVI | ATTACCO: NO
[14:43:01][  SWAP] TRADER 0x23618e81E3f5cdF7f54C3d65f7FBc0aBf5B21E8f | 69.06 USDC | prot: NESSUNA | stima: 46.4041 MEVI | ricevuti: 65.9209 MEVI | ATTACCO: NO
[14:43:01][  SWAP] TRADER 0x14dC79964da2C08b23698B3D3cc7Ca32193d9955 | 104.24 USDC | prot: NESSUNA | stima: 69.6435 MEVI | ricevuti: 92.2779 MEVI | ATTACCO: NO
[14:43:01][  SWAP] TRADER 0x71bE63f3384f5fb98995898A86B02Fb2426c5788 | 110.03 USDC | prot: NESSUNA | stima: 73.4429 MEVI | ricevuti: 101.4542 MEVI | ATTACCO: NO
[14:43:01][  SWAP] TRADER 0xBcd4042DE499D14e55001CcbB24a551F3b954096 | 93.19 USDC | prot: NESSUNA | stima: 62.3726 MEVI | ricevuti: 79.5129 MEVI | ATTACCO: NO
[14:43:01][  SWAP] TRADER 0x976EA74026E726554dB657fA54763abd0C3a0aa9 | 50.62 USDC | prot: HIGH | premio: 0.2843 MEVI | stima: 42.9603 MEVI | ricevuti: 42.0635 MEVI | ATTACCO: NO
[14:43:01][  SWAP] TRADER 0x90F79bf6EB2c4f870365E785982E1f101E93b906 | 56.06 USDC | prot: HIGH | premio: 0.3148 MEVI | stima: 47.5297 MEVI | ricevuti: 45.6912 MEVI | ATTACCO: NO
[14:43:01][  SWAP] TRADER 0xa0Ee7A142d267C1f36714E4a8F75612F20a79720 | 132.89 USDC | prot: NESSUNA | stima: 88.3744 MEVI | ricevuti: 104.7200 MEVI | ATTACCO: NO
[14:43:08][  POOL] POOL UPDATE | mevi=59.0161 MEVI | eth=3.938000 ETH
[14:43:11][  SWAP] TRADER 0x3C44CdDdB6a900fa2b585dd299e03d12FA4293BC | 96.90 USDC | prot: HIGH | premio: 0.5442 MEVI | stima: 83.2122 MEVI | ricevuti: 78.0418 MEVI | ATTACCO: SI | perdita: 2.8789 MEVI | rimborso: 2.8889 MEVI
[14:43:17][  SWAP] TRADER 0x9965507D1a55bcC2695C58ba16FB37d819B0A4dc | 109.42 USDC | prot: HIGH | premio: 0.6017 MEVI | stima: 73.0430 MEVI | ricevuti: 82.6283 MEVI | ATTACCO: NO
[14:43:19][ATTACK] NAKED ATTACK | victim=0xBcd4042DE499D1 | swap=95.3900 USDC | loss_sandwich=11.6212 MEVI (16.71%)
[14:43:22][ATTACK] INSURED ATTACK | victim=0x976EA74026E726 | swap=83.4800 USDC | loss_sandwich=3.9370 MEVI (7.70%)
[14:43:26][  SWAP] TRADER 0xBcd4042DE499D14e55001CcbB24a551F3b954096 | 95.39 USDC | prot: NESSUNA | stima: 69.5348 MEVI | ricevuti: 57.9136 MEVI | ATTACCO: SI | perdita: 11.6212 MEVI | rimborso: NON ASSICURATO
[14:43:26][  SWAP] TRADER 0x14dC79964da2C08b23698B3D3cc7Ca32193d9955 | 130.74 USDC | prot: NESSUNA | stima: 94.7360 MEVI | ricevuti: 91.5907 MEVI | ATTACCO: NO
[14:43:26][  SWAP] TRADER 0x71bE63f3384f5fb98995898A86B02Fb2426c5788 | 126.07 USDC | prot: NESSUNA | stima: 91.4240 MEVI | ricevuti: 83.0518 MEVI | ATTACCO: NO
[14:43:26][  SWAP] TRADER 0xa0Ee7A142d267C1f36714E4a8F75612F20a79720 | 145.82 USDC | prot: NESSUNA | stima: 105.3956 MEVI | ricevuti: 91.9621 MEVI | ATTACCO: NO
[14:43:29][  SWAP] TRADER 0x15d34AAf54267DB7D7c367839AAf71A00a2C6A65 | 85.14 USDC | prot: HIGH | premio: 0.4682 MEVI | stima: 62.1709 MEVI | ricevuti: 49.3882 MEVI | ATTACCO: NO
[14:43:29][  SWAP] TRADER 0x90F79bf6EB2c4f870365E785982E1f101E93b906 | 75.91 USDC | prot: HIGH | premio: 0.4174 MEVI | stima: 55.5180 MEVI | ricevuti: 45.1341 MEVI | ATTACCO: NO
[14:43:40][  SWAP] TRADER 0x976EA74026E726554dB657fA54763abd0C3a0aa9 | 83.48 USDC | prot: HIGH | premio: 0.4591 MEVI | stima: 60.9760 MEVI | ricevuti: 47.2049 MEVI | ATTACCO: SI | perdita: 3.9370 MEVI | rimborso: 3.9470 MEVI
[14:43:40][  SWAP] TRADER 0x3C44CdDdB6a900fa2b585dd299e03d12FA4293BC | 83.21 USDC | prot: HIGH | premio: 0.4673 MEVI | stima: 81.8479 MEVI | ricevuti: 81.8479 MEVI | ATTACCO: NO
[14:43:44][  SWAP] TRADER 0x9965507D1a55bcC2695C58ba16FB37d819B0A4dc | 120.71 USDC | prot: HIGH | premio: 0.6779 MEVI | stima: 117.8645 MEVI | ricevuti: 114.0813 MEVI | ATTACCO: NO
[14:43:52][  SWAP] TRADER 0xBcd4042DE499D14e55001CcbB24a551F3b954096 | 51.46 USDC | prot: NESSUNA | stima: 47.0408 MEVI | ricevuti: 40.3097 MEVI | ATTACCO: NO
[14:43:52][  SWAP] TRADER 0x71bE63f3384f5fb98995898A86B02Fb2426c5788 | 126.08 USDC | prot: NESSUNA | stima: 113.6393 MEVI | ricevuti: 113.6393 MEVI | ATTACCO: NO
[14:43:52][  SWAP] TRADER 0x14dC79964da2C08b23698B3D3cc7Ca32193d9955 | 127.18 USDC | prot: NESSUNA | stima: 114.6071 MEVI | ricevuti: 109.3109 MEVI | ATTACCO: NO
[14:43:52][  SWAP] TRADER 0x23618e81E3f5cdF7f54C3d65f7FBc0aBf5B21E8f | 51.66 USDC | prot: NESSUNA | stima: 47.2219 MEVI | ricevuti: 42.9602 MEVI | ATTACCO: NO

[14:43:58][  SWAP] TRADER 0x90F79bf6EB2c4f870365E785982E1f101E93b906 | 63.79 USDC | prot: HIGH | premio: 0.3582 MEVI | stima: 48.9646 MEVI | ricevuti: 48.9646 MEVI | ATTACCO: NO
[14:44:00][  SWAP] TRADER 0x15d34AAf54267DB7D7c367839AAf71A00a2C6A65 | 91.91 USDC | prot: HIGH | premio: 0.5162 MEVI | stima: 70.2052 MEVI | ricevuti: 68.6654 MEVI | ATTACCO: NO
[14:44:01][ATTACK] INSURED ATTACK | victim=0x3C44CdDdB6a900 | swap=65.5800 USDC | loss_sandwich=3.8750 MEVI (5.99%)
[14:44:09][  SWAP] TRADER 0x976EA74026E726554dB657fA54763abd0C3a0aa9 | 57.75 USDC | prot: HIGH | premio: 0.3176 MEVI | stima: 57.0906 MEVI | ricevuti: 54.8860 MEVI | ATTACCO: NO
[14:44:09][ATTACK] NAKED ATTACK | victim=0x14dC79964da2C0 | swap=111.0900 USDC | loss_sandwich=6.1702 MEVI (6.23%)
[14:44:13][  SWAP] TRADER 0x9965507D1a55bcC2695C58ba16FB37d819B0A4dc | 121.81 USDC | prot: HIGH | premio: 0.6698 MEVI | stima: 118.9130 MEVI | ricevuti: 113.4889 MEVI | ATTACCO: NO
[14:44:17][  SWAP] TRADER 0xBcd4042DE499D14e55001CcbB24a551F3b954096 | 73.19 USDC | prot: NESSUNA | stima: 65.6882 MEVI | ricevuti: 63.2679 MEVI | ATTACCO: NO
[14:44:17][  SWAP] TRADER 0x14dC79964da2C08b23698B3D3cc7Ca32193d9955 | 111.09 USDC | prot: NESSUNA | stima: 98.9976 MEVI | ricevuti: 92.8274 MEVI | ATTACCO: SI | perdita: 6.1702 MEVI | rimborso: NON ASSICURATO
[14:44:17][  SWAP] TRADER 0xa0Ee7A142d267C1f36714E4a8F75612F20a79720 | 114.30 USDC | prot: NESSUNA | stima: 101.7971 MEVI | ricevuti: 91.6928 MEVI | ATTACCO: NO
[14:44:17][  SWAP] TRADER 0x71bE63f3384f5fb98995898A86B02Fb2426c5788 | 134.92 USDC | prot: NESSUNA | stima: 119.7007 MEVI | ricevuti: 103.5634 MEVI | ATTACCO: NO
[14:44:17][  SWAP] TRADER 0x23618e81E3f5cdF7f54C3d65f7FBc0aBf5B21E8f | 64.13 USDC | prot: NESSUNA | stima: 57.6551 MEVI | ricevuti: 47.5475 MEVI | ATTACCO: NO
[14:44:19][  SWAP] TRADER 0x3C44CdDdB6a900fa2b585dd299e03d12FA4293BC | 65.58 USDC | prot: HIGH | premio: 0.3606 MEVI | stima: 64.7310 MEVI | ricevuti: 60.8560 MEVI | ATTACCO: SI | perdita: 3.8750 MEVI | rimborso: 3.8850 MEVI
[14:44:23][  SWAP] TRADER 0x90F79bf6EB2c4f870365E785982E1f101E93b906 | 88.68 USDC | prot: HIGH | premio: 0.4980 MEVI | stima: 66.7064 MEVI | ricevuti: 66.7064 MEVI | ATTACCO: NO
[14:44:23][  SWAP] TRADER 0x15d34AAf54267DB7D7c367839AAf71A00a2C6A65 | 72.39 USDC | prot: HIGH | premio: 0.4065 MEVI | stima: 54.6059 MEVI | ricevuti: 52.9617 MEVI | ATTACCO: NO
[14:44:37][  SWAP] TRADER 0x976EA74026E726554dB657fA54763abd0C3a0aa9 | 95.99 USDC | prot: HIGH | premio: 0.5391 MEVI | stima: 68.2497 MEVI | ricevuti: 94.1819 MEVI | ATTACCO: NO
[14:44:41][  SWAP] TRADER 0x14dC79964da2C08b23698B3D3cc7Ca32193d9955 | 128.46 USDC | prot: NESSUNA | stima: 120.6254 MEVI | ricevuti: 120.6254 MEVI | ATTACCO: NO
[14:44:41][  SWAP] TRADER 0x23618e81E3f5cdF7f54C3d65f7FBc0aBf5B21E8f | 84.31 USDC | prot: NESSUNA | stima: 79.8428 MEVI | ricevuti: 72.6998 MEVI | ATTACCO: NO
[14:44:41][  SWAP] TRADER 0xa0Ee7A142d267C1f36714E4a8F75612F20a79720 | 118.03 USDC | prot: NESSUNA | stima: 111.0532 MEVI | ricevuti: 105.7180 MEVI | ATTACCO: NO
[14:44:41][  SWAP] TRADER 0x71bE63f3384f5fb98995898A86B02Fb2426c5788 | 101.21 USDC | prot: NESSUNA | stima: 95.5356 MEVI | ricevuti: 84.3436 MEVI | ATTACCO: NO
[14:44:41][  SWAP] TRADER 0x9965507D1a55bcC2695C58ba16FB37d819B0A4dc | 131.94 USDC | prot: HIGH | premio: 0.7410 MEVI | stima: 128.5479 MEVI | ricevuti: 105.4233 MEVI | ATTACCO: NO
[14:44:43][  SWAP] TRADER 0xBcd4042DE499D14e55001CcbB24a551F3b954096 | 70.49 USDC | prot: NESSUNA | stima: 66.9336 MEVI | ricevuti: 54.3336 MEVI | ATTACCO: NO
[14:44:47][  SWAP] TRADER 0x3C44CdDdB6a900fa2b585dd299e03d12FA4293BC | 79.49 USDC | prot: HIGH | premio: 0.4464 MEVI | stima: 61.1747 MEVI | ricevuti: 59.6891 MEVI | ATTACCO: NO
[14:44:52][  SWAP] TRADER 0x15d34AAf54267DB7D7c367839AAf71A00a2C6A65 | 57.40 USDC | prot: HIGH | premio: 0.3224 MEVI | stima: 43.2662 MEVI | ricevuti: 40.9813 MEVI | ATTACCO: NO
[14:44:52][  SWAP] TRADER 0x90F79bf6EB2c4f870365E785982E1f101E93b906 | 78.88 USDC | prot: HIGH | premio: 0.4430 MEVI | stima: 59.2373 MEVI | ricevuti: 57.6381 MEVI | ATTACCO: NO
[14:45:00][ATTACK] NAKED ATTACK | victim=0x23618e81E3f5cd | swap=97.2400 USDC | loss_sandwich=3.6696 MEVI (3.85%)
[14:45:01][ATTACK] INSURED ATTACK | victim=0x9965507D1a55bc | swap=105.5000 USDC | loss_sandwich=2.8990 MEVI (3.47%)
[14:45:02][  SWAP] TRADER 0x976EA74026E726554dB657fA54763abd0C3a0aa9 | 63.68 USDC | prot: HIGH | premio: 0.3576 MEVI | stima: 44.5490 MEVI | ricevuti: 44.5490 MEVI | ATTACCO: NO
[14:45:07][  SWAP] TRADER 0xa0Ee7A142d267C1f36714E4a8F75612F20a79720 | 147.69 USDC | prot: NESSUNA | stima: 143.4527 MEVI | ricevuti: 132.9157 MEVI | ATTACCO: NO
[14:45:07][  SWAP] TRADER 0x23618e81E3f5cdF7f54C3d65f7FBc0aBf5B21E8f | 97.24 USDC | prot: NESSUNA | stima: 95.3850 MEVI | ricevuti: 91.7153 MEVI | ATTACCO: SI | perdita: 3.6696 MEVI | rimborso: NON ASSICURATO
[14:45:07][  SWAP] TRADER 0x14dC79964da2C08b23698B3D3cc7Ca32193d9955 | 119.53 USDC | prot: NESSUNA | stima: 116.7392 MEVI | ricevuti: 102.3123 MEVI | ATTACCO: NO
[14:45:08][  POOL] POOL UPDATE | mevi=57.6468 MEVI | eth=3.884000 ETH
[14:45:09][  SWAP] TRADER 0xBcd4042DE499D14e55001CcbB24a551F3b954096 | 96.43 USDC | prot: NESSUNA | stima: 94.6054 MEVI | ricevuti: 82.7057 MEVI | ATTACCO: NO
[14:45:09][  SWAP] TRADER 0x71bE63f3384f5fb98995898A86B02Fb2426c5788 | 117.13 USDC | prot: NESSUNA | stima: 114.4489 MEVI | ricevuti: 96.6040 MEVI | ATTACCO: NO
[14:45:12][  SWAP] TRADER 0x3C44CdDdB6a900fa2b585dd299e03d12FA4293BC | 53.22 USDC | prot: HIGH | premio: 0.2989 MEVI | stima: 41.0397 MEVI | ricevuti: 41.0397 MEVI | ATTACCO: NO
[14:45:19][  SWAP] TRADER 0x15d34AAf54267DB7D7c367839AAf71A00a2C6A65 | 72.10 USDC | prot: HIGH | premio: 0.3965 MEVI | stima: 54.3958 MEVI | ricevuti: 53.3063 MEVI | ATTACCO: NO
[14:45:19][  SWAP] TRADER 0x9965507D1a55bcC2695C58ba16FB37d819B0A4dc | 105.50 USDC | prot: HIGH | premio: 0.5925 MEVI | stima: 103.3199 MEVI | ricevuti: 80.6966 MEVI | ATTACCO: SI | perdita: 2.8990 MEVI | rimborso: 2.9090 MEVI
[14:45:19][  SWAP] TRADER 0x90F79bf6EB2c4f870365E785982E1f101E93b906 | 58.53 USDC | prot: HIGH | premio: 0.3219 MEVI | stima: 44.2616 MEVI | ricevuti: 44.2616 MEVI | ATTACCO: NO
[14:45:30][  SWAP] TRADER 0x976EA74026E726554dB657fA54763abd0C3a0aa9 | 57.62 USDC | prot: HIGH | premio: 0.3169 MEVI | stima: 41.6654 MEVI | ricevuti: 41.6654 MEVI | ATTACCO: NO
[14:45:33][  SWAP] TRADER 0x23618e81E3f5cdF7f54C3d65f7FBc0aBf5B21E8f | 69.70 USDC | prot: NESSUNA | stima: 49.3272 MEVI | ricevuti: 49.3272 MEVI | ATTACCO: NO
[14:45:34][  SWAP] TRADER 0xa0Ee7A142d267C1f36714E4a8F75612F20a79720 | 126.69 USDC | prot: NESSUNA | stima: 88.8129 MEVI | ricevuti: 84.3234 MEVI | ATTACCO: NO
[14:45:34][  SWAP] TRADER 0x71bE63f3384f5fb98995898A86B02Fb2426c5788 | 141.67 USDC | prot: NESSUNA | stima: 99.0683 MEVI | ricevuti: 90.2989 MEVI | ATTACCO: NO
[14:45:40][  SWAP] TRADER 0x3C44CdDdB6a900fa2b585dd299e03d12FA4293BC | 63.21 USDC | prot: HIGH | premio: 0.3476 MEVI | stima: 62.4209 MEVI | ricevuti: 62.4209 MEVI | ATTACCO: NO
[14:45:40][ATTACK] INSURED ATTACK | victim=0x15d34AAf54267D | swap=81.4300 USDC | loss_sandwich=4.6182 MEVI (5.91%)
[14:45:42][ATTACK] NAKED ATTACK | victim=0x14dC79964da2C0 | swap=141.7500 USDC | loss_sandwich=4.4562 MEVI (3.62%)
[14:45:48][  SWAP] TRADER 0x90F79bf6EB2c4f870365E785982E1f101E93b906 | 57.82 USDC | prot: HIGH | premio: 0.3180 MEVI | stima: 55.7487 MEVI | ricevuti: 53.6219 MEVI | ATTACCO: NO
[14:45:48][  SWAP] TRADER 0x9965507D1a55bcC2695C58ba16FB37d819B0A4dc | 104.10 USDC | prot: HIGH | premio: 0.5724 MEVI | stima: 99.4719 MEVI | ricevuti: 90.7804 MEVI | ATTACCO: NO
[14:45:49][  SWAP] TRADER 0x14dC79964da2C08b23698B3D3cc7Ca32193d9955 | 141.75 USDC | prot: NESSUNA | stima: 134.4682 MEVI | ricevuti: 118.5022 MEVI | ATTACCO: SI | perdita: 4.4562 MEVI | rimborso: NON ASSICURATO
[14:45:58][  SWAP] TRADER 0x976EA74026E726554dB657fA54763abd0C3a0aa9 | 63.30 USDC | prot: HIGH | premio: 0.3481 MEVI | stima: 52.9445 MEVI | ricevuti: 52.9445 MEVI | ATTACCO: NO
[14:45:58][  SWAP] TRADER 0x23618e81E3f5cdF7f54C3d65f7FBc0aBf5B21E8f | 68.63 USDC | prot: NESSUNA | stima: 57.3469 MEVI | ricevuti: 56.0423 MEVI | ATTACCO: NO
[14:46:00][  SWAP] TRADER 0xBcd4042DE499D14e55001CcbB24a551F3b954096 | 56.69 USDC | prot: NESSUNA | stima: 47.4729 MEVI | ricevuti: 45.2608 MEVI | ATTACCO: NO
[14:46:00][  SWAP] TRADER 0xa0Ee7A142d267C1f36714E4a8F75612F20a79720 | 102.94 USDC | prot: NESSUNA | stima: 85.4834 MEVI | ricevuti: 79.8956 MEVI | ATTACCO: NO
[14:46:00][  SWAP] TRADER 0x71bE63f3384f5fb98995898A86B02Fb2426c5788 | 106.90 USDC | prot: NESSUNA | stima: 88.7084 MEVI | ricevuti: 79.9849 MEVI | ATTACCO: NO
[14:46:11][  SWAP] TRADER 0x15d34AAf54267DB7D7c367839AAf71A00a2C6A65 | 81.43 USDC | prot: HIGH | premio: 0.4478 MEVI | stima: 78.1526 MEVI | ricevuti: 73.5345 MEVI | ATTACCO: SI | perdita: 4.6182 MEVI | rimborso: 4.6282 MEVI
[14:46:17][  SWAP] TRADER 0x14dC79964da2C08b23698B3D3cc7Ca32193d9955 | 138.18 USDC | prot: NESSUNA | stima: 99.1465 MEVI | ricevuti: 134.4640 MEVI | ATTACCO: NO
[14:46:17][ATTACK] NAKED ATTACK | victim=0xBcd4042DE499D1 | swap=69.1900 USDC | loss_sandwich=2.0298 MEVI (3.54%)
[14:46:19][  SWAP] TRADER 0x90F79bf6EB2c4f870365E785982E1f101E93b906 | 67.34 USDC | prot: HIGH | premio: 0.3782 MEVI | stima: 48.8976 MEVI | ricevuti: 62.9419 MEVI | ATTACCO: NO
[14:46:19][  SWAP] TRADER 0x3C44CdDdB6a900fa2b585dd299e03d12FA4293BC | 76.57 USDC | prot: HIGH | premio: 0.4300 MEVI | stima: 55.5129 MEVI | ricevuti: 69.6192 MEVI | ATTACCO: NO
[14:46:19][  SWAP] TRADER 0x9965507D1a55bcC2695C58ba16FB37d819B0A4dc | 106.24 USDC | prot: HIGH | premio: 0.5966 MEVI | stima: 76.6389 MEVI | ricevuti: 93.3186 MEVI | ATTACCO: NO
[14:46:23][  SWAP] TRADER 0x23618e81E3f5cdF7f54C3d65f7FBc0aBf5B21E8f | 71.89 USDC | prot: NESSUNA | stima: 61.0863 MEVI | ricevuti: 61.0863 MEVI | ATTACCO: NO
[14:46:25][  SWAP] TRADER 0x71bE63f3384f5fb98995898A86B02Fb2426c5788 | 147.77 USDC | prot: NESSUNA | stima: 123.8421 MEVI | ricevuti: 113.5919 MEVI | ATTACCO: NO
[14:46:25][  SWAP] TRADER 0xBcd4042DE499D14e55001CcbB24a551F3b954096 | 69.19 USDC | prot: NESSUNA | stima: 58.8212 MEVI | ricevuti: 55.2622 MEVI | ATTACCO: SI | perdita: 2.0298 MEVI | rimborso: NON ASSICURATO
[14:46:25][  SWAP] TRADER 0xa0Ee7A142d267C1f36714E4a8F75612F20a79720 | 147.99 USDC | prot: NESSUNA | stima: 124.0215 MEVI | ricevuti: 108.0826 MEVI | ATTACCO: NO
[14:46:26][  SWAP] TRADER 0x976EA74026E726554dB657fA54763abd0C3a0aa9 | 61.36 USDC | prot: HIGH | premio: 0.3446 MEVI | stima: 52.2395 MEVI | ricevuti: 44.9247 MEVI | ATTACCO: NO
[14:46:33][ATTACK] INSURED ATTACK | victim=0x15d34AAf54267D | swap=95.2200 USDC | loss_sandwich=2.2361 MEVI (3.29%)
[14:46:41][  SWAP] TRADER 0x14dC79964da2C08b23698B3D3cc7Ca32193d9955 | 127.38 USDC | prot: NESSUNA | stima: 90.3284 MEVI | ricevuti: 87.5623 MEVI | ATTACCO: NO
[14:46:47][  SWAP] TRADER 0x90F79bf6EB2c4f870365E785982E1f101E93b906 | 55.18 USDC | prot: HIGH | premio: 0.3099 MEVI | stima: 36.8053 MEVI | ricevuti: 35.8413 MEVI | ATTACCO: NO
[14:46:49][  SWAP] TRADER 0x9965507D1a55bcC2695C58ba16FB37d819B0A4dc | 132.21 USDC | prot: HIGH | premio: 0.7425 MEVI | stima: 87.0937 MEVI | ricevuti: 83.3463 MEVI | ATTACCO: NO
[14:46:50][  SWAP] TRADER 0x15d34AAf54267DB7D7c367839AAf71A00a2C6A65 | 95.22 USDC | prot: HIGH | premio: 0.5348 MEVI | stima: 67.8867 MEVI | ricevuti: 65.6506 MEVI | ATTACCO: SI | perdita: 2.2361 MEVI | rimborso: 2.2461 MEVI
[14:46:50][  SWAP] TRADER 0x23618e81E3f5cdF7f54C3d65f7FBc0aBf5B21E8f | 88.37 USDC | prot: NESSUNA | stima: 56.0957 MEVI | ricevuti: 49.0752 MEVI | ATTACCO: NO
[14:46:50][  SWAP] TRADER 0xBcd4042DE499D14e55001CcbB24a551F3b954096 | 79.05 USDC | prot: NESSUNA | stima: 50.2536 MEVI | ricevuti: 45.0154 MEVI | ATTACCO: NO
[14:46:51][  SWAP] TRADER 0x71bE63f3384f5fb98995898A86B02Fb2426c5788 | 106.67 USDC | prot: NESSUNA | stima: 67.5167 MEVI | ricevuti: 64.7631 MEVI | ATTACCO: NO
[14:46:51][  SWAP] TRADER 0xa0Ee7A142d267C1f36714E4a8F75612F20a79720 | 115.94 USDC | prot: NESSUNA | stima: 73.2769 MEVI | ricevuti: 68.0121 MEVI | ATTACCO: NO
[14:46:54][  SWAP] TRADER 0x976EA74026E726554dB657fA54763abd0C3a0aa9 | 91.21 USDC | prot: HIGH | premio: 0.5122 MEVI | stima: 55.5094 MEVI | ricevuti: 49.3235 MEVI | ATTACCO: NO
[14:46:59][ATTACK] NAKED ATTACK | victim=0x14dC79964da2C0 | swap=100.8300 USDC | loss_sandwich=1.5050 MEVI (2.84%)
[14:47:06][  SWAP] TRADER 0x14dC79964da2C08b23698B3D3cc7Ca32193d9955 | 100.83 USDC | prot: NESSUNA | stima: 53.0182 MEVI | ricevuti: 51.5132 MEVI | ATTACCO: SI | perdita: 1.5050 MEVI | rimborso: NON ASSICURATO
[14:47:08][  POOL] POOL UPDATE | mevi=57.0649 MEVI | eth=3.830000 ETH
[14:47:09][ATTACK] INSURED ATTACK | victim=0x9965507D1a55bc | swap=103.4700 USDC | loss_sandwich=1.1672 MEVI (2.59%)
[14:47:15][  SWAP] TRADER 0x23618e81E3f5cdF7f54C3d65f7FBc0aBf5B21E8f | 87.60 USDC | prot: NESSUNA | stima: 44.8519 MEVI | ricevuti: 41.4154 MEVI | ATTACCO: NO
[14:47:15][  SWAP] TRADER 0xBcd4042DE499D14e55001CcbB24a551F3b954096 | 94.36 USDC | prot: NESSUNA | stima: 48.2666 MEVI | ricevuti: 43.5159 MEVI | ATTACCO: NO
[14:47:15][  SWAP] TRADER 0xa0Ee7A142d267C1f36714E4a8F75612F20a79720 | 113.26 USDC | prot: NESSUNA | stima: 57.7791 MEVI | ricevuti: 50.7906 MEVI | ATTACCO: NO
[14:47:15][  SWAP] TRADER 0x71bE63f3384f5fb98995898A86B02Fb2426c5788 | 133.08 USDC | prot: NESSUNA | stima: 67.7001 MEVI | ricevuti: 67.7001 MEVI | ATTACCO: NO
[14:47:15][  SWAP] TRADER 0x3C44CdDdB6a900fa2b585dd299e03d12FA4293BC | 93.81 USDC | prot: HIGH | premio: 0.5159 MEVI | stima: 47.9890 MEVI | ricevuti: 45.4791 MEVI | ATTACCO: NO
[14:47:15][  SWAP] TRADER 0x90F79bf6EB2c4f870365E785982E1f101E93b906 | 57.23 USDC | prot: HIGH | premio: 0.3147 MEVI | stima: 29.4293 MEVI | ricevuti: 28.3373 MEVI | ATTACCO: NO
[14:47:17][  SWAP] TRADER 0x15d34AAf54267DB7D7c367839AAf71A00a2C6A65 | 77.23 USDC | prot: HIGH | premio: 0.4247 MEVI | stima: 39.6007 MEVI | ricevuti: 32.8744 MEVI | ATTACCO: NO
[14:47:20][  SWAP] TRADER 0x976EA74026E726554dB657fA54763abd0C3a0aa9 | 91.62 USDC | prot: HIGH | premio: 0.5038 MEVI | stima: 89.9714 MEVI | ricevuti: 89.9714 MEVI | ATTACCO: NO
[14:47:28][  SWAP] TRADER 0x9965507D1a55bcC2695C58ba16FB37d819B0A4dc | 103.47 USDC | prot: HIGH | premio: 0.5690 MEVI | stima: 52.8581 MEVI | ricevuti: 43.9146 MEVI | ATTACCO: SI | perdita: 1.1672 MEVI | rimborso: 1.1772 MEVI
[14:47:32][  SWAP] TRADER 0x14dC79964da2C08b23698B3D3cc7Ca32193d9955 | 133.35 USDC | prot: NESSUNA | stima: 125.3122 MEVI | ricevuti: 125.3122 MEVI | ATTACCO: NO
[14:47:34][ATTACK] NAKED ATTACK | victim=0xBcd4042DE499D1 | swap=55.1300 USDC | loss_sandwich=3.0351 MEVI (6.08%)
[14:47:41][  SWAP] TRADER 0xBcd4042DE499D14e55001CcbB24a551F3b954096 | 55.13 USDC | prot: NESSUNA | stima: 49.9577 MEVI | ricevuti: 46.9225 MEVI | ATTACCO: SI | perdita: 3.0351 MEVI | rimborso: NON ASSICURATO
[14:47:41][  SWAP] TRADER 0x23618e81E3f5cdF7f54C3d65f7FBc0aBf5B21E8f | 67.21 USDC | prot: NESSUNA | stima: 60.7653 MEVI | ricevuti: 58.5184 MEVI | ATTACCO: NO
[14:47:41][  SWAP] TRADER 0xa0Ee7A142d267C1f36714E4a8F75612F20a79720 | 143.49 USDC | prot: NESSUNA | stima: 127.8875 MEVI | ricevuti: 113.2947 MEVI | ATTACCO: NO
[14:47:41][  SWAP] TRADER 0x71bE63f3384f5fb98995898A86B02Fb2426c5788 | 108.39 USDC | prot: NESSUNA | stima: 97.2399 MEVI | ricevuti: 89.5382 MEVI | ATTACCO: NO
[14:47:43][  SWAP] TRADER 0x3C44CdDdB6a900fa2b585dd299e03d12FA4293BC | 81.14 USDC | prot: HIGH | premio: 0.4462 MEVI | stima: 73.1670 MEVI | ricevuti: 64.0802 MEVI | ATTACCO: NO
[14:47:43][  SWAP] TRADER 0x90F79bf6EB2c4f870365E785982E1f101E93b906 | 87.18 USDC | prot: HIGH | premio: 0.4794 MEVI | stima: 78.5241 MEVI | ricevuti: 66.8363 MEVI | ATTACCO: NO
[14:47:44][  SWAP] TRADER 0x15d34AAf54267DB7D7c367839AAf71A00a2C6A65 | 99.54 USDC | prot: HIGH | premio: 0.5474 MEVI | stima: 89.4487 MEVI | ricevuti: 73.8779 MEVI | ATTACCO: NO
[14:47:49][  SWAP] TRADER 0x976EA74026E726554dB657fA54763abd0C3a0aa9 | 99.59 USDC | prot: HIGH | premio: 0.5476 MEVI | stima: 73.9143 MEVI | ricevuti: 97.6451 MEVI | ATTACCO: NO
[14:47:56][  SWAP] TRADER 0x9965507D1a55bcC2695C58ba16FB37d819B0A4dc | 109.72 USDC | prot: HIGH | premio: 0.6034 MEVI | stima: 103.2548 MEVI | ricevuti: 103.2548 MEVI | ATTACCO: NO
[14:47:58][  SWAP] TRADER 0x14dC79964da2C08b23698B3D3cc7Ca32193d9955 | 132.17 USDC | prot: NESSUNA | stima: 123.8482 MEVI | ricevuti: 118.7493 MEVI | ATTACCO: NO
[14:48:04][ATTACK] INSURED ATTACK | victim=0x90F79bf6EB2c4f | swap=78.3200 USDC | loss_sandwich=1.9596 MEVI (3.36%)
[14:48:05][  SWAP] TRADER 0xBcd4042DE499D14e55001CcbB24a551F3b954096 | 94.49 USDC | prot: NESSUNA | stima: 81.3556 MEVI | ricevuti: 79.4195 MEVI | ATTACCO: NO
[14:48:05][  SWAP] TRADER 0x23618e81E3f5cdF7f54C3d65f7FBc0aBf5B21E8f | 65.28 USDC | prot: NESSUNA | stima: 56.5095 MEVI | ricevuti: 56.5095 MEVI | ATTACCO: NO
[14:48:05][  SWAP] TRADER 0xa0Ee7A142d267C1f36714E4a8F75612F20a79720 | 120.66 USDC | prot: NESSUNA | stima: 103.3901 MEVI | ricevuti: 97.5345 MEVI | ATTACCO: NO
[14:48:05][  SWAP] TRADER 0x71bE63f3384f5fb98995898A86B02Fb2426c5788 | 135.85 USDC | prot: NESSUNA | stima: 116.0831 MEVI | ricevuti: 104.9209 MEVI | ATTACCO: NO
[14:48:11][  SWAP] TRADER 0x3C44CdDdB6a900fa2b585dd299e03d12FA4293BC | 79.65 USDC | prot: HIGH | premio: 0.4380 MEVI | stima: 59.2450 MEVI | ricevuti: 55.7619 MEVI | ATTACCO: NO
[14:48:13][  SWAP] TRADER 0x15d34AAf54267DB7D7c367839AAf71A00a2C6A65 | 77.15 USDC | prot: HIGH | premio: 0.4242 MEVI | stima: 57.4101 MEVI | ricevuti: 54.4843 MEVI | ATTACCO: NO
[14:48:16][  SWAP] TRADER 0x976EA74026E726554dB657fA54763abd0C3a0aa9 | 59.09 USDC | prot: HIGH | premio: 0.3249 MEVI | stima: 41.8563 MEVI | ricevuti: 40.7900 MEVI | ATTACCO: NO
[14:48:21][  SWAP] TRADER 0x90F79bf6EB2c4f870365E785982E1f101E93b906 | 78.32 USDC | prot: HIGH | premio: 0.4307 MEVI | stima: 58.2690 MEVI | ricevuti: 56.3095 MEVI | ATTACCO: SI | perdita: 1.9596 MEVI | rimborso: 1.9696 MEVI
[14:48:22][ATTACK] NAKED ATTACK | victim=0x23618e81E3f5cd | swap=82.5600 USDC | loss_sandwich=2.7139 MEVI (3.68%)
[14:48:23][  SWAP] TRADER 0x14dC79964da2C08b23698B3D3cc7Ca32193d9955 | 115.25 USDC | prot: NESSUNA | stima: 112.6533 MEVI | ricevuti: 112.6533 MEVI | ATTACCO: NO
[14:48:25][  SWAP] TRADER 0x9965507D1a55bcC2695C58ba16FB37d819B0A4dc | 132.06 USDC | prot: HIGH | premio: 0.7262 MEVI | stima: 128.6618 MEVI | ricevuti: 123.0007 MEVI | ATTACCO: NO
[14:48:29][  SWAP] TRADER 0x23618e81E3f5cdF7f54C3d65f7FBc0aBf5B21E8f | 82.56 USDC | prot: NESSUNA | stima: 73.8000 MEVI | ricevuti: 71.0861 MEVI | ATTACCO: SI | perdita: 2.7139 MEVI | rimborso: NON ASSICURATO
[14:48:29][  SWAP] TRADER 0xBcd4042DE499D14e55001CcbB24a551F3b954096 | 64.03 USDC | prot: NESSUNA | stima: 57.4358 MEVI | ricevuti: 53.6603 MEVI | ATTACCO: NO
[14:48:29][  SWAP] TRADER 0xa0Ee7A142d267C1f36714E4a8F75612F20a79720 | 120.14 USDC | prot: NESSUNA | stima: 106.6407 MEVI | ricevuti: 97.3804 MEVI | ATTACCO: NO
[14:48:31][  SWAP] TRADER 0x71bE63f3384f5fb98995898A86B02Fb2426c5788 | 138.93 USDC | prot: NESSUNA | stima: 122.8892 MEVI | ricevuti: 111.7886 MEVI | ATTACCO: NO
[14:48:38][ATTACK] INSURED ATTACK | victim=0x976EA74026E726 | swap=82.3500 USDC | loss_sandwich=2.0048 MEVI (3.33%)
[14:48:41][  SWAP] TRADER 0x3C44CdDdB6a900fa2b585dd299e03d12FA4293BC | 78.52 USDC | prot: HIGH | premio: 0.4318 MEVI | stima: 60.7795 MEVI | ricevuti: 60.7795 MEVI | ATTACCO: NO
[14:48:41][  SWAP] TRADER 0x15d34AAf54267DB7D7c367839AAf71A00a2C6A65 | 86.92 USDC | prot: HIGH | premio: 0.4780 MEVI | stima: 67.1830 MEVI | ricevuti: 65.3656 MEVI | ATTACCO: NO
[14:48:49][  SWAP] TRADER 0x14dC79964da2C08b23698B3D3cc7Ca32193d9955 | 140.77 USDC | prot: NESSUNA | stima: 99.0763 MEVI | ricevuti: 99.0763 MEVI | ATTACCO: NO
[14:48:49][ATTACK] NAKED ATTACK | victim=0x71bE63f3384f5f | swap=114.8100 USDC | loss_sandwich=8.3632 MEVI (8.49%)
[14:48:52][  SWAP] TRADER 0x90F79bf6EB2c4f870365E785982E1f101E93b906 | 72.62 USDC | prot: HIGH | premio: 0.3993 MEVI | stima: 51.6954 MEVI | ricevuti: 71.5804 MEVI | ATTACCO: NO
[14:48:53][  SWAP] TRADER 0x9965507D1a55bcC2695C58ba16FB37d819B0A4dc | 103.10 USDC | prot: HIGH | premio: 0.5669 MEVI | stima: 73.0197 MEVI | ricevuti: 98.1738 MEVI | ATTACCO: NO
[14:48:55][  SWAP] TRADER 0xBcd4042DE499D14e55001CcbB24a551F3b954096 | 75.95 USDC | prot: NESSUNA | stima: 72.7024 MEVI | ricevuti: 69.8553 MEVI | ATTACCO: NO
[14:48:55][  SWAP] TRADER 0x23618e81E3f5cdF7f54C3d65f7FBc0aBf5B21E8f | 88.99 USDC | prot: NESSUNA | stima: 84.9696 MEVI | ricevuti: 79.3211 MEVI | ATTACCO: NO
[14:48:56][  SWAP] TRADER 0xa0Ee7A142d267C1f36714E4a8F75612F20a79720 | 144.81 USDC | prot: NESSUNA | stima: 131.4658 MEVI | ricevuti: 119.1317 MEVI | ATTACCO: NO
[14:48:56][  SWAP] TRADER 0x71bE63f3384f5fb98995898A86B02Fb2426c5788 | 114.81 USDC | prot: NESSUNA | stima: 104.8214 MEVI | ricevuti: 90.1496 MEVI | ATTACCO: SI | perdita: 8.3632 MEVI | rimborso: NON ASSICURATO
[14:48:56][  SWAP] TRADER 0x976EA74026E726554dB657fA54763abd0C3a0aa9 | 82.35 USDC | prot: HIGH | premio: 0.4528 MEVI | stima: 63.7015 MEVI | ricevuti: 58.1449 MEVI | ATTACCO: SI | perdita: 2.0048 MEVI | rimborso: 2.0148 MEVI
[14:49:08][  POOL] POOL UPDATE | mevi=59.7041 MEVI | eth=3.776000 ETH
[14:49:16][  SWAP] TRADER 0x14dC79964da2C08b23698B3D3cc7Ca32193d9955 | 104.86 USDC | prot: NESSUNA | stima: 82.2993 MEVI | ricevuti: 82.2993 MEVI | ATTACCO: NO
[14:49:18][ATTACK] INSURED ATTACK | victim=0x976EA74026E726 | swap=60.0700 USDC | loss_sandwich=3.6187 MEVI (7.48%)
[14:49:19][  SWAP] TRADER 0x90F79bf6EB2c4f870365E785982E1f101E93b906 | 85.43 USDC | prot: HIGH | premio: 0.4798 MEVI | stima: 67.2792 MEVI | ricevuti: 64.8430 MEVI | ATTACCO: NO
[14:49:21][  SWAP] TRADER 0xBcd4042DE499D14e55001CcbB24a551F3b954096 | 65.60 USDC | prot: NESSUNA | stima: 49.9630 MEVI | ricevuti: 64.7505 MEVI | ATTACCO: NO
[14:49:21][  SWAP] TRADER 0x23618e81E3f5cdF7f54C3d65f7FBc0aBf5B21E8f | 91.06 USDC | prot: NESSUNA | stima: 69.0491 MEVI | ricevuti: 87.1502 MEVI | ATTACCO: NO
[14:49:21][  SWAP] TRADER 0x9965507D1a55bcC2695C58ba16FB37d819B0A4dc | 139.91 USDC | prot: HIGH | premio: 0.7857 MEVI | stima: 105.2032 MEVI | ricevuti: 128.0636 MEVI | ATTACCO: NO
[14:49:22][  SWAP] TRADER 0xa0Ee7A142d267C1f36714E4a8F75612F20a79720 | 124.81 USDC | prot: NESSUNA | stima: 121.7704 MEVI | ricevuti: 108.6638 MEVI | ATTACCO: NO
[14:49:22][  SWAP] TRADER 0x71bE63f3384f5fb98995898A86B02Fb2426c5788 | 119.46 USDC | prot: NESSUNA | stima: 116.6725 MEVI | ricevuti: 99.4208 MEVI | ATTACCO: NO
[14:49:25][  SWAP] TRADER 0x3C44CdDdB6a900fa2b585dd299e03d12FA4293BC | 68.72 USDC | prot: HIGH | premio: 0.3859 MEVI | stima: 67.7883 MEVI | ricevuti: 52.3781 MEVI | ATTACCO: NO
[14:49:25][  SWAP] TRADER 0x15d34AAf54267DB7D7c367839AAf71A00a2C6A65 | 52.03 USDC | prot: HIGH | premio: 0.2922 MEVI | stima: 51.4942 MEVI | ricevuti: 40.5059 MEVI | ATTACCO: NO
[14:49:35][  SWAP] TRADER 0x976EA74026E726554dB657fA54763abd0C3a0aa9 | 60.07 USDC | prot: HIGH | premio: 0.3374 MEVI | stima: 59.3569 MEVI | ricevuti: 44.7722 MEVI | ATTACCO: SI | perdita: 3.6187 MEVI | rimborso: 3.6287 MEVI
[14:49:38][ATTACK] NAKED ATTACK | victim=0x23618e81E3f5cd | swap=70.7500 USDC | loss_sandwich=2.9818 MEVI (5.86%)
[14:49:39][  SWAP] TRADER 0x14dC79964da2C08b23698B3D3cc7Ca32193d9955 | 141.75 USDC | prot: NESSUNA | stima: 105.8284 MEVI | ricevuti: 105.8284 MEVI | ATTACCO: NO
[14:49:46][  SWAP] TRADER 0xBcd4042DE499D14e55001CcbB24a551F3b954096 | 80.49 USDC | prot: NESSUNA | stima: 57.8437 MEVI | ricevuti: 55.9310 MEVI | ATTACCO: NO
[14:49:46][  SWAP] TRADER 0x23618e81E3f5cdF7f54C3d65f7FBc0aBf5B21E8f | 70.75 USDC | prot: NESSUNA | stima: 50.9277 MEVI | ricevuti: 47.9458 MEVI | ATTACCO: SI | perdita: 2.9818 MEVI | rimborso: NON ASSICURATO
[14:49:47][  SWAP] TRADER 0x90F79bf6EB2c4f870365E785982E1f101E93b906 | 75.37 USDC | prot: HIGH | premio: 0.4233 MEVI | stima: 54.2110 MEVI | ricevuti: 51.6024 MEVI | ATTACCO: NO
[14:49:47][  SWAP] TRADER 0xa0Ee7A142d267C1f36714E4a8F75612F20a79720 | 120.39 USDC | prot: NESSUNA | stima: 85.9402 MEVI | ricevuti: 79.8234 MEVI | ATTACCO: NO
[14:49:47][  SWAP] TRADER 0x71bE63f3384f5fb98995898A86B02Fb2426c5788 | 148.95 USDC | prot: NESSUNA | stima: 105.8222 MEVI | ricevuti: 94.5708 MEVI | ATTACCO: NO
[14:49:49][  SWAP] TRADER 0x9965507D1a55bcC2695C58ba16FB37d819B0A4dc | 147.08 USDC | prot: HIGH | premio: 0.8260 MEVI | stima: 104.5262 MEVI | ricevuti: 89.1285 MEVI | ATTACCO: NO
[14:49:53][  SWAP] TRADER 0x3C44CdDdB6a900fa2b585dd299e03d12FA4293BC | 98.00 USDC | prot: HIGH | premio: 0.5504 MEVI | stima: 59.8387 MEVI | ricevuti: 96.1161 MEVI | ATTACCO: NO
[14:49:53][  SWAP] TRADER 0x15d34AAf54267DB7D7c367839AAf71A00a2C6A65 | 71.72 USDC | prot: HIGH | premio: 0.4028 MEVI | stima: 43.9714 MEVI | ricevuti: 68.0320 MEVI | ATTACCO: NO
[14:50:04][  SWAP] TRADER 0x976EA74026E726554dB657fA54763abd0C3a0aa9 | 87.55 USDC | prot: HIGH | premio: 0.4917 MEVI | stima: 80.5321 MEVI | ricevuti: 80.5321 MEVI | ATTACCO: NO
[14:50:05][  SWAP] TRADER 0x14dC79964da2C08b23698B3D3cc7Ca32193d9955 | 115.48 USDC | prot: NESSUNA | stima: 105.6619 MEVI | ricevuti: 102.2092 MEVI | ATTACCO: NO
[14:50:05][ATTACK] NAKED ATTACK | victim=0xa0Ee7A142d267C | swap=138.7600 USDC | loss_sandwich=11.5923 MEVI (10.12%)
[14:50:08][ATTACK] INSURED ATTACK | victim=0x9965507D1a55bc | swap=117.5400 USDC | loss_sandwich=2.7663 MEVI (3.30%)
[14:50:11][  SWAP] TRADER 0x23618e81E3f5cdF7f54C3d65f7FBc0aBf5B21E8f | 61.38 USDC | prot: NESSUNA | stima: 52.5582 MEVI | ricevuti: 52.5582 MEVI | ATTACCO: NO
[14:50:13][  SWAP] TRADER 0xa0Ee7A142d267C1f36714E4a8F75612F20a79720 | 138.76 USDC | prot: NESSUNA | stima: 117.1486 MEVI | ricevuti: 102.9574 MEVI | ATTACCO: SI | perdita: 11.5923 MEVI | rimborso: NON ASSICURATO
[14:50:13][  SWAP] TRADER 0xBcd4042DE499D14e55001CcbB24a551F3b954096 | 96.47 USDC | prot: NESSUNA | stima: 82.0749 MEVI | ricevuti: 77.3977 MEVI | ATTACCO: NO
[14:50:13][  SWAP] TRADER 0x71bE63f3384f5fb98995898A86B02Fb2426c5788 | 105.05 USDC | prot: NESSUNA | stima: 89.2346 MEVI | ricevuti: 81.3203 MEVI | ATTACCO: NO
[14:50:15][  SWAP] TRADER 0x90F79bf6EB2c4f870365E785982E1f101E93b906 | 95.87 USDC | prot: HIGH | premio: 0.5384 MEVI | stima: 81.5734 MEVI | ricevuti: 70.9849 MEVI | ATTACCO: NO
[14:50:19][  SWAP] TRADER 0x15d34AAf54267DB7D7c367839AAf71A00a2C6A65 | 56.10 USDC | prot: HIGH | premio: 0.3151 MEVI | stima: 38.9398 MEVI | ricevuti: 38.9398 MEVI | ATTACCO: NO
[14:50:19][  SWAP] TRADER 0x3C44CdDdB6a900fa2b585dd299e03d12FA4293BC | 75.11 USDC | prot: HIGH | premio: 0.4218 MEVI | stima: 51.9710 MEVI | ricevuti: 51.0143 MEVI | ATTACCO: NO
[14:50:26][  SWAP] TRADER 0x9965507D1a55bcC2695C58ba16FB37d819B0A4dc | 117.54 USDC | prot: HIGH | premio: 0.6601 MEVI | stima: 97.4029 MEVI | ricevuti: 81.1559 MEVI | ATTACCO: SI | perdita: 2.7663 MEVI | rimborso: 2.7763 MEVI
[14:50:30][  SWAP] TRADER 0x14dC79964da2C08b23698B3D3cc7Ca32193d9955 | 131.89 USDC | prot: NESSUNA | stima: 128.5004 MEVI | ricevuti: 128.5004 MEVI | ATTACCO: NO
[14:50:30][  SWAP] TRADER 0x976EA74026E726554dB657fA54763abd0C3a0aa9 | 68.71 USDC | prot: HIGH | premio: 0.3859 MEVI | stima: 67.7786 MEVI | ricevuti: 64.3619 MEVI | ATTACCO: NO
[14:50:37][  SWAP] TRADER 0x23618e81E3f5cdF7f54C3d65f7FBc0aBf5B21E8f | 56.80 USDC | prot: NESSUNA | stima: 51.9354 MEVI | ricevuti: 51.9354 MEVI | ATTACCO: NO
[14:50:38][  SWAP] TRADER 0xa0Ee7A142d267C1f36714E4a8F75612F20a79720 | 119.18 USDC | prot: NESSUNA | stima: 107.6952 MEVI | ricevuti: 105.4062 MEVI | ATTACCO: NO
[14:50:38][  SWAP] TRADER 0xBcd4042DE499D14e55001CcbB24a551F3b954096 | 63.46 USDC | prot: NESSUNA | stima: 57.9516 MEVI | ricevuti: 54.2415 MEVI | ATTACCO: NO
[14:50:38][  SWAP] TRADER 0x71bE63f3384f5fb98995898A86B02Fb2426c5788 | 112.12 USDC | prot: NESSUNA | stima: 101.4502 MEVI | ricevuti: 92.8024 MEVI | ATTACCO: NO
[14:50:43][  SWAP] TRADER 0x90F79bf6EB2c4f870365E785982E1f101E93b906 | 98.75 USDC | prot: HIGH | premio: 0.5546 MEVI | stima: 87.6705 MEVI | ricevuti: 78.6859 MEVI | ATTACCO: NO
[14:50:47][  SWAP] TRADER 0x3C44CdDdB6a900fa2b585dd299e03d12FA4293BC | 88.84 USDC | prot: HIGH | premio: 0.4989 MEVI | stima: 70.9138 MEVI | ricevuti: 68.4758 MEVI | ATTACCO: NO
[14:50:47][ATTACK] INSURED ATTACK | victim=0x9965507D1a55bc | swap=124.0400 USDC | loss_sandwich=4.6448 MEVI (3.84%)
[14:50:49][  SWAP] TRADER 0x15d34AAf54267DB7D7c367839AAf71A00a2C6A65 | 97.94 USDC | prot: HIGH | premio: 0.5500 MEVI | stima: 75.3704 MEVI | ricevuti: 73.0745 MEVI | ATTACCO: NO
[14:50:49][ATTACK] NAKED ATTACK | victim=0x14dC79964da2C0 | swap=124.9000 USDC | loss_sandwich=4.3609 MEVI (3.75%)
[14:50:56][  SWAP] TRADER 0x14dC79964da2C08b23698B3D3cc7Ca32193d9955 | 124.90 USDC | prot: NESSUNA | stima: 121.8560 MEVI | ricevuti: 111.9078 MEVI | ATTACCO: SI | perdita: 4.3609 MEVI | rimborso: NON ASSICURATO
[14:50:57][  SWAP] TRADER 0x976EA74026E726554dB657fA54763abd0C3a0aa9 | 66.35 USDC | prot: HIGH | premio: 0.3726 MEVI | stima: 65.4811 MEVI | ricevuti: 59.6259 MEVI | ATTACCO: NO
[14:51:02][  SWAP] TRADER 0x23618e81E3f5cdF7f54C3d65f7FBc0aBf5B21E8f | 75.06 USDC | prot: NESSUNA | stima: 65.6812 MEVI | ricevuti: 65.6812 MEVI | ATTACCO: NO
[14:51:04][  SWAP] TRADER 0xa0Ee7A142d267C1f36714E4a8F75612F20a79720 | 109.71 USDC | prot: NESSUNA | stima: 95.3876 MEVI | ricevuti: 92.7720 MEVI | ATTACCO: NO
[14:51:04][  SWAP] TRADER 0xBcd4042DE499D14e55001CcbB24a551F3b954096 | 93.11 USDC | prot: NESSUNA | stima: 81.2035 MEVI | ricevuti: 75.8759 MEVI | ATTACCO: NO
[14:51:04][  SWAP] TRADER 0x71bE63f3384f5fb98995898A86B02Fb2426c5788 | 146.14 USDC | prot: NESSUNA | stima: 126.2130 MEVI | ricevuti: 114.1194 MEVI | ATTACCO: NO
[14:51:06][  SWAP] TRADER 0x9965507D1a55bcC2695C58ba16FB37d819B0A4dc | 124.04 USDC | prot: HIGH | premio: 0.6966 MEVI | stima: 89.1022 MEVI | ricevuti: 116.3925 MEVI | ATTACCO: SI | perdita: 4.6448 MEVI | rimborso: 4.6548 MEVI
[14:51:07][  SWAP] TRADER 0x90F79bf6EB2c4f870365E785982E1f101E93b906 | 74.49 USDC | prot: HIGH | premio: 0.4183 MEVI | stima: 55.9582 MEVI | ricevuti: 55.9582 MEVI | ATTACCO: NO
[14:51:08][  POOL] POOL UPDATE | mevi=59.8603 MEVI | eth=3.722000 ETH
[14:51:10][  SWAP] TRADER 0x3C44CdDdB6a900fa2b585dd299e03d12FA4293BC | 62.89 USDC | prot: HIGH | premio: 0.3532 MEVI | stima: 46.1382 MEVI | ricevuti: 46.1382 MEVI | ATTACCO: NO
[14:51:16][  SWAP] TRADER 0x15d34AAf54267DB7D7c367839AAf71A00a2C6A65 | 84.62 USDC | prot: HIGH | premio: 0.4752 MEVI | stima: 60.5420 MEVI | ricevuti: 60.5420 MEVI | ATTACCO: NO
[14:51:22][  SWAP] TRADER 0x14dC79964da2C08b23698B3D3cc7Ca32193d9955 | 105.10 USDC | prot: NESSUNA | stima: 72.8399 MEVI | ricevuti: 72.8399 MEVI | ATTACCO: NO
[14:51:22][ATTACK] NAKED ATTACK | victim=0xa0Ee7A142d267C | swap=110.9200 USDC | loss_sandwich=3.7603 MEVI (3.71%)
[14:51:25][  SWAP] TRADER 0x976EA74026E726554dB657fA54763abd0C3a0aa9 | 82.61 USDC | prot: HIGH | premio: 0.4639 MEVI | stima: 57.4665 MEVI | ricevuti: 81.2673 MEVI | ATTACCO: NO
[14:51:28][  SWAP] TRADER 0x23618e81E3f5cdF7f54C3d65f7FBc0aBf5B21E8f | 96.08 USDC | prot: NESSUNA | stima: 91.2570 MEVI | ricevuti: 91.2570 MEVI | ATTACCO: NO
[14:51:30][  SWAP] TRADER 0xa0Ee7A142d267C1f36714E4a8F75612F20a79720 | 110.92 USDC | prot: NESSUNA | stima: 105.0511 MEVI | ricevuti: 97.4690 MEVI | ATTACCO: SI | perdita: 3.7603 MEVI | rimborso: NON ASSICURATO
[14:51:30][  SWAP] TRADER 0x71bE63f3384f5fb98995898A86B02Fb2426c5788 | 114.08 USDC | prot: NESSUNA | stima: 107.9782 MEVI | ricevuti: 96.1475 MEVI | ATTACCO: NO
[14:51:30][  SWAP] TRADER 0xBcd4042DE499D14e55001CcbB24a551F3b954096 | 62.17 USDC | prot: NESSUNA | stima: 59.4384 MEVI | ricevuti: 50.7382 MEVI | ATTACCO: NO
[14:51:36][  SWAP] TRADER 0x9965507D1a55bcC2695C58ba16FB37d819B0A4dc | 126.43 USDC | prot: HIGH | premio: 0.7100 MEVI | stima: 103.7792 MEVI | ricevuti: 103.7792 MEVI | ATTACCO: NO
[14:51:36][  SWAP] TRADER 0x90F79bf6EB2c4f870365E785982E1f101E93b906 | 75.21 USDC | prot: HIGH | premio: 0.4224 MEVI | stima: 62.3073 MEVI | ricevuti: 59.5353 MEVI | ATTACCO: NO
[14:51:37][ATTACK] INSURED ATTACK | victim=0x15d34AAf54267D | swap=50.9400 USDC | loss_sandwich=1.2838 MEVI (3.37%)
[14:51:39][  SWAP] TRADER 0x3C44CdDdB6a900fa2b585dd299e03d12FA4293BC | 99.79 USDC | prot: HIGH | premio: 0.5604 MEVI | stima: 82.3047 MEVI | ricevuti: 76.5914 MEVI | ATTACCO: NO
[14:51:47][  SWAP] TRADER 0x14dC79964da2C08b23698B3D3cc7Ca32193d9955 | 104.89 USDC | prot: NESSUNA | stima: 76.3692 MEVI | ricevuti: 76.3692 MEVI | ATTACCO: NO
[14:51:54][  SWAP] TRADER 0x976EA74026E726554dB657fA54763abd0C3a0aa9 | 65.75 USDC | prot: HIGH | premio: 0.3693 MEVI | stima: 46.5054 MEVI | ricevuti: 62.7139 MEVI | ATTACCO: NO
[14:51:54][  SWAP] TRADER 0x23618e81E3f5cdF7f54C3d65f7FBc0aBf5B21E8f | 86.83 USDC | prot: NESSUNA | stima: 61.1996 MEVI | ricevuti: 85.3478 MEVI | ATTACCO: NO
[14:51:55][  SWAP] TRADER 0xa0Ee7A142d267C1f36714E4a8F75612F20a79720 | 132.09 USDC | prot: NESSUNA | stima: 92.4026 MEVI | ricevuti: 121.2739 MEVI | ATTACCO: NO
[14:51:55][  SWAP] TRADER 0xBcd4042DE499D14e55001CcbB24a551F3b954096 | 59.42 USDC | prot: NESSUNA | stima: 42.0727 MEVI | ricevuti: 52.5994 MEVI | ATTACCO: NO
[14:51:55][  SWAP] TRADER 0x15d34AAf54267DB7D7c367839AAf71A00a2C6A65 | 50.94 USDC | prot: HIGH | premio: 0.2861 MEVI | stima: 38.0832 MEVI | ricevuti: 36.7994 MEVI | ATTACCO: SI | perdita: 1.2838 MEVI | rimborso: 1.2938 MEVI
[14:51:59][  SWAP] TRADER 0x9965507D1a55bcC2695C58ba16FB37d819B0A4dc | 103.06 USDC | prot: HIGH | premio: 0.5788 MEVI | stima: 88.5089 MEVI | ricevuti: 88.5089 MEVI | ATTACCO: NO
[14:51:59][  SWAP] TRADER 0x90F79bf6EB2c4f870365E785982E1f101E93b906 | 88.89 USDC | prot: HIGH | premio: 0.4992 MEVI | stima: 76.5387 MEVI | ricevuti: 73.6927 MEVI | ATTACCO: NO
[14:52:03][  SWAP] TRADER 0x3C44CdDdB6a900fa2b585dd299e03d12FA4293BC | 72.64 USDC | prot: HIGH | premio: 0.4079 MEVI | stima: 58.4865 MEVI | ricevuti: 58.4865 MEVI | ATTACCO: NO
[14:52:12][  SWAP] TRADER 0x14dC79964da2C08b23698B3D3cc7Ca32193d9955 | 149.91 USDC | prot: NESSUNA | stima: 116.0363 MEVI | ricevuti: 111.2452 MEVI | ATTACCO: NO
[14:52:12][  SWAP] TRADER 0x71bE63f3384f5fb98995898A86B02Fb2426c5788 | 121.08 USDC | prot: NESSUNA | stima: 94.1923 MEVI | ricevuti: 94.1923 MEVI | ATTACCO: NO
[14:52:14][ATTACK] NAKED ATTACK | victim=0xBcd4042DE499D1 | swap=89.2900 USDC | loss_sandwich=2.0942 MEVI (3.29%)
[14:52:21][  SWAP] TRADER 0xBcd4042DE499D14e55001CcbB24a551F3b954096 | 89.29 USDC | prot: NESSUNA | stima: 63.6050 MEVI | ricevuti: 61.5108 MEVI | ATTACCO: SI | perdita: 2.0942 MEVI | rimborso: NON ASSICURATO
[14:52:21][  SWAP] TRADER 0x23618e81E3f5cdF7f54C3d65f7FBc0aBf5B21E8f | 55.05 USDC | prot: NESSUNA | stima: 39.4407 MEVI | ricevuti: 37.0294 MEVI | ATTACCO: NO
[14:52:23][  SWAP] TRADER 0x976EA74026E726554dB657fA54763abd0C3a0aa9 | 76.43 USDC | prot: HIGH | premio: 0.4292 MEVI | stima: 54.5618 MEVI | ricevuti: 52.0599 MEVI | ATTACCO: NO
[14:52:23][  SWAP] TRADER 0xa0Ee7A142d267C1f36714E4a8F75612F20a79720 | 124.35 USDC | prot: NESSUNA | stima: 88.0624 MEVI | ricevuti: 81.9667 MEVI | ATTACCO: NO
[14:52:23][  SWAP] TRADER 0x15d34AAf54267DB7D7c367839AAf71A00a2C6A65 | 98.54 USDC | prot: HIGH | premio: 0.5534 MEVI | stima: 70.0855 MEVI | ricevuti: 62.6628 MEVI | ATTACCO: NO
[14:52:23][  SWAP] TRADER 0x9965507D1a55bcC2695C58ba16FB37d819B0A4dc | 129.06 USDC | prot: HIGH | premio: 0.7248 MEVI | stima: 81.6764 MEVI | ricevuti: 79.1742 MEVI | ATTACCO: NO
[14:52:23][  SWAP] TRADER 0x90F79bf6EB2c4f870365E785982E1f101E93b906 | 54.62 USDC | prot: HIGH | premio: 0.3067 MEVI | stima: 34.9766 MEVI | ricevuti: 32.5612 MEVI | ATTACCO: NO
[14:52:32][  SWAP] TRADER 0x3C44CdDdB6a900fa2b585dd299e03d12FA4293BC | 66.60 USDC | prot: HIGH | premio: 0.3740 MEVI | stima: 65.7245 MEVI | ricevuti: 65.7245 MEVI | ATTACCO: NO
[14:52:38][  SWAP] TRADER 0x71bE63f3384f5fb98995898A86B02Fb2426c5788 | 107.46 USDC | prot: NESSUNA | stima: 102.4799 MEVI | ricevuti: 102.4799 MEVI | ATTACCO: NO
[14:52:39][  SWAP] TRADER 0x14dC79964da2C08b23698B3D3cc7Ca32193d9955 | 100.52 USDC | prot: NESSUNA | stima: 95.9903 MEVI | ricevuti: 92.0817 MEVI | ATTACCO: NO
[14:52:41][ATTACK] NAKED ATTACK | victim=0xa0Ee7A142d267C | swap=135.5800 USDC | loss_sandwich=3.9785 MEVI (3.54%)
[14:52:47][  SWAP] TRADER 0xBcd4042DE499D14e55001CcbB24a551F3b954096 | 58.43 USDC | prot: NESSUNA | stima: 51.9297 MEVI | ricevuti: 51.9297 MEVI | ATTACCO: NO
[14:52:47][  SWAP] TRADER 0x23618e81E3f5cdF7f54C3d65f7FBc0aBf5B21E8f | 93.94 USDC | prot: NESSUNA | stima: 82.9370 MEVI | ricevuti: 81.1451 MEVI | ATTACCO: NO
[14:52:48][  SWAP] TRADER 0xa0Ee7A142d267C1f36714E4a8F75612F20a79720 | 135.58 USDC | prot: NESSUNA | stima: 118.7784 MEVI | ricevuti: 108.3028 MEVI | ATTACCO: SI | perdita: 3.9785 MEVI | rimborso: NON ASSICURATO
[14:52:50][  SWAP] TRADER 0x15d34AAf54267DB7D7c367839AAf71A00a2C6A65 | 66.13 USDC | prot: HIGH | premio: 0.3714 MEVI | stima: 58.6883 MEVI | ricevuti: 52.8768 MEVI | ATTACCO: NO
[14:52:50][  SWAP] TRADER 0x9965507D1a55bcC2695C58ba16FB37d819B0A4dc | 140.86 USDC | prot: HIGH | premio: 0.7911 MEVI | stima: 123.2838 MEVI | ricevuti: 108.5866 MEVI | ATTACCO: NO
[14:52:50][  SWAP] TRADER 0x90F79bf6EB2c4f870365E785982E1f101E93b906 | 62.60 USDC | prot: HIGH | premio: 0.3516 MEVI | stima: 55.5923 MEVI | ricevuti: 46.5726 MEVI | ATTACCO: NO
[14:52:50][  SWAP] TRADER 0x976EA74026E726554dB657fA54763abd0C3a0aa9 | 53.01 USDC | prot: HIGH | premio: 0.2977 MEVI | stima: 47.1606 MEVI | ricevuti: 38.6627 MEVI | ATTACCO: NO
[14:52:53][ATTACK] INSURED ATTACK | victim=0x3C44CdDdB6a900 | swap=94.0700 USDC | loss_sandwich=3.5533 MEVI (3.85%)
[14:53:03][  SWAP] TRADER 0x71bE63f3384f5fb98995898A86B02Fb2426c5788 | 105.40 USDC | prot: NESSUNA | stima: 99.5881 MEVI | ricevuti: 99.5881 MEVI | ATTACCO: NO
[14:53:05][  SWAP] TRADER 0x14dC79964da2C08b23698B3D3cc7Ca32193d9955 | 121.16 USDC | prot: NESSUNA | stima: 114.1329 MEVI | ricevuti: 109.6019 MEVI | ATTACCO: NO
[14:53:08][  POOL] POOL UPDATE | mevi=69.4719 MEVI | eth=3.690000 ETH
[14:53:10][  SWAP] TRADER 0x3C44CdDdB6a900fa2b585dd299e03d12FA4293BC | 94.07 USDC | prot: HIGH | premio: 0.5283 MEVI | stima: 92.3328 MEVI | ricevuti: 88.7796 MEVI | ATTACCO: SI | perdita: 3.5533 MEVI | rimborso: 3.5633 MEVI
[14:53:12][  SWAP] TRADER 0x23618e81E3f5cdF7f54C3d65f7FBc0aBf5B21E8f | 91.67 USDC | prot: NESSUNA | stima: 79.6626 MEVI | ricevuti: 77.4885 MEVI | ATTACCO: NO
[14:53:12][  SWAP] TRADER 0xBcd4042DE499D14e55001CcbB24a551F3b954096 | 74.72 USDC | prot: NESSUNA | stima: 65.1369 MEVI | ricevuti: 65.1369 MEVI | ATTACCO: NO
[14:53:14][  SWAP] TRADER 0xa0Ee7A142d267C1f36714E4a8F75612F20a79720 | 136.87 USDC | prot: NESSUNA | stima: 117.9565 MEVI | ricevuti: 110.9922 MEVI | ATTACCO: NO
[14:53:14][  SWAP] TRADER 0x15d34AAf54267DB7D7c367839AAf71A00a2C6A65 | 97.61 USDC | prot: HIGH | premio: 0.5482 MEVI | stima: 79.7117 MEVI | ricevuti: 75.9096 MEVI | ATTACCO: NO
[14:53:14][  SWAP] TRADER 0x90F79bf6EB2c4f870365E785982E1f101E93b906 | 76.97 USDC | prot: HIGH | premio: 0.4323 MEVI | stima: 63.0897 MEVI | ricevuti: 58.0552 MEVI | ATTACCO: NO
[14:53:14][  SWAP] TRADER 0x976EA74026E726554dB657fA54763abd0C3a0aa9 | 53.14 USDC | prot: HIGH | premio: 0.2984 MEVI | stima: 43.7445 MEVI | ricevuti: 39.1896 MEVI | ATTACCO: NO
[14:53:14][  SWAP] TRADER 0x9965507D1a55bcC2695C58ba16FB37d819B0A4dc | 106.88 USDC | prot: HIGH | premio: 0.6002 MEVI | stima: 87.1372 MEVI | ricevuti: 76.7039 MEVI | ATTACCO: NO
[14:53:22][ATTACK] NAKED ATTACK | victim=0x14dC79964da2C0 | swap=148.8400 USDC | loss_sandwich=5.1160 MEVI (3.73%)
[14:53:28][  SWAP] TRADER 0x71bE63f3384f5fb98995898A86B02Fb2426c5788 | 135.79 USDC | prot: NESSUNA | stima: 132.1997 MEVI | ricevuti: 132.1997 MEVI | ATTACCO: NO
[14:53:30][  SWAP] TRADER 0x14dC79964da2C08b23698B3D3cc7Ca32193d9955 | 148.84 USDC | prot: NESSUNA | stima: 144.5374 MEVI | ricevuti: 131.9841 MEVI | ATTACCO: SI | perdita: 5.1160 MEVI | rimborso: NON ASSICURATO
[14:53:37][  SWAP] TRADER 0x3C44CdDdB6a900fa2b585dd299e03d12FA4293BC | 74.49 USDC | prot: HIGH | premio: 0.4183 MEVI | stima: 65.8708 MEVI | ricevuti: 63.1998 MEVI | ATTACCO: NO
[14:53:37][  SWAP] TRADER 0x23618e81E3f5cdF7f54C3d65f7FBc0aBf5B21E8f | 50.09 USDC | prot: NESSUNA | stima: 44.4969 MEVI | ricevuti: 44.4969 MEVI | ATTACCO: NO
[14:53:37][  SWAP] TRADER 0xBcd4042DE499D14e55001CcbB24a551F3b954096 | 61.10 USDC | prot: NESSUNA | stima: 54.1656 MEVI | ricevuti: 53.1580 MEVI | ATTACCO: NO
[14:53:39][  SWAP] TRADER 0xa0Ee7A142d267C1f36714E4a8F75612F20a79720 | 131.44 USDC | prot: NESSUNA | stima: 115.0079 MEVI | ricevuti: 107.4151 MEVI | ATTACCO: NO
[14:53:43][  SWAP] TRADER 0x90F79bf6EB2c4f870365E785982E1f101E93b906 | 98.03 USDC | prot: HIGH | premio: 0.5505 MEVI | stima: 80.5929 MEVI | ricevuti: 71.6013 MEVI | ATTACCO: NO
[14:53:43][  SWAP] TRADER 0x976EA74026E726554dB657fA54763abd0C3a0aa9 | 60.91 USDC | prot: HIGH | premio: 0.3421 MEVI | stima: 50.4120 MEVI | ricevuti: 43.3025 MEVI | ATTACCO: NO
[14:53:43][  SWAP] TRADER 0x9965507D1a55bcC2695C58ba16FB37d819B0A4dc | 125.82 USDC | prot: HIGH | premio: 0.7066 MEVI | stima: 102.9257 MEVI | ricevuti: 98.2002 MEVI | ATTACCO: NO
[14:53:43][  SWAP] TRADER 0x15d34AAf54267DB7D7c367839AAf71A00a2C6A65 | 78.74 USDC | prot: HIGH | premio: 0.4422 MEVI | stima: 64.9594 MEVI | ricevuti: 59.2883 MEVI | ATTACCO: NO
[14:53:54][  SWAP] TRADER 0x71bE63f3384f5fb98995898A86B02Fb2426c5788 | 136.17 USDC | prot: NESSUNA | stima: 93.6774 MEVI | ricevuti: 93.6774 MEVI | ATTACCO: NO
[14:53:55][  SWAP] TRADER 0x14dC79964da2C08b23698B3D3cc7Ca32193d9955 | 110.64 USDC | prot: NESSUNA | stima: 76.4343 MEVI | ricevuti: 73.0878 MEVI | ATTACCO: NO
[14:53:56][ATTACK] NAKED ATTACK | victim=0x23618e81E3f5cd | swap=91.0300 USDC | loss_sandwich=5.5887 MEVI (6.25%)
[14:54:03][  SWAP] TRADER 0x23618e81E3f5cdF7f54C3d65f7FBc0aBf5B21E8f | 91.03 USDC | prot: NESSUNA | stima: 89.4023 MEVI | ricevuti: 83.8136 MEVI | ATTACCO: SI | perdita: 5.5887 MEVI | rimborso: NON ASSICURATO
[14:54:03][  SWAP] TRADER 0xBcd4042DE499D14e55001CcbB24a551F3b954096 | 65.49 USDC | prot: NESSUNA | stima: 64.6433 MEVI | ricevuti: 62.1489 MEVI | ATTACCO: NO
[14:54:03][ATTACK] INSURED ATTACK | victim=0x15d34AAf54267D | swap=83.9600 USDC | loss_sandwich=2.3845 MEVI (3.51%)
[14:54:04][  SWAP] TRADER 0xa0Ee7A142d267C1f36714E4a8F75612F20a79720 | 117.55 USDC | prot: NESSUNA | stima: 114.8499 MEVI | ricevuti: 108.2716 MEVI | ATTACCO: NO
[14:54:04][  SWAP] TRADER 0x3C44CdDdB6a900fa2b585dd299e03d12FA4293BC | 95.42 USDC | prot: HIGH | premio: 0.5359 MEVI | stima: 93.6331 MEVI | ricevuti: 84.3991 MEVI | ATTACCO: NO
[14:54:08][  SWAP] TRADER 0x9965507D1a55bcC2695C58ba16FB37d819B0A4dc | 148.83 USDC | prot: HIGH | premio: 0.8358 MEVI | stima: 125.8083 MEVI | ricevuti: 125.8083 MEVI | ATTACCO: NO
[14:54:11][  SWAP] TRADER 0x976EA74026E726554dB657fA54763abd0C3a0aa9 | 68.30 USDC | prot: HIGH | premio: 0.3836 MEVI | stima: 58.5909 MEVI | ricevuti: 51.9840 MEVI | ATTACCO: NO
[14:54:12][  SWAP] TRADER 0x90F79bf6EB2c4f870365E785982E1f101E93b906 | 69.04 USDC | prot: HIGH | premio: 0.3877 MEVI | stima: 59.2176 MEVI | ricevuti: 53.2089 MEVI | ATTACCO: NO
[14:54:20][  SWAP] TRADER 0x71bE63f3384f5fb98995898A86B02Fb2426c5788 | 124.39 USDC | prot: NESSUNA | stima: 92.6995 MEVI | ricevuti: 92.6995 MEVI | ATTACCO: NO
[14:54:21][  SWAP] TRADER 0x14dC79964da2C08b23698B3D3cc7Ca32193d9955 | 129.04 USDC | prot: NESSUNA | stima: 96.0885 MEVI | ricevuti: 92.0918 MEVI | ATTACCO: NO
[14:54:21][  SWAP] TRADER 0x15d34AAf54267DB7D7c367839AAf71A00a2C6A65 | 83.96 USDC | prot: HIGH | premio: 0.4715 MEVI | stima: 71.8177 MEVI | ricevuti: 65.6364 MEVI | ATTACCO: SI | perdita: 2.3845 MEVI | rimborso: 2.3945 MEVI
[14:54:26][  SWAP] TRADER 0xBcd4042DE499D14e55001CcbB24a551F3b954096 | 99.02 USDC | prot: NESSUNA | stima: 97.0971 MEVI | ricevuti: 97.0971 MEVI | ATTACCO: NO
[14:54:26][  SWAP] TRADER 0x23618e81E3f5cdF7f54C3d65f7FBc0aBf5B21E8f | 50.92 USDC | prot: NESSUNA | stima: 50.4067 MEVI | ricevuti: 48.4774 MEVI | ATTACCO: NO
[14:54:29][  SWAP] TRADER 0xa0Ee7A142d267C1f36714E4a8F75612F20a79720 | 138.85 USDC | prot: NESSUNA | stima: 127.4463 MEVI | ricevuti: 127.4463 MEVI | ATTACCO: NO
[14:54:32][  SWAP] TRADER 0x3C44CdDdB6a900fa2b585dd299e03d12FA4293BC | 75.91 USDC | prot: HIGH | premio: 0.4263 MEVI | stima: 70.5147 MEVI | ricevuti: 66.8863 MEVI | ATTACCO: NO
[14:54:36][  SWAP] TRADER 0x9965507D1a55bcC2695C58ba16FB37d819B0A4dc | 100.28 USDC | prot: HIGH | premio: 0.5632 MEVI | stima: 87.9598 MEVI | ricevuti: 85.5107 MEVI | ATTACCO: NO
[14:54:39][  SWAP] TRADER 0x976EA74026E726554dB657fA54763abd0C3a0aa9 | 65.11 USDC | prot: HIGH | premio: 0.3657 MEVI | stima: 55.8802 MEVI | ricevuti: 53.8601 MEVI | ATTACCO: NO
[14:54:40][ATTACK] NAKED ATTACK | victim=0x14dC79964da2C0 | swap=108.3100 USDC | loss_sandwich=2.6708 MEVI (3.35%)
[14:54:41][  SWAP] TRADER 0x90F79bf6EB2c4f870365E785982E1f101E93b906 | 98.21 USDC | prot: HIGH | premio: 0.5515 MEVI | stima: 83.7773 MEVI | ricevuti: 78.8835 MEVI | ATTACCO: NO
[14:54:46][  SWAP] TRADER 0x71bE63f3384f5fb98995898A86B02Fb2426c5788 | 143.07 USDC | prot: NESSUNA | stima: 110.1114 MEVI | ricevuti: 110.1114 MEVI | ATTACCO: NO
[14:54:47][  SWAP] TRADER 0x14dC79964da2C08b23698B3D3cc7Ca32193d9955 | 108.31 USDC | prot: NESSUNA | stima: 83.8641 MEVI | ricevuti: 77.1243 MEVI | ATTACCO: SI | perdita: 2.6708 MEVI | rimborso: NON ASSICURATO
[14:54:49][  SWAP] TRADER 0x15d34AAf54267DB7D7c367839AAf71A00a2C6A65 | 82.92 USDC | prot: HIGH | premio: 0.4657 MEVI | stima: 64.4901 MEVI | ricevuti: 59.1837 MEVI | ATTACCO: NO
[14:54:51][  SWAP] TRADER 0xBcd4042DE499D14e55001CcbB24a551F3b954096 | 89.59 USDC | prot: NESSUNA | stima: 62.1209 MEVI | ricevuti: 62.1209 MEVI | ATTACCO: NO
[14:54:51][  SWAP] TRADER 0x23618e81E3f5cdF7f54C3d65f7FBc0aBf5B21E8f | 50.78 USDC | prot: NESSUNA | stima: 35.4377 MEVI | ricevuti: 34.4002 MEVI | ATTACCO: NO
[14:54:55][  SWAP] TRADER 0xa0Ee7A142d267C1f36714E4a8F75612F20a79720 | 146.37 USDC | prot: NESSUNA | stima: 96.0268 MEVI | ricevuti: 96.0268 MEVI | ATTACCO: NO
[14:54:55][ATTACK] INSURED ATTACK | victim=0x3C44CdDdB6a900 | swap=50.1500 USDC | loss_sandwich=0.9927 MEVI (3.11%)
[14:55:05][  SWAP] TRADER 0x976EA74026E726554dB657fA54763abd0C3a0aa9 | 57.02 USDC | prot: HIGH | premio: 0.3136 MEVI | stima: 35.6360 MEVI | ricevuti: 35.6360 MEVI | ATTACCO: NO
[14:55:05][  SWAP] TRADER 0x90F79bf6EB2c4f870365E785982E1f101E93b906 | 50.14 USDC | prot: HIGH | premio: 0.2757 MEVI | stima: 31.3701 MEVI | ricevuti: 30.8118 MEVI | ATTACCO: NO
[14:55:06][  SWAP] TRADER 0x9965507D1a55bcC2695C58ba16FB37d819B0A4dc | 131.21 USDC | prot: HIGH | premio: 0.7215 MEVI | stima: 82.3346 MEVI | ricevuti: 78.3928 MEVI | ATTACCO: NO
[14:55:08][  POOL] POOL UPDATE | mevi=72.8537 MEVI | eth=3.668000 ETH
[14:55:09][ATTACK] NAKED ATTACK | victim=0xBcd4042DE499D1 | swap=89.3700 USDC | loss_sandwich=3.2322 MEVI (6.77%)
[14:55:11][  SWAP] TRADER 0x71bE63f3384f5fb98995898A86B02Fb2426c5788 | 111.20 USDC | prot: NESSUNA | stima: 64.0143 MEVI | ricevuti: 64.0143 MEVI | ATTACCO: NO
[14:55:12][  SWAP] TRADER 0x3C44CdDdB6a900fa2b585dd299e03d12FA4293BC | 50.15 USDC | prot: HIGH | premio: 0.2758 MEVI | stima: 31.8744 MEVI | ricevuti: 30.8817 MEVI | ATTACCO: SI | perdita: 0.9927 MEVI | rimborso: 1.0027 MEVI
[14:55:13][  SWAP] TRADER 0x14dC79964da2C08b23698B3D3cc7Ca32193d9955 | 148.51 USDC | prot: NESSUNA | stima: 85.0151 MEVI | ricevuti: 82.2245 MEVI | ATTACCO: NO
[14:55:16][  SWAP] TRADER 0x15d34AAf54267DB7D7c367839AAf71A00a2C6A65 | 55.70 USDC | prot: HIGH | premio: 0.3063 MEVI | stima: 31.2661 MEVI | ricevuti: 29.0614 MEVI | ATTACCO: NO
[14:55:16][  SWAP] TRADER 0x23618e81E3f5cdF7f54C3d65f7FBc0aBf5B21E8f | 88.10 USDC | prot: NESSUNA | stima: 47.1008 MEVI | ricevuti: 45.0270 MEVI | ATTACCO: NO
[14:55:16][  SWAP] TRADER 0xBcd4042DE499D14e55001CcbB24a551F3b954096 | 89.37 USDC | prot: NESSUNA | stima: 47.7710 MEVI | ricevuti: 44.5387 MEVI | ATTACCO: SI | perdita: 3.2322 MEVI | rimborso: NON ASSICURATO
[14:55:19][  SWAP] TRADER 0xa0Ee7A142d267C1f36714E4a8F75612F20a79720 | 139.93 USDC | prot: NESSUNA | stima: 69.5655 MEVI | ricevuti: 69.5655 MEVI | ATTACCO: NO
[14:55:33][  SWAP] TRADER 0x90F79bf6EB2c4f870365E785982E1f101E93b906 | 72.60 USDC | prot: HIGH | premio: 0.3992 MEVI | stima: 71.5609 MEVI | ricevuti: 71.5609 MEVI | ATTACCO: NO
[14:55:33][  SWAP] TRADER 0x976EA74026E726554dB657fA54763abd0C3a0aa9 | 87.14 USDC | prot: HIGH | premio: 0.4792 MEVI | stima: 85.6473 MEVI | ricevuti: 83.2337 MEVI | ATTACCO: NO
[14:55:35][  SWAP] TRADER 0x9965507D1a55bcC2695C58ba16FB37d819B0A4dc | 101.58 USDC | prot: HIGH | premio: 0.5586 MEVI | stima: 99.5574 MEVI | ricevuti: 93.5461 MEVI | ATTACCO: NO
[14:55:36][  SWAP] TRADER 0x71bE63f3384f5fb98995898A86B02Fb2426c5788 | 117.44 USDC | prot: NESSUNA | stima: 107.8267 MEVI | ricevuti: 103.7479 MEVI | ATTACCO: NO
[14:55:38][  SWAP] TRADER 0x14dC79964da2C08b23698B3D3cc7Ca32193d9955 | 104.11 USDC | prot: NESSUNA | stima: 92.2005 MEVI | ricevuti: 88.2556 MEVI | ATTACCO: NO
[14:55:38][ATTACK] INSURED ATTACK | victim=0x15d34AAf54267D | swap=56.9100 USDC | loss_sandwich=3.3165 MEVI (7.71%)
[14:55:41][  SWAP] TRADER 0x3C44CdDdB6a900fa2b585dd299e03d12FA4293BC | 60.38 USDC | prot: HIGH | premio: 0.3320 MEVI | stima: 53.9123 MEVI | ricevuti: 49.6662 MEVI | ATTACCO: NO
[14:55:42][  SWAP] TRADER 0x23618e81E3f5cdF7f54C3d65f7FBc0aBf5B21E8f | 83.49 USDC | prot: NESSUNA | stima: 68.3904 MEVI | ricevuti: 66.9196 MEVI | ATTACCO: NO
[14:55:44][  SWAP] TRADER 0xBcd4042DE499D14e55001CcbB24a551F3b954096 | 95.91 USDC | prot: NESSUNA | stima: 76.7052 MEVI | ricevuti: 74.4646 MEVI | ATTACCO: NO
[14:55:45][  SWAP] TRADER 0xa0Ee7A142d267C1f36714E4a8F75612F20a79720 | 135.40 USDC | prot: NESSUNA | stima: 104.4042 MEVI | ricevuti: 97.5739 MEVI | ATTACCO: NO
[14:55:56][  SWAP] TRADER 0x15d34AAf54267DB7D7c367839AAf71A00a2C6A65 | 56.91 USDC | prot: HIGH | premio: 0.3129 MEVI | stima: 46.8412 MEVI | ricevuti: 39.7001 MEVI | ATTACCO: SI | perdita: 3.3165 MEVI | rimborso: 3.3265 MEVI
[14:56:00][  SWAP] TRADER 0x90F79bf6EB2c4f870365E785982E1f101E93b906 | 66.34 USDC | prot: HIGH | premio: 0.3726 MEVI | stima: 65.4713 MEVI | ricevuti: 65.4713 MEVI | ATTACCO: NO
[14:56:00][  SWAP] TRADER 0x976EA74026E726554dB657fA54763abd0C3a0aa9 | 67.26 USDC | prot: HIGH | premio: 0.3777 MEVI | stima: 66.3672 MEVI | ricevuti: 64.6518 MEVI | ATTACCO: NO
[14:56:00][  SWAP] TRADER 0x9965507D1a55bcC2695C58ba16FB37d819B0A4dc | 100.18 USDC | prot: HIGH | premio: 0.5626 MEVI | stima: 98.2122 MEVI | ricevuti: 93.2145 MEVI | ATTACCO: NO
[14:56:00][  SWAP] TRADER 0x71bE63f3384f5fb98995898A86B02Fb2426c5788 | 109.23 USDC | prot: NESSUNA | stima: 101.4598 MEVI | ricevuti: 97.6519 MEVI | ATTACCO: NO
[14:56:01][ATTACK] NAKED ATTACK | victim=0x23618e81E3f5cd | swap=55.0300 USDC | loss_sandwich=1.6102 MEVI (3.54%)
[14:56:01][  SWAP] TRADER 0x14dC79964da2C08b23698B3D3cc7Ca32193d9955 | 129.05 USDC | prot: NESSUNA | stima: 110.3472 MEVI | ricevuti: 110.3472 MEVI | ATTACCO: NO
[14:56:08][  SWAP] TRADER 0x23618e81E3f5cdF7f54C3d65f7FBc0aBf5B21E8f | 55.03 USDC | prot: NESSUNA | stima: 45.4875 MEVI | ricevuti: 43.8773 MEVI | ATTACCO: SI | perdita: 1.6102 MEVI | rimborso: NON ASSICURATO
[14:56:09][  SWAP] TRADER 0x3C44CdDdB6a900fa2b585dd299e03d12FA4293BC | 85.21 USDC | prot: HIGH | premio: 0.4785 MEVI | stima: 70.0516 MEVI | ricevuti: 67.0834 MEVI | ATTACCO: NO
[14:56:10][  SWAP] TRADER 0xBcd4042DE499D14e55001CcbB24a551F3b954096 | 66.61 USDC | prot: NESSUNA | stima: 54.9444 MEVI | ricevuti: 53.8809 MEVI | ATTACCO: NO
[14:56:10][  SWAP] TRADER 0xa0Ee7A142d267C1f36714E4a8F75612F20a79720 | 131.70 USDC | prot: NESSUNA | stima: 105.3066 MEVI | ricevuti: 99.8125 MEVI | ATTACCO: NO
[14:56:25][  SWAP] TRADER 0x15d34AAf54267DB7D7c367839AAf71A00a2C6A65 | 61.83 USDC | prot: HIGH | premio: 0.3400 MEVI | stima: 45.3151 MEVI | ricevuti: 45.3151 MEVI | ATTACCO: NO
[14:56:26][  SWAP] TRADER 0x71bE63f3384f5fb98995898A86B02Fb2426c5788 | 134.00 USDC | prot: NESSUNA | stima: 97.0158 MEVI | ricevuti: 90.9938 MEVI | ATTACCO: NO
[14:56:26][  SWAP] TRADER 0x14dC79964da2C08b23698B3D3cc7Ca32193d9955 | 129.49 USDC | prot: NESSUNA | stima: 93.8217 MEVI | ricevuti: 91.8773 MEVI | ATTACCO: NO
[14:56:28][ATTACK] NAKED ATTACK | victim=0xBcd4042DE499D1 | swap=52.7500 USDC | loss_sandwich=1.6310 MEVI (3.60%)
[14:56:29][  SWAP] TRADER 0x9965507D1a55bcC2695C58ba16FB37d819B0A4dc | 117.21 USDC | prot: HIGH | premio: 0.6445 MEVI | stima: 85.1003 MEVI | ricevuti: 107.7846 MEVI | ATTACCO: NO
[14:56:29][  SWAP] TRADER 0x90F79bf6EB2c4f870365E785982E1f101E93b906 | 76.88 USDC | prot: HIGH | premio: 0.4228 MEVI | stima: 56.2011 MEVI | ricevuti: 75.7158 MEVI | ATTACCO: NO
[14:56:29][  SWAP] TRADER 0x976EA74026E726554dB657fA54763abd0C3a0aa9 | 78.88 USDC | prot: HIGH | premio: 0.4338 MEVI | stima: 57.6436 MEVI | ricevuti: 75.3386 MEVI | ATTACCO: NO
[14:56:31][ATTACK] INSURED ATTACK | victim=0x3C44CdDdB6a900 | swap=53.0800 USDC | loss_sandwich=1.4863 MEVI (3.49%)
[14:56:34][  SWAP] TRADER 0x23618e81E3f5cdF7f54C3d65f7FBc0aBf5B21E8f | 99.18 USDC | prot: NESSUNA | stima: 87.5308 MEVI | ricevuti: 87.5308 MEVI | ATTACCO: NO
[14:56:35][  SWAP] TRADER 0xBcd4042DE499D14e55001CcbB24a551F3b954096 | 52.75 USDC | prot: NESSUNA | stima: 46.9601 MEVI | ricevuti: 43.6194 MEVI | ATTACCO: SI | perdita: 1.6310 MEVI | rimborso: NON ASSICURATO
[14:56:35][  SWAP] TRADER 0xa0Ee7A142d267C1f36714E4a8F75612F20a79720 | 135.98 USDC | prot: NESSUNA | stima: 119.1919 MEVI | ricevuti: 108.6943 MEVI | ATTACCO: NO
[14:56:49][  SWAP] TRADER 0x3C44CdDdB6a900fa2b585dd299e03d12FA4293BC | 53.08 USDC | prot: HIGH | premio: 0.2919 MEVI | stima: 47.2509 MEVI | ricevuti: 41.1104 MEVI | ATTACCO: SI | perdita: 1.4863 MEVI | rimborso: 1.4963 MEVI
[14:56:52][  SWAP] TRADER 0x14dC79964da2C08b23698B3D3cc7Ca32193d9955 | 133.00 USDC | prot: NESSUNA | stima: 103.3046 MEVI | ricevuti: 103.3046 MEVI | ATTACCO: NO
[14:56:52][  SWAP] TRADER 0x71bE63f3384f5fb98995898A86B02Fb2426c5788 | 108.86 USDC | prot: NESSUNA | stima: 84.9116 MEVI | ricevuti: 81.0581 MEVI | ATTACCO: NO
[14:56:53][  SWAP] TRADER 0x15d34AAf54267DB7D7c367839AAf71A00a2C6A65 | 52.00 USDC | prot: HIGH | premio: 0.2859 MEVI | stima: 40.9679 MEVI | ricevuti: 37.6642 MEVI | ATTACCO: NO
O
[14:56:53][  SWAP] TRADER 0x90F79bf6EB2c4f870365E785982E1f101E93b906 | 86.55 USDC | prot: HIGH | premio: 0.4759 MEVI | stima: 62.3242 MEVI | ricevuti: 58.3482 MEVI | ATTACCO: NO
[14:56:53][  SWAP] TRADER 0x976EA74026E726554dB657fA54763abd0C3a0aa9 | 66.71 USDC | prot: HIGH | premio: 0.3668 MEVI | stima: 48.1986 MEVI | ricevuti: 43.8612 MEVI | ATTACCO: NO
[14:56:59][  SWAP] TRADER 0x23618e81E3f5cdF7f54C3d65f7FBc0aBf5B21E8f | 62.49 USDC | prot: NESSUNA | stima: 61.7186 MEVI | ricevuti: 61.7186 MEVI | ATTACCO: NO
[14:57:01][  SWAP] TRADER 0xBcd4042DE499D14e55001CcbB24a551F3b954096 | 85.53 USDC | prot: NESSUNA | stima: 84.0915 MEVI | ricevuti: 78.7831 MEVI | ATTACCO: NO
[14:57:01][  SWAP] TRADER 0xa0Ee7A142d267C1f36714E4a8F75612F20a79720 | 104.62 USDC | prot: NESSUNA | stima: 102.4758 MEVI | ricevuti: 99.9868 MEVI | ATTACCO: NO
[14:57:08][  POOL] POOL UPDATE | mevi=75.5039 MEVI | eth=3.614000 ETH
[14:57:09][ATTACK] NAKED ATTACK | victim=0x14dC79964da2C0 | swap=121.9500 USDC | loss_sandwich=11.2797 MEVI (10.44%)
[14:57:17][  SWAP] TRADER 0x3C44CdDdB6a900fa2b585dd299e03d12FA4293BC | 98.36 USDC | prot: HIGH | premio: 0.5409 MEVI | stima: 87.4875 MEVI | ricevuti: 81.1558 MEVI | ATTACCO: NO
[14:57:17][  SWAP] TRADER 0x14dC79964da2C08b23698B3D3cc7Ca32193d9955 | 121.95 USDC | prot: NESSUNA | stima: 107.9938 MEVI | ricevuti: 96.7141 MEVI | ATTACCO: SI | perdita: 11.2797 MEVI | rimborso: NON ASSICURATO
[14:57:17][  SWAP] TRADER 0x71bE63f3384f5fb98995898A86B02Fb2426c5788 | 102.92 USDC | prot: NESSUNA | stima: 91.4655 MEVI | ricevuti: 88.1115 MEVI | ATTACCO: NO
[14:57:19][  SWAP] TRADER 0x90F79bf6EB2c4f870365E785982E1f101E93b906 | 78.46 USDC | prot: HIGH | premio: 0.4315 MEVI | stima: 70.0477 MEVI | ricevuti: 56.4550 MEVI | ATTACCO: NO
[14:57:19][  SWAP] TRADER 0x976EA74026E726554dB657fA54763abd0C3a0aa9 | 59.79 USDC | prot: HIGH | premio: 0.3288 MEVI | stima: 53.5670 MEVI | ricevuti: 46.2642 MEVI | ATTACCO: NO
[14:57:19][  SWAP] TRADER 0x9965507D1a55bcC2695C58ba16FB37d819B0A4dc | 141.27 USDC | prot: HIGH | premio: 0.7768 MEVI | stima: 124.6547 MEVI | ricevuti: 105.5581 MEVI | ATTACCO: NO
[14:57:19][  SWAP] TRADER 0x15d34AAf54267DB7D7c367839AAf71A00a2C6A65 | 89.63 USDC | prot: HIGH | premio: 0.4929 MEVI | stima: 79.8528 MEVI | ricevuti: 71.2160 MEVI | ATTACCO: NO
[14:57:25][  SWAP] TRADER 0x23618e81E3f5cdF7f54C3d65f7FBc0aBf5B21E8f | 68.29 USDC | prot: NESSUNA | stima: 47.9359 MEVI | ricevuti: 47.9359 MEVI | ATTACCO: NO
[14:57:26][  SWAP] TRADER 0xa0Ee7A142d267C1f36714E4a8F75612F20a79720 | 125.25 USDC | prot: NESSUNA | stima: 87.0922 MEVI | ricevuti: 82.4594 MEVI | ATTACCO: NO
[14:57:37][ATTACK] INSURED ATTACK | victim=0x3C44CdDdB6a900 | swap=54.2800 USDC | loss_sandwich=1.7897 MEVI (3.68%)
[14:57:42][  SWAP] TRADER 0x71bE63f3384f5fb98995898A86B02Fb2426c5788 | 107.34 USDC | prot: NESSUNA | stima: 105.0841 MEVI | ricevuti: 105.0841 MEVI | ATTACCO: NO
[14:57:42][  SWAP] TRADER 0x14dC79964da2C08b23698B3D3cc7Ca32193d9955 | 148.59 USDC | prot: NESSUNA | stima: 144.3016 MEVI | ricevuti: 138.3838 MEVI | ATTACCO: NO
[14:57:45][ATTACK] NAKED ATTACK | victim=0xBcd4042DE499D1 | swap=66.2500 USDC | loss_sandwich=2.7426 MEVI (5.27%)
[14:57:48][  SWAP] TRADER 0x9965507D1a55bcC2695C58ba16FB37d819B0A4dc | 117.41 USDC | prot: HIGH | premio: 0.6594 MEVI | stima: 103.9325 MEVI | ricevuti: 98.0110 MEVI | ATTACCO: NO
[14:57:48][  SWAP] TRADER 0x976EA74026E726554dB657fA54763abd0C3a0aa9 | 54.90 USDC | prot: HIGH | premio: 0.3083 MEVI | stima: 49.1700 MEVI | ricevuti: 47.3027 MEVI | ATTACCO: NO
[14:57:48][  SWAP] TRADER 0x90F79bf6EB2c4f870365E785982E1f101E93b906 | 50.01 USDC | prot: HIGH | premio: 0.2809 MEVI | stima: 44.8317 MEVI | ricevuti: 43.9408 MEVI | ATTACCO: NO
[14:57:49][  SWAP] TRADER 0x15d34AAf54267DB7D7c367839AAf71A00a2C6A65 | 77.13 USDC | prot: HIGH | premio: 0.4332 MEVI | stima: 68.7919 MEVI | ricevuti: 62.1529 MEVI | ATTACCO: NO
[14:57:52][  SWAP] TRADER 0xBcd4042DE499D14e55001CcbB24a551F3b954096 | 66.25 USDC | prot: NESSUNA | stima: 52.0368 MEVI | ricevuti: 49.2941 MEVI | ATTACCO: SI | perdita: 2.7426 MEVI | rimborso: NON ASSICURATO
[14:57:52][  SWAP] TRADER 0xa0Ee7A142d267C1f36714E4a8F75612F20a79720 | 124.53 USDC | prot: NESSUNA | stima: 96.8191 MEVI | ricevuti: 89.6892 MEVI | ATTACCO: NO
[14:57:52][  SWAP] TRADER 0x23618e81E3f5cdF7f54C3d65f7FBc0aBf5B21E8f | 54.82 USDC | prot: NESSUNA | stima: 43.1459 MEVI | ricevuti: 41.6546 MEVI | ATTACCO: NO
[14:57:55][  SWAP] TRADER 0x3C44CdDdB6a900fa2b585dd299e03d12FA4293BC | 54.28 USDC | prot: HIGH | premio: 0.3048 MEVI | stima: 53.6971 MEVI | ricevuti: 46.8307 MEVI | ATTACCO: SI | perdita: 1.7897 MEVI | rimborso: 1.7997 MEVI
[14:58:07][  SWAP] TRADER 0x71bE63f3384f5fb98995898A86B02Fb2426c5788 | 138.74 USDC | prot: NESSUNA | stima: 134.9942 MEVI | ricevuti: 134.9942 MEVI | ATTACCO: NO
[14:58:07][  SWAP] TRADER 0x14dC79964da2C08b23698B3D3cc7Ca32193d9955 | 143.64 USDC | prot: NESSUNA | stima: 139.6287 MEVI | ricevuti: 132.2906 MEVI | ATTACCO: NO
[14:58:11][  SWAP] TRADER 0x90F79bf6EB2c4f870365E785982E1f101E93b906 | 85.14 USDC | prot: HIGH | premio: 0.4781 MEVI | stima: 75.0707 MEVI | ricevuti: 75.0707 MEVI | ATTACCO: NO
[14:58:11][  SWAP] TRADER 0x976EA74026E726554dB657fA54763abd0C3a0aa9 | 89.43 USDC | prot: HIGH | premio: 0.5022 MEVI | stima: 78.7903 MEVI | ricevuti: 76.3308 MEVI | ATTACCO: NO
[14:58:14][  SWAP] TRADER 0x9965507D1a55bcC2695C58ba16FB37d819B0A4dc | 118.09 USDC | prot: HIGH | premio: 0.6632 MEVI | stima: 103.4885 MEVI | ricevuti: 97.0410 MEVI | ATTACCO: NO
[14:58:16][ATTACK] INSURED ATTACK | victim=0x3C44CdDdB6a900 | swap=55.4400 USDC | loss_sandwich=1.2808 MEVI (3.28%)
[14:58:17][  SWAP] TRADER 0x15d34AAf54267DB7D7c367839AAf71A00a2C6A65 | 97.08 USDC | prot: HIGH | premio: 0.5452 MEVI | stima: 80.0777 MEVI | ricevuti: 71.8423 MEVI | ATTACCO: NO
[14:58:17][  SWAP] TRADER 0x23618e81E3f5cdF7f54C3d65f7FBc0aBf5B21E8f | 65.53 USDC | prot: NESSUNA | stima: 52.0966 MEVI | ricevuti: 47.1637 MEVI | ATTACCO: NO
[14:58:17][  SWAP] TRADER 0xBcd4042DE499D14e55001CcbB24a551F3b954096 | 70.69 USDC | prot: NESSUNA | stima: 56.1474 MEVI | ricevuti: 56.1474 MEVI | ATTACCO: NO
[14:58:17][  SWAP] TRADER 0xa0Ee7A142d267C1f36714E4a8F75612F20a79720 | 118.19 USDC | prot: NESSUNA | stima: 93.0924 MEVI | ricevuti: 90.7993 MEVI | ATTACCO: NO
[14:58:25][ATTACK] NAKED ATTACK | victim=0x71bE63f3384f5f | swap=139.8000 USDC | loss_sandwich=5.2112 MEVI (3.83%)
[14:58:32][  SWAP] TRADER 0x14dC79964da2C08b23698B3D3cc7Ca32193d9955 | 145.73 USDC | prot: NESSUNA | stima: 141.6028 MEVI | ricevuti: 129.1058 MEVI | ATTACCO: NO
[14:58:32][  SWAP] TRADER 0x71bE63f3384f5fb98995898A86B02Fb2426c5788 | 139.80 USDC | prot: NESSUNA | stima: 135.9975 MEVI | ricevuti: 130.7863 MEVI | ATTACCO: SI | perdita: 5.2112 MEVI | rimborso: NON ASSICURATO
[14:58:33][  SWAP] TRADER 0x3C44CdDdB6a900fa2b585dd299e03d12FA4293BC | 55.44 USDC | prot: HIGH | premio: 0.3114 MEVI | stima: 39.0948 MEVI | ricevuti: 37.8139 MEVI | ATTACCO: SI | perdita: 1.2808 MEVI | rimborso: 1.2908 MEVI
[14:58:37][  SWAP] TRADER 0x90F79bf6EB2c4f870365E785982E1f101E93b906 | 78.33 USDC | prot: HIGH | premio: 0.4399 MEVI | stima: 69.3400 MEVI | ricevuti: 69.3400 MEVI | ATTACCO: NO
[14:58:37][  SWAP] TRADER 0x976EA74026E726554dB657fA54763abd0C3a0aa9 | 79.18 USDC | prot: HIGH | premio: 0.4447 MEVI | stima: 70.0813 MEVI | ricevuti: 68.0602 MEVI | ATTACCO: NO
[14:58:38][  SWAP] TRADER 0x9965507D1a55bcC2695C58ba16FB37d819B0A4dc | 133.84 USDC | prot: HIGH | premio: 0.7516 MEVI | stima: 113.9451 MEVI | ricevuti: 110.6415 MEVI | ATTACCO: NO
[14:58:41][  SWAP] TRADER 0x23618e81E3f5cdF7f54C3d65f7FBc0aBf5B21E8f | 53.73 USDC | prot: NESSUNA | stima: 42.9346 MEVI | ricevuti: 39.7458 MEVI | ATTACCO: NO
[14:58:41][  SWAP] TRADER 0x15d34AAf54267DB7D7c367839AAf71A00a2C6A65 | 70.37 USDC | prot: HIGH | premio: 0.3952 MEVI | stima: 56.0653 MEVI | ricevuti: 50.9620 MEVI | ATTACCO: NO
[14:58:41][  SWAP] TRADER 0xa0Ee7A142d267C1f36714E4a8F75612F20a79720 | 136.56 USDC | prot: NESSUNA | stima: 107.5377 MEVI | ricevuti: 107.5377 MEVI | ATTACCO: NO
[14:58:41][  SWAP] TRADER 0xBcd4042DE499D14e55001CcbB24a551F3b954096 | 83.49 USDC | prot: NESSUNA | stima: 66.3639 MEVI | ricevuti: 63.2462 MEVI | ATTACCO: NO
[14:58:58][  SWAP] TRADER 0x71bE63f3384f5fb98995898A86B02Fb2426c5788 | 128.45 USDC | prot: NESSUNA | stima: 89.9611 MEVI | ricevuti: 89.9611 MEVI | ATTACCO: NO
[14:58:58][  SWAP] TRADER 0x14dC79964da2C08b23698B3D3cc7Ca32193d9955 | 114.85 USDC | prot: NESSUNA | stima: 80.6177 MEVI | ricevuti: 77.2561 MEVI | ATTACCO: NO
[14:58:59][ATTACK] NAKED ATTACK | victim=0xBcd4042DE499D1 | swap=86.1600 USDC | loss_sandwich=10.3014 MEVI (12.69%)
[14:59:02][  SWAP] TRADER 0x3C44CdDdB6a900fa2b585dd299e03d12FA4293BC | 51.05 USDC | prot: HIGH | premio: 0.2867 MEVI | stima: 36.2175 MEVI | ricevuti: 50.5340 MEVI | ATTACCO: NO
[14:59:05][  SWAP] TRADER 0x976EA74026E726554dB657fA54763abd0C3a0aa9 | 58.10 USDC | prot: HIGH | premio: 0.3263 MEVI | stima: 57.4326 MEVI | ricevuti: 56.2841 MEVI | ATTACCO: NO
[14:59:07][  SWAP] TRADER 0xBcd4042DE499D14e55001CcbB24a551F3b954096 | 86.16 USDC | prot: NESSUNA | stima: 83.0112 MEVI | ricevuti: 70.8480 MEVI | ATTACCO: SI | perdita: 10.3014 MEVI | rimborso: NON ASSICURATO
[14:59:07][  SWAP] TRADER 0x90F79bf6EB2c4f870365E785982E1f101E93b906 | 96.43 USDC | prot: HIGH | premio: 0.5416 MEVI | stima: 94.6054 MEVI | ricevuti: 87.2273 MEVI | ATTACCO: NO
[14:59:07][  SWAP] TRADER 0x23618e81E3f5cdF7f54C3d65f7FBc0aBf5B21E8f | 61.50 USDC | prot: NESSUNA | stima: 59.5382 MEVI | ricevuti: 53.9938 MEVI | ATTACCO: NO
[14:59:07][  SWAP] TRADER 0x9965507D1a55bcC2695C58ba16FB37d819B0A4dc | 103.91 USDC | prot: HIGH | premio: 0.5836 MEVI | stima: 101.7945 MEVI | ricevuti: 88.4695 MEVI | ATTACCO: NO
[14:59:08][  SWAP] TRADER 0xa0Ee7A142d267C1f36714E4a8F75612F20a79720 | 103.76 USDC | prot: NESSUNA | stima: 97.3960 MEVI | ricevuti: 85.8695 MEVI | ATTACCO: NO
[14:59:08][  POOL] POOL UPDATE | mevi=83.1366 MEVI | eth=3.578000 ETH
[14:59:09][  SWAP] TRADER 0x15d34AAf54267DB7D7c367839AAf71A00a2C6A65 | 77.83 USDC | prot: HIGH | premio: 0.4371 MEVI | stima: 75.1074 MEVI | ricevuti: 62.3315 MEVI | ATTACCO: NO
[14:59:23][ATTACK] INSURED ATTACK | victim=0x3C44CdDdB6a900 | swap=83.4700 USDC | loss_sandwich=3.1626 MEVI (3.85%)
[14:59:25][  SWAP] TRADER 0x71bE63f3384f5fb98995898A86B02Fb2426c5788 | 139.17 USDC | prot: NESSUNA | stima: 107.2617 MEVI | ricevuti: 107.2617 MEVI | ATTACCO: NO
[14:59:32][  SWAP] TRADER 0x23618e81E3f5cdF7f54C3d65f7FBc0aBf5B21E8f | 82.07 USDC | prot: NESSUNA | stima: 80.7447 MEVI | ricevuti: 78.2043 MEVI | ATTACCO: NO
[14:59:32][  SWAP] TRADER 0xBcd4042DE499D14e55001CcbB24a551F3b954096 | 72.45 USDC | prot: NESSUNA | stima: 71.4152 MEVI | ricevuti: 67.0000 MEVI | ATTACCO: NO
[14:59:34][  SWAP] TRADER 0xa0Ee7A142d267C1f36714E4a8F75612F20a79720 | 143.67 USDC | prot: NESSUNA | stima: 135.2888 MEVI | ricevuti: 127.5247 MEVI | ATTACCO: NO
[14:59:34][  SWAP] TRADER 0x976EA74026E726554dB657fA54763abd0C3a0aa9 | 85.07 USDC | prot: HIGH | premio: 0.4778 MEVI | stima: 63.0524 MEVI | ricevuti: 72.3492 MEVI | ATTACCO: NO
[14:59:35][  SWAP] TRADER 0x90F79bf6EB2c4f870365E785982E1f101E93b906 | 92.25 USDC | prot: HIGH | premio: 0.5181 MEVI | stima: 90.5788 MEVI | ricevuti: 72.3635 MEVI | ATTACCO: NO
[14:59:35][  SWAP] TRADER 0x9965507D1a55bcC2695C58ba16FB37d819B0A4dc | 134.97 USDC | prot: HIGH | premio: 0.7580 MEVI | stima: 131.4224 MEVI | ricevuti: 110.2767 MEVI | ATTACCO: NO
[14:59:38][  SWAP] TRADER 0x15d34AAf54267DB7D7c367839AAf71A00a2C6A65 | 91.32 USDC | prot: HIGH | premio: 0.5129 MEVI | stima: 81.8542 MEVI | ricevuti: 69.3601 MEVI | ATTACCO: NO
[14:59:40][  SWAP] TRADER 0x14dC79964da2C08b23698B3D3cc7Ca32193d9955 | 146.50 USDC | prot: NESSUNA | stima: 110.2192 MEVI | ricevuti: 106.8081 MEVI | ATTACCO: NO
[14:59:41][ATTACK] NAKED ATTACK | victim=0x71bE63f3384f5f | swap=122.5700 USDC | loss_sandwich=2.7811 MEVI (3.26%)
[14:59:41][  SWAP] TRADER 0x3C44CdDdB6a900fa2b585dd299e03d12FA4293BC | 83.47 USDC | prot: HIGH | premio: 0.4688 MEVI | stima: 61.8835 MEVI | ricevuti: 78.9368 MEVI | ATTACCO: SI | perdita: 3.1626 MEVI | rimborso: 3.1726 MEVI
[14:59:49][  SWAP] TRADER 0x71bE63f3384f5fb98995898A86B02Fb2426c5788 | 122.57 USDC | prot: NESSUNA | stima: 85.3886 MEVI | ricevuti: 82.6075 MEVI | ATTACCO: SI | perdita: 2.7811 MEVI | rimborso: NON ASSICURATO
[14:59:58][  SWAP] TRADER 0xBcd4042DE499D14e55001CcbB24a551F3b954096 | 98.55 USDC | prot: NESSUNA | stima: 66.2530 MEVI | ricevuti: 64.6560 MEVI | ATTACCO: NO
[14:59:58][  SWAP] TRADER 0x23618e81E3f5cdF7f54C3d65f7FBc0aBf5B21E8f | 74.85 USDC | prot: NESSUNA | stima: 50.5148 MEVI | ricevuti: 50.5148 MEVI | ATTACCO: NO
[14:59:58][ATTACK] INSURED ATTACK | victim=0x90F79bf6EB2c4f | swap=93.6500 USDC | loss_sandwich=1.5836 MEVI (2.96%)
[15:00:00][  SWAP] TRADER 0xa0Ee7A142d267C1f36714E4a8F75612F20a79720 | 121.08 USDC | prot: NESSUNA | stima: 81.1022 MEVI | ricevuti: 76.6870 MEVI | ATTACCO: NO
[15:00:03][  SWAP] TRADER 0x976EA74026E726554dB657fA54763abd0C3a0aa9 | 75.22 USDC | prot: HIGH | premio: 0.4224 MEVI | stima: 50.7614 MEVI | ricevuti: 46.1842 MEVI | ATTACCO: NO
[15:00:04][  SWAP] TRADER 0x9965507D1a55bcC2695C58ba16FB37d819B0A4dc | 146.97 USDC | prot: HIGH | premio: 0.8254 MEVI | stima: 92.7063 MEVI | ricevuti: 87.1842 MEVI | ATTACCO: NO
[15:00:05][  SWAP] TRADER 0x14dC79964da2C08b23698B3D3cc7Ca32193d9955 | 129.57 USDC | prot: NESSUNA | stima: 77.0665 MEVI | ricevuti: 69.5645 MEVI | ATTACCO: NO
[15:00:07][  SWAP] TRADER 0x15d34AAf54267DB7D7c367839AAf71A00a2C6A65 | 90.69 USDC | prot: HIGH | premio: 0.5093 MEVI | stima: 55.5488 MEVI | ricevuti: 48.6250 MEVI | ATTACCO: NO
[15:00:08][  SWAP] TRADER 0x3C44CdDdB6a900fa2b585dd299e03d12FA4293BC | 99.61 USDC | prot: HIGH | premio: 0.5594 MEVI | stima: 56.9037 MEVI | ricevuti: 51.9502 MEVI | ATTACCO: NO
[15:00:13][  SWAP] TRADER 0x71bE63f3384f5fb98995898A86B02Fb2426c5788 | 115.86 USDC | prot: NESSUNA | stima: 58.5886 MEVI | ricevuti: 58.5886 MEVI | ATTACCO: NO
[15:00:16][  SWAP] TRADER 0x90F79bf6EB2c4f870365E785982E1f101E93b906 | 93.65 USDC | prot: HIGH | premio: 0.5259 MEVI | stima: 57.3354 MEVI | ricevuti: 51.9632 MEVI | ATTACCO: SI | perdita: 1.5836 MEVI | rimborso: 1.5936 MEVI
[15:00:21][  SWAP] TRADER 0xBcd4042DE499D14e55001CcbB24a551F3b954096 | 81.33 USDC | prot: NESSUNA | stima: 39.9963 MEVI | ricevuti: 39.9963 MEVI | ATTACCO: NO
[15:00:21][  SWAP] TRADER 0x23618e81E3f5cdF7f54C3d65f7FBc0aBf5B21E8f | 54.92 USDC | prot: NESSUNA | stima: 26.4992 MEVI | ricevuti: 26.4992 MEVI | ATTACCO: NO
[15:00:24][  SWAP] TRADER 0xa0Ee7A142d267C1f36714E4a8F75612F20a79720 | 100.67 USDC | prot: NESSUNA | stima: 47.5422 MEVI | ricevuti: 47.5422 MEVI | ATTACCO: NO
[15:00:24][ATTACK] NAKED ATTACK | victim=0x14dC79964da2C0 | swap=115.1600 USDC | loss_sandwich=4.3233 MEVI (3.84%)
[15:00:31][  SWAP] TRADER 0x14dC79964da2C08b23698B3D3cc7Ca32193d9955 | 115.16 USDC | prot: NESSUNA | stima: 52.8079 MEVI | ricevuti: 108.2440 MEVI | ATTACCO: SI | perdita: 4.3233 MEVI | rimborso: NON ASSICURATO
[15:00:31][  SWAP] TRADER 0x976EA74026E726554dB657fA54763abd0C3a0aa9 | 87.97 USDC | prot: HIGH | premio: 0.4940 MEVI | stima: 40.4875 MEVI | ricevuti: 79.5197 MEVI | ATTACCO: NO
[15:00:33][  SWAP] TRADER 0x9965507D1a55bcC2695C58ba16FB37d819B0A4dc | 100.98 USDC | prot: HIGH | premio: 0.5671 MEVI | stima: 46.3939 MEVI | ricevuti: 91.7177 MEVI | ATTACCO: NO
[15:00:36][  SWAP] TRADER 0x15d34AAf54267DB7D7c367839AAf71A00a2C6A65 | 84.96 USDC | prot: HIGH | premio: 0.4771 MEVI | stima: 83.5405 MEVI | ricevuti: 74.5012 MEVI | ATTACCO: NO
[15:00:37][  SWAP] TRADER 0x3C44CdDdB6a900fa2b585dd299e03d12FA4293BC | 82.64 USDC | prot: HIGH | premio: 0.4641 MEVI | stima: 75.3207 MEVI | ricevuti: 70.2443 MEVI | ATTACCO: NO
[15:00:39][  SWAP] TRADER 0x71bE63f3384f5fb98995898A86B02Fb2426c5788 | 146.76 USDC | prot: NESSUNA | stima: 123.2997 MEVI | ricevuti: 119.6468 MEVI | ATTACCO: NO
[15:00:45][  SWAP] TRADER 0x90F79bf6EB2c4f870365E785982E1f101E93b906 | 89.46 USDC | prot: HIGH | premio: 0.5024 MEVI | stima: 69.9107 MEVI | ricevuti: 69.9107 MEVI | ATTACCO: NO
[15:00:46][  SWAP] TRADER 0xBcd4042DE499D14e55001CcbB24a551F3b954096 | 84.44 USDC | prot: NESSUNA | stima: 66.0459 MEVI | ricevuti: 62.3743 MEVI | ATTACCO: NO
[15:00:46][  SWAP] TRADER 0x23618e81E3f5cdF7f54C3d65f7FBc0aBf5B21E8f | 74.55 USDC | prot: NESSUNA | stima: 58.4117 MEVI | ricevuti: 56.6045 MEVI | ATTACCO: NO
[15:00:49][  SWAP] TRADER 0xa0Ee7A142d267C1f36714E4a8F75612F20a79720 | 132.93 USDC | prot: NESSUNA | stima: 94.6314 MEVI | ricevuti: 94.6314 MEVI | ATTACCO: NO
[15:00:52][ATTACK] INSURED ATTACK | victim=0x976EA74026E726 | swap=61.4300 USDC | loss_sandwich=1.2842 MEVI (3.17%)
[15:00:57][  SWAP] TRADER 0x14dC79964da2C08b23698B3D3cc7Ca32193d9955 | 134.19 USDC | prot: NESSUNA | stima: 91.3636 MEVI | ricevuti: 91.3636 MEVI | ATTACCO: NO
[15:01:01][  SWAP] TRADER 0x9965507D1a55bcC2695C58ba16FB37d819B0A4dc | 103.22 USDC | prot: HIGH | premio: 0.5797 MEVI | stima: 70.6347 MEVI | ricevuti: 103.7462 MEVI | ATTACCO: NO
[15:01:04][  SWAP] TRADER 0x71bE63f3384f5fb98995898A86B02Fb2426c5788 | 108.50 USDC | prot: NESSUNA | stima: 104.5678 MEVI | ricevuti: 101.8351 MEVI | ATTACCO: NO
[15:01:05][  SWAP] TRADER 0x15d34AAf54267DB7D7c367839AAf71A00a2C6A65 | 67.88 USDC | prot: HIGH | premio: 0.3812 MEVI | stima: 44.7088 MEVI | ricevuti: 65.9403 MEVI | ATTACCO: NO
[15:01:05][ATTACK] NAKED ATTACK | victim=0x23618e81E3f5cd | swap=91.0800 USDC | loss_sandwich=2.8931 MEVI (3.64%)
[15:01:06][  SWAP] TRADER 0x3C44CdDdB6a900fa2b585dd299e03d12FA4293BC | 88.81 USDC | prot: HIGH | premio: 0.4988 MEVI | stima: 89.5187 MEVI | ricevuti: 80.2540 MEVI | ATTACCO: NO
[15:01:08][  POOL] POOL UPDATE | mevi=88.6449 MEVI | eth=3.528000 ETH
[15:01:10][  SWAP] TRADER 0x976EA74026E726554dB657fA54763abd0C3a0aa9 | 61.43 USDC | prot: HIGH | premio: 0.3450 MEVI | stima: 42.3274 MEVI | ricevuti: 39.2185 MEVI | ATTACCO: SI | perdita: 1.2842 MEVI | rimborso: 1.2942 MEVI
[15:01:12][  SWAP] TRADER 0x23618e81E3f5cdF7f54C3d65f7FBc0aBf5B21E8f | 91.08 USDC | prot: NESSUNA | stima: 79.5612 MEVI | ricevuti: 76.6681 MEVI | ATTACCO: SI | perdita: 2.8931 MEVI | rimborso: NON ASSICURATO
[15:01:13][  SWAP] TRADER 0x90F79bf6EB2c4f870365E785982E1f101E93b906 | 68.94 USDC | prot: HIGH | premio: 0.3872 MEVI | stima: 60.4694 MEVI | ricevuti: 58.5084 MEVI | ATTACCO: NO
[15:01:13][  SWAP] TRADER 0xBcd4042DE499D14e55001CcbB24a551F3b954096 | 61.89 USDC | prot: NESSUNA | stima: 54.3569 MEVI | ricevuti: 51.2811 MEVI | ATTACCO: NO
[15:01:13][  SWAP] TRADER 0xa0Ee7A142d267C1f36714E4a8F75612F20a79720 | 128.15 USDC | prot: NESSUNA | stima: 107.5927 MEVI | ricevuti: 102.6130 MEVI | ATTACCO: NO
[15:01:22][  SWAP] TRADER 0x14dC79964da2C08b23698B3D3cc7Ca32193d9955 | 144.67 USDC | prot: NESSUNA | stima: 110.3890 MEVI | ricevuti: 110.3890 MEVI | ATTACCO: NO
[15:01:25][ATTACK] INSURED ATTACK | victim=0x15d34AAf54267D | swap=52.1000 USDC | loss_sandwich=1.9922 MEVI (3.86%)
[15:01:30][  SWAP] TRADER 0x71bE63f3384f5fb98995898A86B02Fb2426c5788 | 132.91 USDC | prot: NESSUNA | stima: 96.6682 MEVI | ricevuti: 92.7096 MEVI | ATTACCO: NO
[15:01:30][  SWAP] TRADER 0x9965507D1a55bcC2695C58ba16FB37d819B0A4dc | 123.85 USDC | prot: HIGH | premio: 0.6955 MEVI | stima: 90.2165 MEVI | ricevuti: 90.2165 MEVI | ATTACCO: NO
[15:01:34][  SWAP] TRADER 0x3C44CdDdB6a900fa2b585dd299e03d12FA4293BC | 67.54 USDC | prot: HIGH | premio: 0.3793 MEVI | stima: 49.6708 MEVI | ricevuti: 65.3080 MEVI | ATTACCO: NO
[15:01:37][  SWAP] TRADER 0x23618e81E3f5cdF7f54C3d65f7FBc0aBf5B21E8f | 77.96 USDC | prot: NESSUNA | stima: 73.2729 MEVI | ricevuti: 73.2729 MEVI | ATTACCO: NO
[15:01:39][  SWAP] TRADER 0xa0Ee7A142d267C1f36714E4a8F75612F20a79720 | 148.28 USDC | prot: NESSUNA | stima: 137.5045 MEVI | ricevuti: 126.0534 MEVI | ATTACCO: NO
[15:01:39][  SWAP] TRADER 0xBcd4042DE499D14e55001CcbB24a551F3b954096 | 63.41 USDC | prot: NESSUNA | stima: 59.7650 MEVI | ricevuti: 57.9959 MEVI | ATTACCO: NO
[15:01:39][  SWAP] TRADER 0x976EA74026E726554dB657fA54763abd0C3a0aa9 | 89.32 USDC | prot: HIGH | premio: 0.5016 MEVI | stima: 86.0022 MEVI | ricevuti: 79.3612 MEVI | ATTACCO: NO
[15:01:39][ATTACK] NAKED ATTACK | victim=0x14dC79964da2C0 | swap=142.9400 USDC | loss_sandwich=3.8448 MEVI (3.44%)
[15:01:42][  SWAP] TRADER 0x90F79bf6EB2c4f870365E785982E1f101E93b906 | 88.94 USDC | prot: HIGH | premio: 0.4995 MEVI | stima: 83.4165 MEVI | ricevuti: 72.3977 MEVI | ATTACCO: NO
[15:01:42][  SWAP] TRADER 0x15d34AAf54267DB7D7c367839AAf71A00a2C6A65 | 52.10 USDC | prot: HIGH | premio: 0.2926 MEVI | stima: 38.4169 MEVI | ricevuti: 49.5705 MEVI | ATTACCO: SI | perdita: 1.9922 MEVI | rimborso: 2.0022 MEVI
[15:01:47][  SWAP] TRADER 0x14dC79964da2C08b23698B3D3cc7Ca32193d9955 | 142.94 USDC | prot: NESSUNA | stima: 111.6450 MEVI | ricevuti: 107.8001 MEVI | ATTACCO: SI | perdita: 3.8448 MEVI | rimborso: NON ASSICURATO
[15:01:55][  SWAP] TRADER 0x71bE63f3384f5fb98995898A86B02Fb2426c5788 | 130.35 USDC | prot: NESSUNA | stima: 97.1977 MEVI | ricevuti: 97.1977 MEVI | ATTACCO: NO
[15:01:58][  SWAP] TRADER 0x9965507D1a55bcC2695C58ba16FB37d819B0A4dc | 143.28 USDC | prot: HIGH | premio: 0.8047 MEVI | stima: 106.6038 MEVI | ricevuti: 101.9660 MEVI | ATTACCO: NO
[15:02:02][  SWAP] TRADER 0x23618e81E3f5cdF7f54C3d65f7FBc0aBf5B21E8f | 77.32 USDC | prot: NESSUNA | stima: 53.0276 MEVI | ricevuti: 51.5223 MEVI | ATTACCO: NO
[15:02:02][  SWAP] TRADER 0x3C44CdDdB6a900fa2b585dd299e03d12FA4293BC | 87.56 USDC | prot: HIGH | premio: 0.4917 MEVI | stima: 62.8968 MEVI | ricevuti: 59.9493 MEVI | ATTACCO: NO
[15:02:04][  SWAP] TRADER 0xa0Ee7A142d267C1f36714E4a8F75612F20a79720 | 132.94 USDC | prot: NESSUNA | stima: 90.3459 MEVI | ricevuti: 126.1406 MEVI | ATTACCO: NO
[15:02:04][  SWAP] TRADER 0xBcd4042DE499D14e55001CcbB24a551F3b954096 | 66.95 USDC | prot: NESSUNA | stima: 45.9941 MEVI | ricevuti: 66.0654 MEVI | ATTACCO: NO
[15:02:04][ATTACK] INSURED ATTACK | victim=0x15d34AAf54267D | swap=84.7600 USDC | loss_sandwich=2.7410 MEVI (3.66%)
[15:02:10][  SWAP] TRADER 0x90F79bf6EB2c4f870365E785982E1f101E93b906 | 75.48 USDC | prot: HIGH | premio: 0.4239 MEVI | stima: 68.7899 MEVI | ricevuti: 68.7899 MEVI | ATTACCO: NO
[15:02:13][  SWAP] TRADER 0x14dC79964da2C08b23698B3D3cc7Ca32193d9955 | 142.24 USDC | prot: NESSUNA | stima: 124.4231 MEVI | ricevuti: 120.6642 MEVI | ATTACCO: NO
[15:02:13][ATTACK] NAKED ATTACK | victim=0x71bE63f3384f5f | swap=144.8600 USDC | loss_sandwich=4.0767 MEVI (3.50%)
[15:02:20][  SWAP] TRADER 0x71bE63f3384f5fb98995898A86B02Fb2426c5788 | 144.86 USDC | prot: NESSUNA | stima: 116.6370 MEVI | ricevuti: 112.5603 MEVI | ATTACCO: SI | perdita: 4.0767 MEVI | rimborso: NON ASSICURATO
[15:02:21][  SWAP] TRADER 0x15d34AAf54267DB7D7c367839AAf71A00a2C6A65 | 84.76 USDC | prot: HIGH | premio: 0.4760 MEVI | stima: 77.1118 MEVI | ricevuti: 72.1971 MEVI | ATTACCO: SI | perdita: 2.7410 MEVI | rimborso: 2.7510 MEVI
[15:02:21][  SWAP] TRADER 0x976EA74026E726554dB657fA54763abd0C3a0aa9 | 75.19 USDC | prot: HIGH | premio: 0.4223 MEVI | stima: 61.2973 MEVI | ricevuti: 58.2971 MEVI | ATTACCO: NO
[15:02:23][  SWAP] TRADER 0x9965507D1a55bcC2695C58ba16FB37d819B0A4dc | 100.37 USDC | prot: HIGH | premio: 0.5637 MEVI | stima: 75.4711 MEVI | ricevuti: 75.4711 MEVI | ATTACCO: NO
[15:02:25][  SWAP] TRADER 0x23618e81E3f5cdF7f54C3d65f7FBc0aBf5B21E8f | 76.85 USDC | prot: NESSUNA | stima: 56.0481 MEVI | ricevuti: 56.0481 MEVI | ATTACCO: NO
[15:02:25][  SWAP] TRADER 0x3C44CdDdB6a900fa2b585dd299e03d12FA4293BC | 51.98 USDC | prot: HIGH | premio: 0.2919 MEVI | stima: 37.0885 MEVI | ricevuti: 37.0885 MEVI | ATTACCO: NO
[15:02:28][  SWAP] TRADER 0xBcd4042DE499D14e55001CcbB24a551F3b954096 | 64.63 USDC | prot: NESSUNA | stima: 45.2197 MEVI | ricevuti: 45.2197 MEVI | ATTACCO: NO
[15:02:30][  SWAP] TRADER 0xa0Ee7A142d267C1f36714E4a8F75612F20a79720 | 148.83 USDC | prot: NESSUNA | stima: 102.6931 MEVI | ricevuti: 100.5227 MEVI | ATTACCO: NO
[15:02:38][  SWAP] TRADER 0x90F79bf6EB2c4f870365E785982E1f101E93b906 | 55.67 USDC | prot: HIGH | premio: 0.3126 MEVI | stima: 36.3633 MEVI | ricevuti: 55.0570 MEVI | ATTACCO: NO
[15:02:39][  SWAP] TRADER 0x14dC79964da2C08b23698B3D3cc7Ca32193d9955 | 131.61 USDC | prot: NESSUNA | stima: 128.2346 MEVI | ricevuti: 125.4615 MEVI | ATTACCO: NO
[15:02:47][  SWAP] TRADER 0x71bE63f3384f5fb98995898A86B02Fb2426c5788 | 133.00 USDC | prot: NESSUNA | stima: 120.4807 MEVI | ricevuti: 120.4807 MEVI | ATTACCO: NO
[15:02:47][ATTACK] INSURED ATTACK | victim=0x3C44CdDdB6a900 | swap=54.5700 USDC | loss_sandwich=1.4443 MEVI (3.43%)
[15:02:50][  SWAP] TRADER 0x15d34AAf54267DB7D7c367839AAf71A00a2C6A65 | 71.63 USDC | prot: HIGH | premio: 0.4023 MEVI | stima: 65.6447 MEVI | ricevuti: 62.4249 MEVI | ATTACCO: NO
[15:02:50][  SWAP] TRADER 0x976EA74026E726554dB657fA54763abd0C3a0aa9 | 63.10 USDC | prot: HIGH | premio: 0.3544 MEVI | stima: 57.9214 MEVI | ricevuti: 53.6329 MEVI | ATTACCO: NO
[15:02:51][  SWAP] TRADER 0x23618e81E3f5cdF7f54C3d65f7FBc0aBf5B21E8f | 94.24 USDC | prot: NESSUNA | stima: 81.7864 MEVI | ricevuti: 74.7618 MEVI | ATTACCO: NO
[15:02:51][  SWAP] TRADER 0x9965507D1a55bcC2695C58ba16FB37d819B0A4dc | 111.75 USDC | prot: HIGH | premio: 0.6276 MEVI | stima: 101.6369 MEVI | ricevuti: 92.0004 MEVI | ATTACCO: NO
[15:02:54][  SWAP] TRADER 0xBcd4042DE499D14e55001CcbB24a551F3b954096 | 69.13 USDC | prot: NESSUNA | stima: 53.2781 MEVI | ricevuti: 50.4998 MEVI | ATTACCO: NO
[15:02:55][  SWAP] TRADER 0xa0Ee7A142d267C1f36714E4a8F75612F20a79720 | 147.55 USDC | prot: NESSUNA | stima: 112.1807 MEVI | ricevuti: 107.6131 MEVI | ATTACCO: NO
[15:02:57][ATTACK] NAKED ATTACK | victim=0x14dC79964da2C0 | swap=135.6200 USDC | loss_sandwich=5.0615 MEVI (3.83%)
[15:03:04][  SWAP] TRADER 0x3C44CdDdB6a900fa2b585dd299e03d12FA4293BC | 54.57 USDC | prot: HIGH | premio: 0.3065 MEVI | stima: 47.7082 MEVI | ricevuti: 40.7196 MEVI | ATTACCO: SI | perdita: 1.4443 MEVI | rimborso: 1.4543 MEVI
[15:03:05][  SWAP] TRADER 0x14dC79964da2C08b23698B3D3cc7Ca32193d9955 | 135.62 USDC | prot: NESSUNA | stima: 94.2937 MEVI | ricevuti: 126.9771 MEVI | ATTACCO: SI | perdita: 5.0615 MEVI | rimborso: NON ASSICURATO
[15:03:06][  SWAP] TRADER 0x90F79bf6EB2c4f870365E785982E1f101E93b906 | 89.42 USDC | prot: HIGH | premio: 0.5022 MEVI | stima: 62.6491 MEVI | ricevuti: 83.4476 MEVI | ATTACCO: NO
[15:03:08][  POOL] POOL UPDATE | mevi=91.3164 MEVI | eth=3.470000 ETH
[15:03:10][  SWAP] TRADER 0x71bE63f3384f5fb98995898A86B02Fb2426c5788 | 137.88 USDC | prot: NESSUNA | stima: 123.2130 MEVI | ricevuti: 123.2130 MEVI | ATTACCO: NO
[15:03:16][  SWAP] TRADER 0x15d34AAf54267DB7D7c367839AAf71A00a2C6A65 | 91.30 USDC | prot: HIGH | premio: 0.5127 MEVI | stima: 78.1570 MEVI | ricevuti: 76.5337 MEVI | ATTACCO: NO
[15:03:16][  SWAP] TRADER 0x976EA74026E726554dB657fA54763abd0C3a0aa9 | 96.16 USDC | prot: HIGH | premio: 0.5400 MEVI | stima: 82.2441 MEVI | ricevuti: 77.9108 MEVI | ATTACCO: NO
[15:03:16][  SWAP] TRADER 0x23618e81E3f5cdF7f54C3d65f7FBc0aBf5B21E8f | 57.01 USDC | prot: NESSUNA | stima: 49.1122 MEVI | ricevuti: 49.1122 MEVI | ATTACCO: NO
[15:03:16][  SWAP] TRADER 0x9965507D1a55bcC2695C58ba16FB37d819B0A4dc | 137.51 USDC | prot: HIGH | premio: 0.7723 MEVI | stima: 116.7252 MEVI | ricevuti: 106.8783 MEVI | ATTACCO: NO
[15:03:19][  SWAP] TRADER 0xBcd4042DE499D14e55001CcbB24a551F3b954096 | 55.13 USDC | prot: NESSUNA | stima: 41.4250 MEVI | ricevuti: 41.4250 MEVI | ATTACCO: NO
[15:03:21][  SWAP] TRADER 0xa0Ee7A142d267C1f36714E4a8F75612F20a79720 | 145.84 USDC | prot: NESSUNA | stima: 107.8964 MEVI | ricevuti: 105.8785 MEVI | ATTACCO: NO
[15:03:30][  SWAP] TRADER 0x14dC79964da2C08b23698B3D3cc7Ca32193d9955 | 104.48 USDC | prot: NESSUNA | stima: 72.7111 MEVI | ricevuti: 72.7111 MEVI | ATTACCO: NO
[15:03:33][  SWAP] TRADER 0x3C44CdDdB6a900fa2b585dd299e03d12FA4293BC | 57.27 USDC | prot: HIGH | premio: 0.3216 MEVI | stima: 40.1697 MEVI | ricevuti: 38.7998 MEVI | ATTACCO: NO
[15:03:34][  SWAP] TRADER 0x90F79bf6EB2c4f870365E785982E1f101E93b906 | 79.00 USDC | prot: HIGH | premio: 0.4437 MEVI | stima: 55.2114 MEVI | ricevuti: 52.3419 MEVI | ATTACCO: NO
[15:03:34][  SWAP] TRADER 0x71bE63f3384f5fb98995898A86B02Fb2426c5788 | 116.30 USDC | prot: NESSUNA | stima: 78.0372 MEVI | ricevuti: 74.6660 MEVI | ATTACCO: NO
[15:03:38][ATTACK] INSURED ATTACK | victim=0x15d34AAf54267D | swap=58.6300 USDC | loss_sandwich=3.9889 MEVI (7.33%)
[15:03:39][ATTACK] NAKED ATTACK | victim=0xa0Ee7A142d267C | swap=136.4500 USDC | loss_sandwich=4.1408 MEVI (3.58%)
[15:03:43][  SWAP] TRADER 0x23618e81E3f5cdF7f54C3d65f7FBc0aBf5B21E8f | 79.02 USDC | prot: NESSUNA | stima: 77.7906 MEVI | ricevuti: 77.7906 MEVI | ATTACCO: NO
[15:03:43][  SWAP] TRADER 0x976EA74026E726554dB657fA54763abd0C3a0aa9 | 82.54 USDC | prot: HIGH | premio: 0.4635 MEVI | stima: 81.1996 MEVI | ricevuti: 78.7125 MEVI | ATTACCO: NO
[15:03:45][  SWAP] TRADER 0x9965507D1a55bcC2695C58ba16FB37d819B0A4dc | 101.46 USDC | prot: HIGH | premio: 0.5698 MEVI | stima: 99.4421 MEVI | ricevuti: 89.8899 MEVI | ATTACCO: NO
[15:03:45][  SWAP] TRADER 0xBcd4042DE499D14e55001CcbB24a551F3b954096 | 50.19 USDC | prot: NESSUNA | stima: 49.6912 MEVI | ricevuti: 42.2953 MEVI | ATTACCO: NO
[15:03:47][  SWAP] TRADER 0xa0Ee7A142d267C1f36714E4a8F75612F20a79720 | 136.45 USDC | prot: NESSUNA | stima: 124.7440 MEVI | ricevuti: 111.4422 MEVI | ATTACCO: SI | perdita: 4.1408 MEVI | rimborso: NON ASSICURATO
[15:03:55][  SWAP] TRADER 0x15d34AAf54267DB7D7c367839AAf71A00a2C6A65 | 58.63 USDC | prot: HIGH | premio: 0.3293 MEVI | stima: 57.9505 MEVI | ricevuti: 50.4103 MEVI | ATTACCO: SI | perdita: 3.9889 MEVI | rimborso: 3.9989 MEVI
[15:03:56][  SWAP] TRADER 0x14dC79964da2C08b23698B3D3cc7Ca32193d9955 | 130.62 USDC | prot: NESSUNA | stima: 105.5485 MEVI | ricevuti: 105.5485 MEVI | ATTACCO: NO
[15:03:59][  SWAP] TRADER 0x90F79bf6EB2c4f870365E785982E1f101E93b906 | 86.37 USDC | prot: HIGH | premio: 0.4851 MEVI | stima: 67.1417 MEVI | ricevuti: 64.6851 MEVI | ATTACCO: NO
[15:03:59][  SWAP] TRADER 0x71bE63f3384f5fb98995898A86B02Fb2426c5788 | 106.68 USDC | prot: NESSUNA | stima: 82.6365 MEVI | ricevuti: 82.6365 MEVI | ATTACCO: NO
[15:03:59][  SWAP] TRADER 0x3C44CdDdB6a900fa2b585dd299e03d12FA4293BC | 91.69 USDC | prot: HIGH | premio: 0.5149 MEVI | stima: 71.2111 MEVI | ricevuti: 66.6014 MEVI | ATTACCO: NO
[15:04:08][  SWAP] TRADER 0x23618e81E3f5cdF7f54C3d65f7FBc0aBf5B21E8f | 78.59 USDC | prot: NESSUNA | stima: 77.3738 MEVI | ricevuti: 77.3738 MEVI | ATTACCO: NO
[15:04:10][  SWAP] TRADER 0xBcd4042DE499D14e55001CcbB24a551F3b954096 | 52.50 USDC | prot: NESSUNA | stima: 51.9545 MEVI | ricevuti: 50.3671 MEVI | ATTACCO: NO
[15:04:11][  SWAP] TRADER 0xa0Ee7A142d267C1f36714E4a8F75612F20a79720 | 127.27 USDC | prot: NESSUNA | stima: 120.3457 MEVI | ricevuti: 117.9251 MEVI | ATTACCO: NO
[15:04:11][  SWAP] TRADER 0x976EA74026E726554dB657fA54763abd0C3a0aa9 | 81.86 USDC | prot: HIGH | premio: 0.4597 MEVI | stima: 80.5414 MEVI | ricevuti: 72.8790 MEVI | ATTACCO: NO
[15:04:13][ATTACK] NAKED ATTACK | victim=0x14dC79964da2C0 | swap=123.2200 USDC | loss_sandwich=3.5471 MEVI (3.52%)
[15:04:13][  SWAP] TRADER 0x9965507D1a55bcC2695C58ba16FB37d819B0A4dc | 128.38 USDC | prot: HIGH | premio: 0.7210 MEVI | stima: 125.1662 MEVI | ricevuti: 109.9011 MEVI | ATTACCO: NO
[15:04:20][  SWAP] TRADER 0x14dC79964da2C08b23698B3D3cc7Ca32193d9955 | 123.22 USDC | prot: NESSUNA | stima: 100.7377 MEVI | ricevuti: 97.1905 MEVI | ATTACCO: SI | perdita: 3.5471 MEVI | rimborso: NON ASSICURATO
[15:04:22][  SWAP] TRADER 0x15d34AAf54267DB7D7c367839AAf71A00a2C6A65 | 89.19 USDC | prot: HIGH | premio: 0.5009 MEVI | stima: 73.3631 MEVI | ricevuti: 70.2753 MEVI | ATTACCO: NO
[15:04:25][  SWAP] TRADER 0x71bE63f3384f5fb98995898A86B02Fb2426c5788 | 121.79 USDC | prot: NESSUNA | stima: 92.4707 MEVI | ricevuti: 92.4707 MEVI | ATTACCO: NO
[15:04:28][  SWAP] TRADER 0x90F79bf6EB2c4f870365E785982E1f101E93b906 | 64.91 USDC | prot: HIGH | premio: 0.3569 MEVI | stima: 49.7720 MEVI | ricevuti: 47.7148 MEVI | ATTACCO: NO
[15:04:28][  SWAP] TRADER 0x3C44CdDdB6a900fa2b585dd299e03d12FA4293BC | 90.08 USDC | prot: HIGH | premio: 0.4953 MEVI | stima: 68.7705 MEVI | ricevuti: 64.4934 MEVI | ATTACCO: NO
[15:04:34][  SWAP] TRADER 0x23618e81E3f5cdF7f54C3d65f7FBc0aBf5B21E8f | 57.99 USDC | prot: NESSUNA | stima: 40.4959 MEVI | ricevuti: 40.4959 MEVI | ATTACCO: NO
[15:04:35][  SWAP] TRADER 0xBcd4042DE499D14e55001CcbB24a551F3b954096 | 73.29 USDC | prot: NESSUNA | stima: 51.0503 MEVI | ricevuti: 50.0762 MEVI | ATTACCO: NO
[15:04:37][  SWAP] TRADER 0xa0Ee7A142d267C1f36714E4a8F75612F20a79720 | 113.56 USDC | prot: NESSUNA | stima: 77.0810 MEVI | ricevuti: 111.0381 MEVI | ATTACCO: NO
[15:04:40][  SWAP] TRADER 0x976EA74026E726554dB657fA54763abd0C3a0aa9 | 62.68 USDC | prot: HIGH | premio: 0.3447 MEVI | stima: 42.9016 MEVI | ricevuti: 59.2013 MEVI | ATTACCO: NO
[15:04:42][  SWAP] TRADER 0x9965507D1a55bcC2695C58ba16FB37d819B0A4dc | 111.98 USDC | prot: HIGH | premio: 0.6158 MEVI | stima: 109.5270 MEVI | ricevuti: 102.2720 MEVI | ATTACCO: NO
[15:04:43][ATTACK] INSURED ATTACK | victim=0x15d34AAf54267D | swap=57.8100 USDC | loss_sandwich=3.6169 MEVI (7.42%)
[15:04:46][  SWAP] TRADER 0x14dC79964da2C08b23698B3D3cc7Ca32193d9955 | 126.38 USDC | prot: NESSUNA | stima: 110.3424 MEVI | ricevuti: 110.3424 MEVI | ATTACCO: NO
[15:04:51][  SWAP] TRADER 0x71bE63f3384f5fb98995898A86B02Fb2426c5788 | 113.79 USDC | prot: NESSUNA | stima: 95.0340 MEVI | ricevuti: 91.6528 MEVI | ATTACCO: NO
[15:04:52][ATTACK] NAKED ATTACK | victim=0x23618e81E3f5cd | swap=70.3500 USDC | loss_sandwich=1.7901 MEVI (3.38%)
[15:04:53][  SWAP] TRADER 0x90F79bf6EB2c4f870365E785982E1f101E93b906 | 56.30 USDC | prot: HIGH | premio: 0.3096 MEVI | stima: 44.7371 MEVI | ricevuti: 44.7371 MEVI | ATTACCO: NO
[15:04:53][  SWAP] TRADER 0x3C44CdDdB6a900fa2b585dd299e03d12FA4293BC | 91.72 USDC | prot: HIGH | premio: 0.5044 MEVI | stima: 72.4275 MEVI | ricevuti: 70.9995 MEVI | ATTACCO: NO
[15:05:00][  SWAP] TRADER 0x23618e81E3f5cdF7f54C3d65f7FBc0aBf5B21E8f | 70.35 USDC | prot: NESSUNA | stima: 52.9353 MEVI | ricevuti: 51.1453 MEVI | ATTACCO: SI | perdita: 1.7900 MEVI | rimborso: NON ASSICURATO
[15:05:00][  SWAP] TRADER 0x15d34AAf54267DB7D7c367839AAf71A00a2C6A65 | 57.81 USDC | prot: HIGH | premio: 0.3179 MEVI | stima: 51.1213 MEVI | ricevuti: 45.1582 MEVI | ATTACCO: SI | perdita: 3.6169 MEVI | rimborso: 3.6269 MEVI
[15:05:01][  SWAP] TRADER 0xBcd4042DE499D14e55001CcbB24a551F3b954096 | 65.51 USDC | prot: NESSUNA | stima: 49.3346 MEVI | ricevuti: 48.1747 MEVI | ATTACCO: NO
[15:05:03][  SWAP] TRADER 0xa0Ee7A142d267C1f36714E4a8F75612F20a79720 | 103.07 USDC | prot: NESSUNA | stima: 75.3131 MEVI | ricevuti: 73.6540 MEVI | ATTACCO: NO
[15:05:05][  SWAP] TRADER 0x976EA74026E726554dB657fA54763abd0C3a0aa9 | 60.33 USDC | prot: HIGH | premio: 0.3318 MEVI | stima: 41.9431 MEVI | ricevuti: 41.9431 MEVI | ATTACCO: NO
[15:05:05][  SWAP] TRADER 0x9965507D1a55bcC2695C58ba16FB37d819B0A4dc | 100.12 USDC | prot: HIGH | premio: 0.5506 MEVI | stima: 67.7833 MEVI | ricevuti: 67.7833 MEVI | ATTACCO: NO
[15:05:08][  POOL] POOL UPDATE | mevi=92.3270 MEVI | eth=3.434000 ETH
[15:05:11][  SWAP] TRADER 0x14dC79964da2C08b23698B3D3cc7Ca32193d9955 | 103.36 USDC | prot: NESSUNA | stima: 101.2666 MEVI | ricevuti: 101.2666 MEVI | ATTACCO: NO
[15:05:16][  SWAP] TRADER 0x71bE63f3384f5fb98995898A86B02Fb2426c5788 | 127.48 USDC | prot: NESSUNA | stima: 119.3863 MEVI | ricevuti: 119.3863 MEVI | ATTACCO: NO
[15:05:18][  SWAP] TRADER 0x90F79bf6EB2c4f870365E785982E1f101E93b906 | 60.90 USDC | prot: HIGH | premio: 0.3349 MEVI | stima: 55.0031 MEVI | ricevuti: 55.0031 MEVI | ATTACCO: NO
[15:05:18][  SWAP] TRADER 0x3C44CdDdB6a900fa2b585dd299e03d12FA4293BC | 99.04 USDC | prot: HIGH | premio: 0.5446 MEVI | stima: 88.8100 MEVI | ricevuti: 86.7962 MEVI | ATTACCO: NO
[15:05:22][ATTACK] NAKED ATTACK | victim=0xa0Ee7A142d267C | swap=130.7100 USDC | loss_sandwich=5.4238 MEVI (5.24%)
[15:05:25][  SWAP] TRADER 0x23618e81E3f5cdF7f54C3d65f7FBc0aBf5B21E8f | 65.64 USDC | prot: NESSUNA | stima: 55.7891 MEVI | ricevuti: 55.7891 MEVI | ATTACCO: NO
[15:05:26][  SWAP] TRADER 0xBcd4042DE499D14e55001CcbB24a551F3b954096 | 95.32 USDC | prot: NESSUNA | stima: 80.5766 MEVI | ricevuti: 78.6660 MEVI | ATTACCO: NO
[15:05:29][  SWAP] TRADER 0xa0Ee7A142d267C1f36714E4a8F75612F20a79720 | 130.71 USDC | prot: NESSUNA | stima: 103.5819 MEVI | ricevuti: 98.1582 MEVI | ATTACCO: SI | perdita: 5.4238 MEVI | rimborso: NON ASSICURATO
[15:05:29][  SWAP] TRADER 0x15d34AAf54267DB7D7c367839AAf71A00a2C6A65 | 53.08 USDC | prot: HIGH | premio: 0.2981 MEVI | stima: 45.2181 MEVI | ricevuti: 41.1573 MEVI | ATTACCO: NO
[15:05:32][  SWAP] TRADER 0x9965507D1a55bcC2695C58ba16FB37d819B0A4dc | 119.29 USDC | prot: HIGH | premio: 0.6699 MEVI | stima: 94.7225 MEVI | ricevuti: 88.9779 MEVI | ATTACCO: NO
[15:05:32][  SWAP] TRADER 0x976EA74026E726554dB657fA54763abd0C3a0aa9 | 62.42 USDC | prot: HIGH | premio: 0.3506 MEVI | stima: 50.0668 MEVI | ricevuti: 45.1277 MEVI | ATTACCO: NO
[15:05:37][  SWAP] TRADER 0x14dC79964da2C08b23698B3D3cc7Ca32193d9955 | 142.33 USDC | prot: NESSUNA | stima: 99.4201 MEVI | ricevuti: 99.4201 MEVI | ATTACCO: NO
[15:05:41][  SWAP] TRADER 0x71bE63f3384f5fb98995898A86B02Fb2426c5788 | 133.83 USDC | prot: NESSUNA | stima: 130.3413 MEVI | ricevuti: 130.3413 MEVI | ATTACCO: NO
[15:05:47][  SWAP] TRADER 0x90F79bf6EB2c4f870365E785982E1f101E93b906 | 55.44 USDC | prot: HIGH | premio: 0.3114 MEVI | stima: 52.0254 MEVI | ricevuti: 50.7744 MEVI | ATTACCO: NO
[15:05:47][  SWAP] TRADER 0x3C44CdDdB6a900fa2b585dd299e03d12FA4293BC | 63.20 USDC | prot: HIGH | premio: 0.3549 MEVI | stima: 59.2189 MEVI | ricevuti: 59.2189 MEVI | ATTACCO: NO
[15:05:50][  SWAP] TRADER 0x23618e81E3f5cdF7f54C3d65f7FBc0aBf5B21E8f | 80.71 USDC | prot: NESSUNA | stima: 72.0307 MEVI | ricevuti: 72.0307 MEVI | ATTACCO: NO
[15:05:52][  SWAP] TRADER 0xBcd4042DE499D14e55001CcbB24a551F3b954096 | 75.37 USDC | prot: NESSUNA | stima: 67.3323 MEVI | ricevuti: 65.3238 MEVI | ATTACCO: NO
[15:05:55][  SWAP] TRADER 0xa0Ee7A142d267C1f36714E4a8F75612F20a79720 | 104.74 USDC | prot: NESSUNA | stima: 87.8134 MEVI | ricevuti: 87.8134 MEVI | ATTACCO: NO
[15:05:56][ATTACK] NAKED ATTACK | victim=0x14dC79964da2C0 | swap=122.7900 USDC | loss_sandwich=2.9593 MEVI (3.32%)
[15:05:58][  SWAP] TRADER 0x15d34AAf54267DB7D7c367839AAf71A00a2C6A65 | 98.41 USDC | prot: HIGH | premio: 0.5527 MEVI | stima: 82.6012 MEVI | ricevuti: 79.5196 MEVI | ATTACCO: NO
[15:06:01][  SWAP] TRADER 0x976EA74026E726554dB657fA54763abd0C3a0aa9 | 81.29 USDC | prot: HIGH | premio: 0.4565 MEVI | stima: 65.8869 MEVI | ricevuti: 61.0747 MEVI | ATTACCO: NO
[15:06:01][  SWAP] TRADER 0x9965507D1a55bcC2695C58ba16FB37d819B0A4dc | 116.23 USDC | prot: HIGH | premio: 0.6527 MEVI | stima: 93.6216 MEVI | ricevuti: 90.3995 MEVI | ATTACCO: NO
[15:06:04][  SWAP] TRADER 0x14dC79964da2C08b23698B3D3cc7Ca32193d9955 | 122.79 USDC | prot: NESSUNA | stima: 89.0806 MEVI | ricevuti: 86.1213 MEVI | ATTACCO: SI | perdita: 2.9593 MEVI | rimborso: NON ASSICURATO
[15:06:06][  SWAP] TRADER 0x71bE63f3384f5fb98995898A86B02Fb2426c5788 | 142.30 USDC | prot: NESSUNA | stima: 98.8326 MEVI | ricevuti: 98.8326 MEVI | ATTACCO: NO
[15:06:08][ATTACK] INSURED ATTACK | victim=0x90F79bf6EB2c4f | swap=51.8900 USDC | loss_sandwich=1.9843 MEVI (3.86%)
[15:06:16][  SWAP] TRADER 0x23618e81E3f5cdF7f54C3d65f7FBc0aBf5B21E8f | 98.34 USDC | prot: NESSUNA | stima: 96.4432 MEVI | ricevuti: 90.8919 MEVI | ATTACCO: NO
[15:06:16][  SWAP] TRADER 0x3C44CdDdB6a900fa2b585dd299e03d12FA4293BC | 80.69 USDC | prot: HIGH | premio: 0.4437 MEVI | stima: 79.4085 MEVI | ricevuti: 72.0741 MEVI | ATTACCO: NO
[15:06:17][  SWAP] TRADER 0xBcd4042DE499D14e55001CcbB24a551F3b954096 | 67.54 USDC | prot: NESSUNA | stima: 66.6398 MEVI | ricevuti: 61.1097 MEVI | ATTACCO: NO
[15:06:19][  SWAP] TRADER 0xa0Ee7A142d267C1f36714E4a8F75612F20a79720 | 104.82 USDC | prot: NESSUNA | stima: 91.8104 MEVI | ricevuti: 91.8104 MEVI | ATTACCO: NO
[15:06:26][  SWAP] TRADER 0x90F79bf6EB2c4f870365E785982E1f101E93b906 | 51.89 USDC | prot: HIGH | premio: 0.2853 MEVI | stima: 51.3570 MEVI | ricevuti: 49.3727 MEVI | ATTACCO: SI | perdita: 1.9843 MEVI | rimborso: 1.9943 MEVI
[15:06:26][  SWAP] TRADER 0x15d34AAf54267DB7D7c367839AAf71A00a2C6A65 | 84.72 USDC | prot: HIGH | premio: 0.4659 MEVI | stima: 71.6385 MEVI | ricevuti: 71.6385 MEVI | ATTACCO: NO
[15:06:29][  SWAP] TRADER 0x14dC79964da2C08b23698B3D3cc7Ca32193d9955 | 106.15 USDC | prot: NESSUNA | stima: 86.6925 MEVI | ricevuti: 86.6925 MEVI | ATTACCO: NO
[15:06:29][  SWAP] TRADER 0x976EA74026E726554dB657fA54763abd0C3a0aa9 | 62.85 USDC | prot: HIGH | premio: 0.3456 MEVI | stima: 53.3584 MEVI | ricevuti: 49.7938 MEVI | ATTACCO: NO
[15:06:30][  SWAP] TRADER 0x9965507D1a55bcC2695C58ba16FB37d819B0A4dc | 105.17 USDC | prot: HIGH | premio: 0.5783 MEVI | stima: 88.6002 MEVI | ricevuti: 80.8895 MEVI | ATTACCO: NO
[15:06:30][  SWAP] TRADER 0x71bE63f3384f5fb98995898A86B02Fb2426c5788 | 124.50 USDC | prot: NESSUNA | stima: 101.3460 MEVI | ricevuti: 92.0156 MEVI | ATTACCO: NO
[15:06:37][ATTACK] NAKED ATTACK | victim=0xa0Ee7A142d267C | swap=133.9100 USDC | loss_sandwich=4.5815 MEVI (3.73%)
[15:06:41][  SWAP] TRADER 0x23618e81E3f5cdF7f54C3d65f7FBc0aBf5B21E8f | 52.17 USDC | prot: NESSUNA | stima: 51.6313 MEVI | ricevuti: 51.6313 MEVI | ATTACCO: NO
[15:06:43][  SWAP] TRADER 0xBcd4042DE499D14e55001CcbB24a551F3b954096 | 99.10 USDC | prot: NESSUNA | stima: 97.1740 MEVI | ricevuti: 95.1966 MEVI | ATTACCO: NO
[15:06:44][  SWAP] TRADER 0xa0Ee7A142d267C1f36714E4a8F75612F20a79720 | 133.91 USDC | prot: NESSUNA | stima: 127.7720 MEVI | ricevuti: 118.3828 MEVI | ATTACCO: SI | perdita: 4.5815 MEVI | rimborso: NON ASSICURATO
[15:06:44][  SWAP] TRADER 0x3C44CdDdB6a900fa2b585dd299e03d12FA4293BC | 68.70 USDC | prot: HIGH | premio: 0.3778 MEVI | stima: 67.7689 MEVI | ricevuti: 58.4778 MEVI | ATTACCO: NO
[15:06:50][ATTACK] INSURED ATTACK | victim=0x976EA74026E726 | swap=90.8300 USDC | loss_sandwich=2.2920 MEVI (3.37%)
[15:06:55][  SWAP] TRADER 0x14dC79964da2C08b23698B3D3cc7Ca32193d9955 | 123.26 USDC | prot: NESSUNA | stima: 105.3464 MEVI | ricevuti: 105.3464 MEVI | ATTACCO: NO
[15:06:55][  SWAP] TRADER 0x15d34AAf54267DB7D7c367839AAf71A00a2C6A65 | 61.25 USDC | prot: HIGH | premio: 0.3368 MEVI | stima: 52.9486 MEVI | ricevuti: 50.6023 MEVI | ATTACCO: NO
[15:06:56][  SWAP] TRADER 0x90F79bf6EB2c4f870365E785982E1f101E93b906 | 63.89 USDC | prot: HIGH | premio: 0.3513 MEVI | stima: 55.2039 MEVI | ricevuti: 51.6030 MEVI | ATTACCO: NO
[15:06:56][  SWAP] TRADER 0x71bE63f3384f5fb98995898A86B02Fb2426c5788 | 139.50 USDC | prot: NESSUNA | stima: 118.8734 MEVI | ricevuti: 108.6761 MEVI | ATTACCO: NO
[15:06:59][  SWAP] TRADER 0x9965507D1a55bcC2695C58ba16FB37d819B0A4dc | 135.02 USDC | prot: HIGH | premio: 0.7425 MEVI | stima: 115.1498 MEVI | ricevuti: 97.2688 MEVI | ATTACCO: NO
[15:07:07][  SWAP] TRADER 0x23618e81E3f5cdF7f54C3d65f7FBc0aBf5B21E8f | 78.61 USDC | prot: NESSUNA | stima: 54.6271 MEVI | ricevuti: 54.6271 MEVI | ATTACCO: NO
[15:07:08][  SWAP] TRADER 0x976EA74026E726554dB657fA54763abd0C3a0aa9 | 90.83 USDC | prot: HIGH | premio: 0.4995 MEVI | stima: 78.0925 MEVI | ricevuti: 65.6707 MEVI | ATTACCO: SI | perdita: 2.2920 MEVI | rimborso: 2.3020 MEVI
[15:07:08][  POOL] POOL UPDATE | mevi=97.4677 MEVI | eth=3.398000 ETH
[15:07:10][  SWAP] TRADER 0xa0Ee7A142d267C1f36714E4a8F75612F20a79720 | 137.05 USDC | prot: NESSUNA | stima: 91.9113 MEVI | ricevuti: 133.3937 MEVI | ATTACCO: NO
[15:07:10][  SWAP] TRADER 0xBcd4042DE499D14e55001CcbB24a551F3b954096 | 68.21 USDC | prot: NESSUNA | stima: 46.2602 MEVI | ricevuti: 63.7723 MEVI | ATTACCO: NO
[15:07:12][  SWAP] TRADER 0x3C44CdDdB6a900fa2b585dd299e03d12FA4293BC | 88.00 USDC | prot: HIGH | premio: 0.4839 MEVI | stima: 59.4889 MEVI | ricevuti: 79.8467 MEVI | ATTACCO: NO
[15:07:13][ATTACK] NAKED ATTACK | victim=0x71bE63f3384f5f | swap=100.0500 USDC | loss_sandwich=3.0097 MEVI (3.57%)
[15:07:20][  SWAP] TRADER 0x14dC79964da2C08b23698B3D3cc7Ca32193d9955 | 105.54 USDC | prot: NESSUNA | stima: 92.3287 MEVI | ricevuti: 92.3287 MEVI | ATTACCO: NO
[15:07:21][  SWAP] TRADER 0x15d34AAf54267DB7D7c367839AAf71A00a2C6A65 | 95.90 USDC | prot: HIGH | premio: 0.5274 MEVI | stima: 84.0455 MEVI | ricevuti: 78.0039 MEVI | ATTACCO: NO
[15:07:21][  SWAP] TRADER 0x71bE63f3384f5fb98995898A86B02Fb2426c5788 | 100.05 USDC | prot: NESSUNA | stima: 87.6150 MEVI | ricevuti: 81.2438 MEVI | ATTACCO: SI | perdita: 3.0097 MEVI | rimborso: NON ASSICURATO
[15:07:21][  SWAP] TRADER 0x90F79bf6EB2c4f870365E785982E1f101E93b906 | 59.43 USDC | prot: HIGH | premio: 0.3268 MEVI | stima: 52.4385 MEVI | ricevuti: 47.0111 MEVI | ATTACCO: NO
[15:07:27][  SWAP] TRADER 0x9965507D1a55bcC2695C58ba16FB37d819B0A4dc | 126.72 USDC | prot: HIGH | premio: 0.6968 MEVI | stima: 97.0104 MEVI | ricevuti: 97.0104 MEVI | ATTACCO: NO
[15:07:32][  SWAP] TRADER 0x23618e81E3f5cdF7f54C3d65f7FBc0aBf5B21E8f | 87.15 USDC | prot: NESSUNA | stima: 64.2849 MEVI | ricevuti: 64.2849 MEVI | ATTACCO: NO
[15:07:35][  SWAP] TRADER 0xa0Ee7A142d267C1f36714E4a8F75612F20a79720 | 134.42 USDC | prot: NESSUNA | stima: 95.4913 MEVI | ricevuti: 93.5166 MEVI | ATTACCO: NO
[15:07:35][  SWAP] TRADER 0xBcd4042DE499D14e55001CcbB24a551F3b954096 | 62.30 USDC | prot: NESSUNA | stima: 44.7961 MEVI | ricevuti: 44.7961 MEVI | ATTACCO: NO
[15:07:36][  SWAP] TRADER 0x976EA74026E726554dB657fA54763abd0C3a0aa9 | 72.56 USDC | prot: HIGH | premio: 0.3990 MEVI | stima: 53.6563 MEVI | ricevuti: 48.7772 MEVI | ATTACCO: NO
[15:07:41][  SWAP] TRADER 0x3C44CdDdB6a900fa2b585dd299e03d12FA4293BC | 51.85 USDC | prot: HIGH | premio: 0.2851 MEVI | stima: 34.9733 MEVI | ricevuti: 34.1543 MEVI | ATTACCO: NO
[15:07:41][ATTACK] INSURED ATTACK | victim=0x15d34AAf54267D | swap=57.3400 USDC | loss_sandwich=3.4287 MEVI (6.70%)
[15:07:45][  SWAP] TRADER 0x14dC79964da2C08b23698B3D3cc7Ca32193d9955 | 136.83 USDC | prot: NESSUNA | stima: 133.1853 MEVI | ricevuti: 126.7065 MEVI | ATTACCO: NO
[15:07:45][  SWAP] TRADER 0x71bE63f3384f5fb98995898A86B02Fb2426c5788 | 127.94 USDC | prot: NESSUNA | stima: 124.7479 MEVI | ricevuti: 124.7479 MEVI | ATTACCO: NO
[15:07:48][  SWAP] TRADER 0x90F79bf6EB2c4f870365E785982E1f101E93b906 | 86.82 USDC | prot: HIGH | premio: 0.4774 MEVI | stima: 85.3382 MEVI | ricevuti: 74.2139 MEVI | ATTACCO: NO
[15:07:50][ATTACK] NAKED ATTACK | victim=0x23618e81E3f5cd | swap=56.7700 USDC | loss_sandwich=1.5905 MEVI (3.49%)
[15:07:56][  SWAP] TRADER 0x9965507D1a55bcC2695C58ba16FB37d819B0A4dc | 147.51 USDC | prot: HIGH | premio: 0.8112 MEVI | stima: 122.8979 MEVI | ricevuti: 122.8979 MEVI | ATTACCO: NO
[15:07:57][  SWAP] TRADER 0x23618e81E3f5cdF7f54C3d65f7FBc0aBf5B21E8f | 56.77 USDC | prot: NESSUNA | stima: 48.0838 MEVI | ricevuti: 43.9847 MEVI | ATTACCO: SI | perdita: 1.5905 MEVI | rimborso: NON ASSICURATO
[15:07:58][  SWAP] TRADER 0x15d34AAf54267DB7D7c367839AAf71A00a2C6A65 | 57.34 USDC | prot: HIGH | premio: 0.3153 MEVI | stima: 56.6899 MEVI | ricevuti: 47.7317 MEVI | ATTACCO: SI | perdita: 3.4287 MEVI | rimborso: 3.4387 MEVI
[15:08:00][  SWAP] TRADER 0xBcd4042DE499D14e55001CcbB24a551F3b954096 | 77.52 USDC | prot: NESSUNA | stima: 60.7853 MEVI | ricevuti: 58.5089 MEVI | ATTACCO: NO
[15:08:00][  SWAP] TRADER 0xa0Ee7A142d267C1f36714E4a8F75612F20a79720 | 108.79 USDC | prot: NESSUNA | stima: 84.8382 MEVI | ricevuti: 84.8382 MEVI | ATTACCO: NO
[15:08:02][  SWAP] TRADER 0x976EA74026E726554dB657fA54763abd0C3a0aa9 | 53.70 USDC | prot: HIGH | premio: 0.2953 MEVI | stima: 42.2846 MEVI | ricevuti: 39.6211 MEVI | ATTACCO: NO
[15:08:09][  SWAP] TRADER 0x3C44CdDdB6a900fa2b585dd299e03d12FA4293BC | 51.13 USDC | prot: HIGH | premio: 0.2812 MEVI | stima: 37.0545 MEVI | ricevuti: 37.0545 MEVI | ATTACCO: NO
[15:08:10][  SWAP] TRADER 0x14dC79964da2C08b23698B3D3cc7Ca32193d9955 | 114.28 USDC | prot: NESSUNA | stima: 81.9428 MEVI | ricevuti: 77.8258 MEVI | ATTACCO: NO
[15:08:10][  SWAP] TRADER 0x71bE63f3384f5fb98995898A86B02Fb2426c5788 | 103.03 USDC | prot: NESSUNA | stima: 74.0158 MEVI | ricevuti: 72.7492 MEVI | ATTACCO: NO
[15:08:16][  SWAP] TRADER 0x90F79bf6EB2c4f870365E785982E1f101E93b906 | 80.43 USDC | prot: HIGH | premio: 0.4423 MEVI | stima: 53.0526 MEVI | ricevuti: 79.1567 MEVI | ATTACCO: NO
[15:08:18][ATTACK] NAKED ATTACK | victim=0xa0Ee7A142d267C | swap=111.5300 USDC | loss_sandwich=5.4063 MEVI (5.80%)
[15:08:22][  SWAP] TRADER 0x23618e81E3f5cdF7f54C3d65f7FBc0aBf5B21E8f | 96.86 USDC | prot: NESSUNA | stima: 92.0622 MEVI | ricevuti: 92.0622 MEVI | ATTACCO: NO
[15:08:22][  SWAP] TRADER 0x15d34AAf54267DB7D7c367839AAf71A00a2C6A65 | 93.38 USDC | prot: HIGH | premio: 0.5135 MEVI | stima: 88.8143 MEVI | ricevuti: 85.5511 MEVI | ATTACCO: NO
[15:08:22][  SWAP] TRADER 0x9965507D1a55bcC2695C58ba16FB37d819B0A4dc | 141.19 USDC | prot: HIGH | premio: 0.7764 MEVI | stima: 133.0571 MEVI | ricevuti: 123.7461 MEVI | ATTACCO: NO
[15:08:25][  SWAP] TRADER 0xa0Ee7A142d267C1f36714E4a8F75612F20a79720 | 111.53 USDC | prot: NESSUNA | stima: 93.2780 MEVI | ricevuti: 87.8718 MEVI | ATTACCO: SI | perdita: 5.4063 MEVI | rimborso: NON ASSICURATO
[15:08:25][  SWAP] TRADER 0xBcd4042DE499D14e55001CcbB24a551F3b954096 | 65.67 USDC | prot: NESSUNA | stima: 55.3829 MEVI | ricevuti: 53.4032 MEVI | ATTACCO: NO
[15:08:26][  SWAP] TRADER 0x976EA74026E726554dB657fA54763abd0C3a0aa9 | 53.08 USDC | prot: HIGH | premio: 0.2919 MEVI | stima: 42.1627 MEVI | ricevuti: 42.1627 MEVI | ATTACCO: NO
[15:08:36][  SWAP] TRADER 0x14dC79964da2C08b23698B3D3cc7Ca32193d9955 | 108.82 USDC | prot: NESSUNA | stima: 84.0025 MEVI | ricevuti: 84.0025 MEVI | ATTACCO: NO
[15:08:36][  SWAP] TRADER 0x71bE63f3384f5fb98995898A86B02Fb2426c5788 | 130.87 USDC | prot: NESSUNA | stima: 100.6376 MEVI | ricevuti: 96.9032 MEVI | ATTACCO: NO
[15:08:39][  SWAP] TRADER 0x3C44CdDdB6a900fa2b585dd299e03d12FA4293BC | 56.38 USDC | prot: HIGH | premio: 0.3100 MEVI | stima: 43.9229 MEVI | ricevuti: 40.4292 MEVI | ATTACCO: NO
[15:08:42][ATTACK] INSURED ATTACK | victim=0x9965507D1a55bc | swap=101.6000 USDC | loss_sandwich=6.3699 MEVI (6.76%)
[15:08:45][  SWAP] TRADER 0x90F79bf6EB2c4f870365E785982E1f101E93b906 | 66.28 USDC | prot: HIGH | premio: 0.3645 MEVI | stima: 46.5565 MEVI | ricevuti: 65.4129 MEVI | ATTACCO: NO
[15:08:46][  SWAP] TRADER 0x23618e81E3f5cdF7f54C3d65f7FBc0aBf5B21E8f | 75.80 USDC | prot: NESSUNA | stima: 74.6680 MEVI | ricevuti: 72.7413 MEVI | ATTACCO: NO
[15:08:49][  SWAP] TRADER 0x15d34AAf54267DB7D7c367839AAf71A00a2C6A65 | 84.99 USDC | prot: HIGH | premio: 0.4674 MEVI | stima: 83.5695 MEVI | ricevuti: 76.0879 MEVI | ATTACCO: NO
[15:08:51][  SWAP] TRADER 0xBcd4042DE499D14e55001CcbB24a551F3b954096 | 54.84 USDC | prot: NESSUNA | stima: 51.3042 MEVI | ricevuti: 45.3888 MEVI | ATTACCO: NO
[15:08:51][  SWAP] TRADER 0xa0Ee7A142d267C1f36714E4a8F75612F20a79720 | 146.07 USDC | prot: NESSUNA | stima: 134.2946 MEVI | ricevuti: 125.4596 MEVI | ATTACCO: NO
[15:08:51][  SWAP] TRADER 0x976EA74026E726554dB657fA54763abd0C3a0aa9 | 51.68 USDC | prot: HIGH | premio: 0.2842 MEVI | stima: 45.1676 MEVI | ricevuti: 41.9562 MEVI | ATTACCO: NO
[15:08:54][ATTACK] NAKED ATTACK | victim=0x71bE63f3384f5f | swap=145.6800 USDC | loss_sandwich=8.5619 MEVI (7.50%)
[15:09:00][  SWAP] TRADER 0x9965507D1a55bcC2695C58ba16FB37d819B0A4dc | 101.60 USDC | prot: HIGH | premio: 0.5587 MEVI | stima: 99.5766 MEVI | ricevuti: 87.8318 MEVI | ATTACCO: SI | perdita: 6.3699 MEVI | rimborso: 6.3799 MEVI
[15:09:01][  SWAP] TRADER 0x71bE63f3384f5fb98995898A86B02Fb2426c5788 | 145.68 USDC | prot: NESSUNA | stima: 114.1895 MEVI | ricevuti: 105.6276 MEVI | ATTACCO: SI | perdita: 8.5619 MEVI | rimborso: NON ASSICURATO
[15:09:02][  SWAP] TRADER 0x14dC79964da2C08b23698B3D3cc7Ca32193d9955 | 124.41 USDC | prot: NESSUNA | stima: 97.8812 MEVI | ricevuti: 94.4985 MEVI | ATTACCO: NO
[15:09:08][  POOL] POOL UPDATE | mevi=96.7465 MEVI | eth=3.362000 ETH
[15:09:12][  SWAP] TRADER 0x23618e81E3f5cdF7f54C3d65f7FBc0aBf5B21E8f | 58.25 USDC | prot: NESSUNA | stima: 42.3249 MEVI | ricevuti: 42.3249 MEVI | ATTACCO: NO
[15:09:13][  SWAP] TRADER 0x90F79bf6EB2c4f870365E785982E1f101E93b906 | 51.21 USDC | prot: HIGH | premio: 0.2876 MEVI | stima: 37.2540 MEVI | ricevuti: 36.5246 MEVI | ATTACCO: NO
[15:09:16][  SWAP] TRADER 0xBcd4042DE499D14e55001CcbB24a551F3b954096 | 69.52 USDC | prot: NESSUNA | stima: 48.5887 MEVI | ricevuti: 68.5666 MEVI | ATTACCO: NO
[15:09:17][  SWAP] TRADER 0x15d34AAf54267DB7D7c367839AAf71A00a2C6A65 | 68.64 USDC | prot: HIGH | premio: 0.3855 MEVI | stima: 48.8131 MEVI | ricevuti: 65.8784 MEVI | ATTACCO: NO
[15:09:22][  SWAP] TRADER 0x3C44CdDdB6a900fa2b585dd299e03d12FA4293BC | 65.51 USDC | prot: HIGH | premio: 0.3679 MEVI | stima: 61.2534 MEVI | ricevuti: 61.2534 MEVI | ATTACCO: NO
[15:09:27][  SWAP] TRADER 0x14dC79964da2C08b23698B3D3cc7Ca32193d9955 | 136.89 USDC | prot: NESSUNA | stima: 123.1445 MEVI | ricevuti: 123.1445 MEVI | ATTACCO: NO
[15:09:27][  SWAP] TRADER 0x9965507D1a55bcC2695C58ba16FB37d819B0A4dc | 101.51 USDC | prot: HIGH | premio: 0.5701 MEVI | stima: 91.9261 MEVI | ricevuti: 87.3168 MEVI | ATTACCO: NO
[15:09:28][  SWAP] TRADER 0x71bE63f3384f5fb98995898A86B02Fb2426c5788 | 113.76 USDC | prot: NESSUNA | stima: 102.7822 MEVI | ricevuti: 94.0625 MEVI | ATTACCO: NO
[15:09:32][ATTACK] NAKED ATTACK | victim=0x23618e81E3f5cd | swap=68.4500 USDC | loss_sandwich=1.7809 MEVI (3.41%)
[15:09:33][  SWAP] TRADER 0xa0Ee7A142d267C1f36714E4a8F75612F20a79720 | 131.14 USDC | prot: NESSUNA | stima: 103.7637 MEVI | ricevuti: 103.7637 MEVI | ATTACCO: NO
[15:09:38][ATTACK] INSURED ATTACK | victim=0x15d34AAf54267D | swap=90.5300 USDC | loss_sandwich=2.0850 MEVI (3.27%)
[15:09:39][  SWAP] TRADER 0x23618e81E3f5cdF7f54C3d65f7FBc0aBf5B21E8f | 68.45 USDC | prot: NESSUNA | stima: 52.2824 MEVI | ricevuti: 50.5015 MEVI | ATTACCO: SI | perdita: 1.7809 MEVI | rimborso: NON ASSICURATO
[15:09:42][  SWAP] TRADER 0xBcd4042DE499D14e55001CcbB24a551F3b954096 | 62.89 USDC | prot: NESSUNA | stima: 46.9733 MEVI | ricevuti: 46.9733 MEVI | ATTACCO: NO
[15:09:42][  SWAP] TRADER 0x90F79bf6EB2c4f870365E785982E1f101E93b906 | 98.46 USDC | prot: HIGH | premio: 0.5530 MEVI | stima: 74.8141 MEVI | ricevuti: 71.5350 MEVI | ATTACCO: NO
[15:09:48][  SWAP] TRADER 0x3C44CdDdB6a900fa2b585dd299e03d12FA4293BC | 88.52 USDC | prot: HIGH | premio: 0.4971 MEVI | stima: 60.4993 MEVI | ricevuti: 86.9801 MEVI | ATTACCO: NO
[15:09:48][  SWAP] TRADER 0x976EA74026E726554dB657fA54763abd0C3a0aa9 | 88.74 USDC | prot: HIGH | premio: 0.4984 MEVI | stima: 60.6475 MEVI | ricevuti: 84.2108 MEVI | ATTACCO: NO
[15:09:54][  SWAP] TRADER 0x71bE63f3384f5fb98995898A86B02Fb2426c5788 | 131.36 USDC | prot: NESSUNA | stima: 119.4872 MEVI | ricevuti: 113.6008 MEVI | ATTACCO: NO
[15:09:54][  SWAP] TRADER 0x14dC79964da2C08b23698B3D3cc7Ca32193d9955 | 134.10 USDC | prot: NESSUNA | stima: 121.9167 MEVI | ricevuti: 121.9167 MEVI | ATTACCO: NO
[15:09:55][  SWAP] TRADER 0x15d34AAf54267DB7D7c367839AAf71A00a2C6A65 | 90.53 USDC | prot: HIGH | premio: 0.5084 MEVI | stima: 67.2981 MEVI | ricevuti: 61.6189 MEVI | ATTACCO: SI | perdita: 2.0850 MEVI | rimborso: 2.0950 MEVI
[15:09:56][  SWAP] TRADER 0x9965507D1a55bcC2695C58ba16FB37d819B0A4dc | 125.00 USDC | prot: HIGH | premio: 0.7020 MEVI | stima: 113.8385 MEVI | ricevuti: 103.1233 MEVI | ATTACCO: NO
[15:09:59][  SWAP] TRADER 0xa0Ee7A142d267C1f36714E4a8F75612F20a79720 | 143.32 USDC | prot: NESSUNA | stima: 112.6819 MEVI | ricevuti: 112.6819 MEVI | ATTACCO: NO
[15:10:03][  SWAP] TRADER 0x23618e81E3f5cdF7f54C3d65f7FBc0aBf5B21E8f | 94.56 USDC | prot: NESSUNA | stima: 71.2993 MEVI | ricevuti: 71.2993 MEVI | ATTACCO: NO
[15:10:08][  SWAP] TRADER 0xBcd4042DE499D14e55001CcbB24a551F3b954096 | 68.79 USDC | prot: NESSUNA | stima: 50.4261 MEVI | ricevuti: 50.4261 MEVI | ATTACCO: NO
[15:10:11][  SWAP] TRADER 0x90F79bf6EB2c4f870365E785982E1f101E93b906 | 58.12 USDC | prot: HIGH | premio: 0.3264 MEVI | stima: 42.6821 MEVI | ricevuti: 41.6931 MEVI | ATTACCO: NO
[15:10:12][ATTACK] NAKED ATTACK | victim=0x14dC79964da2C0 | swap=122.5400 USDC | loss_sandwich=4.5906 MEVI (3.84%)
[15:10:17][  SWAP] TRADER 0x976EA74026E726554dB657fA54763abd0C3a0aa9 | 59.32 USDC | prot: HIGH | premio: 0.3331 MEVI | stima: 41.7199 MEVI | ricevuti: 40.7871 MEVI | ATTACCO: NO
[15:10:17][  SWAP] TRADER 0x3C44CdDdB6a900fa2b585dd299e03d12FA4293BC | 67.79 USDC | prot: HIGH | premio: 0.3807 MEVI | stima: 47.6096 MEVI | ricevuti: 47.6096 MEVI | ATTACCO: NO
[15:10:20][  SWAP] TRADER 0x14dC79964da2C08b23698B3D3cc7Ca32193d9955 | 122.54 USDC | prot: NESSUNA | stima: 119.6086 MEVI | ricevuti: 115.0180 MEVI | ATTACCO: SI | perdita: 4.5906 MEVI | rimborso: NON ASSICURATO
[15:10:20][  SWAP] TRADER 0x71bE63f3384f5fb98995898A86B02Fb2426c5788 | 139.42 USDC | prot: NESSUNA | stima: 135.6379 MEVI | ricevuti: 124.4686 MEVI | ATTACCO: NO
[15:10:24][  SWAP] TRADER 0xa0Ee7A142d267C1f36714E4a8F75612F20a79720 | 133.23 USDC | prot: NESSUNA | stima: 117.7369 MEVI | ricevuti: 117.7369 MEVI | ATTACCO: NO
[15:10:24][  SWAP] TRADER 0x15d34AAf54267DB7D7c367839AAf71A00a2C6A65 | 75.78 USDC | prot: HIGH | premio: 0.4256 MEVI | stima: 67.6897 MEVI | ricevuti: 64.4049 MEVI | ATTACCO: NO
[15:10:29][  SWAP] TRADER 0x23618e81E3f5cdF7f54C3d65f7FBc0aBf5B21E8f | 91.12 USDC | prot: NESSUNA | stima: 75.1145 MEVI | ricevuti: 75.1145 MEVI | ATTACCO: NO
[15:10:33][  SWAP] TRADER 0xBcd4042DE499D14e55001CcbB24a551F3b954096 | 73.65 USDC | prot: NESSUNA | stima: 58.9352 MEVI | ricevuti: 58.9352 MEVI | ATTACCO: NO
[15:10:38][ATTACK] INSURED ATTACK | victim=0x976EA74026E726 | swap=61.8600 USDC | loss_sandwich=3.4207 MEVI (7.59%)
[15:10:39][  SWAP] TRADER 0x90F79bf6EB2c4f870365E785982E1f101E93b906 | 69.60 USDC | prot: HIGH | premio: 0.3909 MEVI | stima: 54.2937 MEVI | ricevuti: 54.2937 MEVI | ATTACCO: NO
[15:10:41][  SWAP] TRADER 0x9965507D1a55bcC2695C58ba16FB37d819B0A4dc | 132.86 USDC | prot: HIGH | premio: 0.7461 MEVI | stima: 102.5032 MEVI | ricevuti: 100.0417 MEVI | ATTACCO: NO
[15:10:45][  SWAP] TRADER 0x3C44CdDdB6a900fa2b585dd299e03d12FA4293BC | 86.61 USDC | prot: HIGH | premio: 0.4864 MEVI | stima: 65.7377 MEVI | ricevuti: 54.9421 MEVI | ATTACCO: NO
[15:10:45][  SWAP] TRADER 0x14dC79964da2C08b23698B3D3cc7Ca32193d9955 | 136.05 USDC | prot: NESSUNA | stima: 97.8254 MEVI | ricevuti: 94.5896 MEVI | ATTACCO: NO
[15:10:45][  SWAP] TRADER 0x71bE63f3384f5fb98995898A86B02Fb2426c5788 | 107.79 USDC | prot: NESSUNA | stima: 77.8743 MEVI | ricevuti: 70.5475 MEVI | ATTACCO: NO
[15:10:50][  SWAP] TRADER 0xa0Ee7A142d267C1f36714E4a8F75612F20a79720 | 127.27 USDC | prot: NESSUNA | stima: 80.8811 MEVI | ricevuti: 124.1109 MEVI | ATTACCO: NO
[15:10:51][ATTACK] NAKED ATTACK | victim=0xBcd4042DE499D1 | swap=95.8900 USDC | loss_sandwich=3.0476 MEVI (3.64%)
[15:10:53][  SWAP] TRADER 0x15d34AAf54267DB7D7c367839AAf71A00a2C6A65 | 79.51 USDC | prot: HIGH | premio: 0.4465 MEVI | stima: 50.9130 MEVI | ricevuti: 74.4571 MEVI | ATTACCO: NO
[15:10:54][  SWAP] TRADER 0x23618e81E3f5cdF7f54C3d65f7FBc0aBf5B21E8f | 94.20 USDC | prot: NESSUNA | stima: 87.9654 MEVI | ricevuti: 85.3229 MEVI | ATTACCO: NO
[15:10:55][  SWAP] TRADER 0x976EA74026E726554dB657fA54763abd0C3a0aa9 | 61.86 USDC | prot: HIGH | premio: 0.3474 MEVI | stima: 47.1541 MEVI | ricevuti: 41.6193 MEVI | ATTACCO: SI | perdita: 3.4207 MEVI | rimborso: 3.4307 MEVI
[15:10:59][  SWAP] TRADER 0xBcd4042DE499D14e55001CcbB24a551F3b954096 | 95.89 USDC | prot: NESSUNA | stima: 83.7944 MEVI | ricevuti: 80.7468 MEVI | ATTACCO: SI | perdita: 3.0476 MEVI | rimborso: NON ASSICURATO
[15:11:06][  SWAP] TRADER 0x90F79bf6EB2c4f870365E785982E1f101E93b906 | 64.15 USDC | prot: HIGH | premio: 0.3603 MEVI | stima: 54.4661 MEVI | ricevuti: 54.4661 MEVI | ATTACCO: NO
[15:11:08][  POOL] POOL UPDATE | mevi=100.2755 MEVI | eth=3.326000 ETH
[15:11:09][  SWAP] TRADER 0x9965507D1a55bcC2695C58ba16FB37d819B0A4dc | 119.66 USDC | prot: HIGH | premio: 0.6720 MEVI | stima: 100.5737 MEVI | ricevuti: 98.2487 MEVI | ATTACCO: NO
[15:11:10][  SWAP] TRADER 0x14dC79964da2C08b23698B3D3cc7Ca32193d9955 | 139.56 USDC | prot: NESSUNA | stima: 114.1805 MEVI | ricevuti: 109.3929 MEVI | ATTACCO: NO
[15:11:10][  SWAP] TRADER 0x71bE63f3384f5fb98995898A86B02Fb2426c5788 | 119.64 USDC | prot: NESSUNA | stima: 98.2326 MEVI | ricevuti: 89.6146 MEVI | ATTACCO: NO
[15:11:13][  SWAP] TRADER 0x3C44CdDdB6a900fa2b585dd299e03d12FA4293BC | 78.77 USDC | prot: HIGH | premio: 0.4424 MEVI | stima: 65.1529 MEVI | ricevuti: 57.0228 MEVI | ATTACCO: NO
[15:11:15][  SWAP] TRADER 0xa0Ee7A142d267C1f36714E4a8F75612F20a79720 | 144.94 USDC | prot: NESSUNA | stima: 103.7637 MEVI | ricevuti: 101.0516 MEVI | ATTACCO: NO
[15:11:19][  SWAP] TRADER 0x23618e81E3f5cdF7f54C3d65f7FBc0aBf5B21E8f | 94.49 USDC | prot: NESSUNA | stima: 63.3156 MEVI | ricevuti: 62.2150 MEVI | ATTACCO: NO
[15:11:19][  SWAP] TRADER 0x15d34AAf54267DB7D7c367839AAf71A00a2C6A65 | 53.79 USDC | prot: HIGH | premio: 0.3021 MEVI | stima: 36.2834 MEVI | ricevuti: 36.2834 MEVI | ATTACCO: NO
[15:11:24][  SWAP] TRADER 0x976EA74026E726554dB657fA54763abd0C3a0aa9 | 76.81 USDC | prot: HIGH | premio: 0.4314 MEVI | stima: 51.6169 MEVI | ricevuti: 73.3127 MEVI | ATTACCO: NO
[15:11:24][  SWAP] TRADER 0xBcd4042DE499D14e55001CcbB24a551F3b954096 | 79.61 USDC | prot: NESSUNA | stima: 78.3623 MEVI | ricevuti: 78.3623 MEVI | ATTACCO: NO
[15:11:27][ATTACK] INSURED ATTACK | victim=0x90F79bf6EB2c4f | swap=51.7100 USDC | loss_sandwich=1.8054 MEVI (3.75%)
[15:11:28][ATTACK] NAKED ATTACK | victim=0x14dC79964da2C0 | swap=148.2100 USDC | loss_sandwich=4.8933 MEVI (3.68%)
[15:11:36][  SWAP] TRADER 0x71bE63f3384f5fb98995898A86B02Fb2426c5788 | 108.58 USDC | prot: NESSUNA | stima: 99.9869 MEVI | ricevuti: 89.4294 MEVI | ATTACCO: NO
[15:11:36][  SWAP] TRADER 0x14dC79964da2C08b23698B3D3cc7Ca32193d9955 | 148.21 USDC | prot: NESSUNA | stima: 135.4610 MEVI | ricevuti: 127.9762 MEVI | ATTACCO: SI | perdita: 4.8933 MEVI | rimborso: NON ASSICURATO
[15:11:37][  SWAP] TRADER 0x9965507D1a55bcC2695C58ba16FB37d819B0A4dc | 138.33 USDC | prot: HIGH | premio: 0.7607 MEVI | stima: 126.6668 MEVI | ricevuti: 113.3327 MEVI | ATTACCO: NO
[15:11:39][  SWAP] TRADER 0x3C44CdDdB6a900fa2b585dd299e03d12FA4293BC | 89.73 USDC | prot: HIGH | premio: 0.4934 MEVI | stima: 74.1595 MEVI | ricevuti: 67.8526 MEVI | ATTACCO: NO
[15:11:39][  SWAP] TRADER 0xa0Ee7A142d267C1f36714E4a8F75612F20a79720 | 111.59 USDC | prot: NESSUNA | stima: 87.4199 MEVI | ricevuti: 87.4199 MEVI | ATTACCO: NO
[15:11:45][  SWAP] TRADER 0x90F79bf6EB2c4f870365E785982E1f101E93b906 | 51.71 USDC | prot: HIGH | premio: 0.2844 MEVI | stima: 48.1376 MEVI | ricevuti: 46.3322 MEVI | ATTACCO: SI | perdita: 1.8054 MEVI | rimborso: 1.8154 MEVI
[15:11:45][  SWAP] TRADER 0x23618e81E3f5cdF7f54C3d65f7FBc0aBf5B21E8f | 62.36 USDC | prot: NESSUNA | stima: 45.9313 MEVI | ricevuti: 45.9313 MEVI | ATTACCO: NO
[15:11:48][  SWAP] TRADER 0x15d34AAf54267DB7D7c367839AAf71A00a2C6A65 | 60.14 USDC | prot: HIGH | premio: 0.3307 MEVI | stima: 44.3130 MEVI | ricevuti: 43.3792 MEVI | ATTACCO: NO
[15:11:49][  SWAP] TRADER 0x976EA74026E726554dB657fA54763abd0C3a0aa9 | 65.64 USDC | prot: HIGH | premio: 0.3610 MEVI | stima: 47.3024 MEVI | ricevuti: 45.5031 MEVI | ATTACCO: NO
[15:11:49][  SWAP] TRADER 0xBcd4042DE499D14e55001CcbB24a551F3b954096 | 55.18 USDC | prot: NESSUNA | stima: 39.8349 MEVI | ricevuti: 39.0330 MEVI | ATTACCO: NO
[15:12:01][  SWAP] TRADER 0x14dC79964da2C08b23698B3D3cc7Ca32193d9955 | 107.76 USDC | prot: NESSUNA | stima: 105.4866 MEVI | ricevuti: 99.8874 MEVI | ATTACCO: NO
[15:12:01][  SWAP] TRADER 0x71bE63f3384f5fb98995898A86B02Fb2426c5788 | 139.70 USDC | prot: NESSUNA | stima: 135.9029 MEVI | ricevuti: 135.9029 MEVI | ATTACCO: NO
[15:12:03][ATTACK] NAKED ATTACK | victim=0x23618e81E3f5cd | swap=95.2600 USDC | loss_sandwich=2.6570 MEVI (3.48%)
[15:12:04][  SWAP] TRADER 0xa0Ee7A142d267C1f36714E4a8F75612F20a79720 | 114.65 USDC | prot: NESSUNA | stima: 101.8660 MEVI | ricevuti: 101.8660 MEVI | ATTACCO: NO
[15:12:06][  SWAP] TRADER 0x9965507D1a55bcC2695C58ba16FB37d819B0A4dc | 104.52 USDC | prot: HIGH | premio: 0.5748 MEVI | stima: 102.3799 MEVI | ricevuti: 89.1423 MEVI | ATTACCO: NO
[15:12:07][  SWAP] TRADER 0x3C44CdDdB6a900fa2b585dd299e03d12FA4293BC | 74.81 USDC | prot: HIGH | premio: 0.4114 MEVI | stima: 66.9659 MEVI | ricevuti: 61.7387 MEVI | ATTACCO: NO
[15:12:10][  SWAP] TRADER 0x23618e81E3f5cdF7f54C3d65f7FBc0aBf5B21E8f | 95.26 USDC | prot: NESSUNA | stima: 76.2435 MEVI | ricevuti: 73.5866 MEVI | ATTACCO: SI | perdita: 2.6570 MEVI | rimborso: NON ASSICURATO
[15:12:13][  SWAP] TRADER 0x15d34AAf54267DB7D7c367839AAf71A00a2C6A65 | 51.77 USDC | prot: HIGH | premio: 0.2847 MEVI | stima: 40.3980 MEVI | ricevuti: 39.6726 MEVI | ATTACCO: NO
[15:12:13][  SWAP] TRADER 0x90F79bf6EB2c4f870365E785982E1f101E93b906 | 51.51 USDC | prot: HIGH | premio: 0.2833 MEVI | stima: 41.5497 MEVI | ricevuti: 40.1969 MEVI | ATTACCO: NO
[15:12:13][  SWAP] TRADER 0xBcd4042DE499D14e55001CcbB24a551F3b954096 | 65.37 USDC | prot: NESSUNA | stima: 50.8888 MEVI | ricevuti: 49.0834 MEVI | ATTACCO: NO
[15:12:13][  SWAP] TRADER 0x976EA74026E726554dB657fA54763abd0C3a0aa9 | 70.75 USDC | prot: HIGH | premio: 0.3891 MEVI | stima: 55.0251 MEVI | ricevuti: 51.8919 MEVI | ATTACCO: NO
[15:12:26][  SWAP] TRADER 0x71bE63f3384f5fb98995898A86B02Fb2426c5788 | 138.73 USDC | prot: NESSUNA | stima: 134.9847 MEVI | ricevuti: 134.9847 MEVI | ATTACCO: NO
[15:12:26][  SWAP] TRADER 0x14dC79964da2C08b23698B3D3cc7Ca32193d9955 | 128.17 USDC | prot: NESSUNA | stima: 124.9666 MEVI | ricevuti: 118.3901 MEVI | ATTACCO: NO
[15:12:27][ATTACK] INSURED ATTACK | victim=0x9965507D1a55bc | swap=132.7900 USDC | loss_sandwich=3.9592 MEVI (3.56%)
[15:12:31][  SWAP] TRADER 0xa0Ee7A142d267C1f36714E4a8F75612F20a79720 | 132.06 USDC | prot: NESSUNA | stima: 116.1037 MEVI | ricevuti: 116.1037 MEVI | ATTACCO: NO
[15:12:36][  SWAP] TRADER 0x3C44CdDdB6a900fa2b585dd299e03d12FA4293BC | 66.73 USDC | prot: HIGH | premio: 0.3669 MEVI | stima: 59.3859 MEVI | ricevuti: 53.9416 MEVI | ATTACCO: NO
[15:12:36][  SWAP] TRADER 0x23618e81E3f5cdF7f54C3d65f7FBc0aBf5B21E8f | 77.74 USDC | prot: NESSUNA | stima: 65.7288 MEVI | ricevuti: 61.2411 MEVI | ATTACCO: NO
[15:12:39][  SWAP] TRADER 0xBcd4042DE499D14e55001CcbB24a551F3b954096 | 62.50 USDC | prot: NESSUNA | stima: 48.0315 MEVI | ricevuti: 48.0315 MEVI | ATTACCO: NO
[15:12:42][  SWAP] TRADER 0x90F79bf6EB2c4f870365E785982E1f101E93b906 | 74.61 USDC | prot: HIGH | premio: 0.4103 MEVI | stima: 57.2173 MEVI | ricevuti: 53.0901 MEVI | ATTACCO: NO
[15:12:42][  SWAP] TRADER 0x976EA74026E726554dB657fA54763abd0C3a0aa9 | 77.42 USDC | prot: HIGH | premio: 0.4257 MEVI | stima: 59.3432 MEVI | ricevuti: 58.0653 MEVI | ATTACCO: NO
[15:12:42][  SWAP] TRADER 0x15d34AAf54267DB7D7c367839AAf71A00a2C6A65 | 77.85 USDC | prot: HIGH | premio: 0.4281 MEVI | stima: 59.6683 MEVI | ricevuti: 56.8487 MEVI | ATTACCO: NO
[15:12:44][  SWAP] TRADER 0x9965507D1a55bcC2695C58ba16FB37d819B0A4dc | 132.79 USDC | prot: HIGH | premio: 0.7302 MEVI | stima: 116.7297 MEVI | ricevuti: 107.1967 MEVI | ATTACCO: SI | perdita: 3.9592 MEVI | rimborso: 3.9692 MEVI
[15:12:49][  SWAP] TRADER 0x14dC79964da2C08b23698B3D3cc7Ca32193d9955 | 131.61 USDC | prot: NESSUNA | stima: 90.4817 MEVI | ricevuti: 90.4817 MEVI | ATTACCO: NO
[15:12:49][  SWAP] TRADER 0x71bE63f3384f5fb98995898A86B02Fb2426c5788 | 141.52 USDC | prot: NESSUNA | stima: 97.1369 MEVI | ricevuti: 93.0347 MEVI | ATTACCO: NO
[15:12:53][ATTACK] NAKED ATTACK | victim=0x23618e81E3f5cd | swap=67.1200 USDC | loss_sandwich=2.3996 MEVI (3.78%)
[15:12:56][  SWAP] TRADER 0xa0Ee7A142d267C1f36714E4a8F75612F20a79720 | 107.62 USDC | prot: NESSUNA | stima: 105.3524 MEVI | ricevuti: 105.3524 MEVI | ATTACCO: NO
[15:13:01][  SWAP] TRADER 0x23618e81E3f5cdF7f54C3d65f7FBc0aBf5B21E8f | 67.12 USDC | prot: NESSUNA | stima: 63.4870 MEVI | ricevuti: 61.0874 MEVI | ATTACCO: SI | perdita: 2.3996 MEVI | rimborso: NON ASSICURATO
[15:13:02][ATTACK] INSURED ATTACK | victim=0x976EA74026E726 | swap=68.0100 USDC | loss_sandwich=3.9224 MEVI (6.64%)
[15:13:04][  SWAP] TRADER 0xBcd4042DE499D14e55001CcbB24a551F3b954096 | 99.26 USDC | prot: NESSUNA | stima: 90.9799 MEVI | ricevuti: 90.9799 MEVI | ATTACCO: NO
[15:13:04][  SWAP] TRADER 0x3C44CdDdB6a900fa2b585dd299e03d12FA4293BC | 58.01 USDC | prot: HIGH | premio: 0.3190 MEVI | stima: 54.9669 MEVI | ricevuti: 51.6022 MEVI | ATTACCO: NO
[15:13:08][  POOL] POOL UPDATE | mevi=104.1027 MEVI | eth=3.290000 ETH
[15:13:10][  SWAP] TRADER 0x15d34AAf54267DB7D7c367839AAf71A00a2C6A65 | 83.04 USDC | prot: HIGH | premio: 0.4566 MEVI | stima: 71.9427 MEVI | ricevuti: 65.5591 MEVI | ATTACCO: NO
[15:13:10][  SWAP] TRADER 0x90F79bf6EB2c4f870365E785982E1f101E93b906 | 87.44 USDC | prot: HIGH | premio: 0.4808 MEVI | stima: 75.6932 MEVI | ricevuti: 72.9528 MEVI | ATTACCO: NO
[15:13:13][  SWAP] TRADER 0x9965507D1a55bcC2695C58ba16FB37d819B0A4dc | 129.73 USDC | prot: HIGH | premio: 0.7134 MEVI | stima: 111.4320 MEVI | ricevuti: 102.4806 MEVI | ATTACCO: NO
[15:13:14][  SWAP] TRADER 0x14dC79964da2C08b23698B3D3cc7Ca32193d9955 | 147.74 USDC | prot: NESSUNA | stima: 116.3394 MEVI | ricevuti: 111.1613 MEVI | ATTACCO: NO
[15:13:14][  SWAP] TRADER 0x71bE63f3384f5fb98995898A86B02Fb2426c5788 | 127.58 USDC | prot: NESSUNA | stima: 100.8203 MEVI | ricevuti: 91.5629 MEVI | ATTACCO: NO
[15:13:19][  SWAP] TRADER 0x976EA74026E726554dB657fA54763abd0C3a0aa9 | 68.01 USDC | prot: HIGH | premio: 0.3740 MEVI | stima: 59.0853 MEVI | ricevuti: 55.1629 MEVI | ATTACCO: SI | perdita: 3.9224 MEVI | rimborso: 3.9324 MEVI
[15:13:22][  SWAP] TRADER 0xa0Ee7A142d267C1f36714E4a8F75612F20a79720 | 145.28 USDC | prot: NESSUNA | stima: 99.6108 MEVI | ricevuti: 99.6108 MEVI | ATTACCO: NO
[15:13:24][  SWAP] TRADER 0x23618e81E3f5cdF7f54C3d65f7FBc0aBf5B21E8f | 95.28 USDC | prot: NESSUNA | stima: 93.4983 MEVI | ricevuti: 93.4983 MEVI | ATTACCO: NO
[15:13:27][  SWAP] TRADER 0xBcd4042DE499D14e55001CcbB24a551F3b954096 | 67.61 USDC | prot: NESSUNA | stima: 64.2525 MEVI | ricevuti: 64.2525 MEVI | ATTACCO: NO
[15:13:27][  SWAP] TRADER 0x3C44CdDdB6a900fa2b585dd299e03d12FA4293BC | 52.56 USDC | prot: HIGH | premio: 0.2890 MEVI | stima: 50.0959 MEVI | ricevuti: 48.7990 MEVI | ATTACCO: NO
[15:13:32][ATTACK] NAKED ATTACK | victim=0x71bE63f3384f5f | swap=135.5000 USDC | loss_sandwich=8.9397 MEVI (7.63%)
[15:13:38][  SWAP] TRADER 0x15d34AAf54267DB7D7c367839AAf71A00a2C6A65 | 94.43 USDC | prot: HIGH | premio: 0.5193 MEVI | stima: 85.2459 MEVI | ricevuti: 85.2459 MEVI | ATTACCO: NO
[15:13:39][  SWAP] TRADER 0x14dC79964da2C08b23698B3D3cc7Ca32193d9955 | 117.68 USDC | prot: NESSUNA | stima: 105.7715 MEVI | ricevuti: 98.3833 MEVI | ATTACCO: NO
[15:13:39][  SWAP] TRADER 0x71bE63f3384f5fb98995898A86B02Fb2426c5788 | 135.50 USDC | prot: NESSUNA | stima: 121.3827 MEVI | ricevuti: 108.2168 MEVI | ATTACCO: SI | perdita: 8.9397 MEVI | rimborso: NON ASSICURATO
[15:13:39][  SWAP] TRADER 0x90F79bf6EB2c4f870365E785982E1f101E93b906 | 82.34 USDC | prot: HIGH | premio: 0.4528 MEVI | stima: 74.5014 MEVI | ricevuti: 63.2673 MEVI | ATTACCO: NO
[15:13:41][  SWAP] TRADER 0x9965507D1a55bcC2695C58ba16FB37d819B0A4dc | 126.22 USDC | prot: HIGH | premio: 0.6941 MEVI | stima: 113.2659 MEVI | ricevuti: 97.2380 MEVI | ATTACCO: NO
[15:13:47][  SWAP] TRADER 0xa0Ee7A142d267C1f36714E4a8F75612F20a79720 | 123.96 USDC | prot: NESSUNA | stima: 91.4365 MEVI | ricevuti: 91.4365 MEVI | ATTACCO: NO
[15:13:48][  SWAP] TRADER 0x976EA74026E726554dB657fA54763abd0C3a0aa9 | 70.53 USDC | prot: HIGH | premio: 0.3961 MEVI | stima: 52.5017 MEVI | ricevuti: 50.3257 MEVI | ATTACCO: NO
[15:13:50][  SWAP] TRADER 0x23618e81E3f5cdF7f54C3d65f7FBc0aBf5B21E8f | 93.84 USDC | prot: NESSUNA | stima: 66.6972 MEVI | ricevuti: 65.1386 MEVI | ATTACCO: NO
[15:13:53][  SWAP] TRADER 0xBcd4042DE499D14e55001CcbB24a551F3b954096 | 68.85 USDC | prot: NESSUNA | stima: 46.5209 MEVI | ricevuti: 46.5209 MEVI | ATTACCO: NO
[15:13:56][  SWAP] TRADER 0x3C44CdDdB6a900fa2b585dd299e03d12FA4293BC | 76.69 USDC | prot: HIGH | premio: 0.4307 MEVI | stima: 51.7519 MEVI | ricevuti: 75.5315 MEVI | ATTACCO: NO
[15:14:00][ATTACK] INSURED ATTACK | victim=0x90F79bf6EB2c4f | swap=64.8800 USDC | loss_sandwich=1.9315 MEVI (3.56%)
[15:14:05][  SWAP] TRADER 0x14dC79964da2C08b23698B3D3cc7Ca32193d9955 | 134.88 USDC | prot: NESSUNA | stima: 127.4496 MEVI | ricevuti: 127.4496 MEVI | ATTACCO: NO
[15:14:05][  SWAP] TRADER 0x71bE63f3384f5fb98995898A86B02Fb2426c5788 | 129.34 USDC | prot: NESSUNA | stima: 122.3448 MEVI | ricevuti: 116.1687 MEVI | ATTACCO: NO
[15:14:06][  SWAP] TRADER 0x15d34AAf54267DB7D7c367839AAf71A00a2C6A65 | 94.42 USDC | prot: HIGH | premio: 0.5303 MEVI | stima: 89.9165 MEVI | ricevuti: 81.3135 MEVI | ATTACCO: NO
[15:14:08][ATTACK] NAKED ATTACK | victim=0x23618e81E3f5cd | swap=59.7700 USDC | loss_sandwich=1.5097 MEVI (3.37%)
[15:14:09][  SWAP] TRADER 0x9965507D1a55bcC2695C58ba16FB37d819B0A4dc | 108.61 USDC | prot: HIGH | premio: 0.6100 MEVI | stima: 103.1467 MEVI | ricevuti: 88.0577 MEVI | ATTACCO: NO
[15:14:12][  SWAP] TRADER 0xa0Ee7A142d267C1f36714E4a8F75612F20a79720 | 140.97 USDC | prot: NESSUNA | stima: 109.3319 MEVI | ricevuti: 109.3319 MEVI | ATTACCO: NO
[15:14:15][  SWAP] TRADER 0x23618e81E3f5cdF7f54C3d65f7FBc0aBf5B21E8f | 59.77 USDC | prot: NESSUNA | stima: 44.7536 MEVI | ricevuti: 43.2439 MEVI | ATTACCO: SI | perdita: 1.5097 MEVI | rimborso: NON ASSICURATO
[15:14:17][  SWAP] TRADER 0x976EA74026E726554dB657fA54763abd0C3a0aa9 | 73.99 USDC | prot: HIGH | premio: 0.4155 MEVI | stima: 58.0608 MEVI | ricevuti: 54.1604 MEVI | ATTACCO: NO
[15:14:17][  SWAP] TRADER 0xBcd4042DE499D14e55001CcbB24a551F3b954096 | 66.20 USDC | prot: NESSUNA | stima: 48.5224 MEVI | ricevuti: 47.3159 MEVI | ATTACCO: NO
[15:14:18][  SWAP] TRADER 0x90F79bf6EB2c4f870365E785982E1f101E93b906 | 64.88 USDC | prot: HIGH | premio: 0.3644 MEVI | stima: 62.1405 MEVI | ricevuti: 52.3243 MEVI | ATTACCO: SI | perdita: 1.9315 MEVI | rimborso: 1.9415 MEVI
[15:14:22][  SWAP] TRADER 0x3C44CdDdB6a900fa2b585dd299e03d12FA4293BC | 67.95 USDC | prot: HIGH | premio: 0.3816 MEVI | stima: 47.4836 MEVI | ricevuti: 47.4836 MEVI | ATTACCO: NO
[15:14:29][  SWAP] TRADER 0x14dC79964da2C08b23698B3D3cc7Ca32193d9955 | 124.19 USDC | prot: NESSUNA | stima: 121.1801 MEVI | ricevuti: 121.1801 MEVI | ATTACCO: NO
[15:14:29][  SWAP] TRADER 0x71bE63f3384f5fb98995898A86B02Fb2426c5788 | 125.89 USDC | prot: NESSUNA | stima: 122.7982 MEVI | ricevuti: 116.9877 MEVI | ATTACCO: NO
[15:14:35][  SWAP] TRADER 0x15d34AAf54267DB7D7c367839AAf71A00a2C6A65 | 82.33 USDC | prot: HIGH | premio: 0.4624 MEVI | stima: 73.5205 MEVI | ricevuti: 73.5205 MEVI | ATTACCO: NO
[15:14:38][  SWAP] TRADER 0xa0Ee7A142d267C1f36714E4a8F75612F20a79720 | 125.32 USDC | prot: NESSUNA | stima: 107.6527 MEVI | ricevuti: 107.6527 MEVI | ATTACCO: NO
[15:14:39][  SWAP] TRADER 0x9965507D1a55bcC2695C58ba16FB37d819B0A4dc | 118.80 USDC | prot: HIGH | premio: 0.6672 MEVI | stima: 105.3675 MEVI | ricevuti: 97.5844 MEVI | ATTACCO: NO
[15:14:39][ATTACK] INSURED ATTACK | victim=0x90F79bf6EB2c4f | swap=75.4000 USDC | loss_sandwich=1.8765 MEVI (3.36%)
[15:14:42][  SWAP] TRADER 0xBcd4042DE499D14e55001CcbB24a551F3b954096 | 68.07 USDC | prot: NESSUNA | stima: 54.0628 MEVI | ricevuti: 53.0778 MEVI | ATTACCO: NO
[15:14:42][  SWAP] TRADER 0x23618e81E3f5cdF7f54C3d65f7FBc0aBf5B21E8f | 51.82 USDC | prot: NESSUNA | stima: 41.2755 MEVI | ricevuti: 41.2755 MEVI | ATTACCO: NO
[15:14:45][  SWAP] TRADER 0x976EA74026E726554dB657fA54763abd0C3a0aa9 | 73.13 USDC | prot: HIGH | premio: 0.4107 MEVI | stima: 58.0296 MEVI | ricevuti: 55.6278 MEVI | ATTACCO: NO
[15:14:47][ATTACK] NAKED ATTACK | victim=0x14dC79964da2C0 | swap=138.2000 USDC | loss_sandwich=3.1046 MEVI (3.25%)
[15:14:51][  SWAP] TRADER 0x3C44CdDdB6a900fa2b585dd299e03d12FA4293BC | 98.59 USDC | prot: HIGH | premio: 0.5537 MEVI | stima: 72.7998 MEVI | ricevuti: 70.9866 MEVI | ATTACCO: NO
[15:14:54][  SWAP] TRADER 0x14dC79964da2C08b23698B3D3cc7Ca32193d9955 | 138.20 USDC | prot: NESSUNA | stima: 95.6312 MEVI | ricevuti: 92.5267 MEVI | ATTACCO: SI | perdita: 3.1046 MEVI | rimborso: NON ASSICURATO
[15:14:54][  SWAP] TRADER 0x71bE63f3384f5fb98995898A86B02Fb2426c5788 | 143.13 USDC | prot: NESSUNA | stima: 98.9624 MEVI | ricevuti: 91.5639 MEVI | ATTACCO: NO
[15:14:56][  SWAP] TRADER 0x90F79bf6EB2c4f870365E785982E1f101E93b906 | 75.40 USDC | prot: HIGH | premio: 0.4234 MEVI | stima: 59.8068 MEVI | ricevuti: 54.0205 MEVI | ATTACCO: SI | perdita: 1.8765 MEVI | rimborso: 1.8865 MEVI
[15:15:01][  SWAP] TRADER 0x15d34AAf54267DB7D7c367839AAf71A00a2C6A65 | 97.42 USDC | prot: HIGH | premio: 0.5357 MEVI | stima: 98.1855 MEVI | ricevuti: 98.1855 MEVI | ATTACCO: NO
[15:15:01][  SWAP] TRADER 0xa0Ee7A142d267C1f36714E4a8F75612F20a79720 | 121.34 USDC | prot: NESSUNA | stima: 117.0995 MEVI | ricevuti: 117.0995 MEVI | ATTACCO: NO
[15:15:04][  SWAP] TRADER 0x9965507D1a55bcC2695C58ba16FB37d819B0A4dc | 146.16 USDC | prot: HIGH | premio: 0.8037 MEVI | stima: 133.9288 MEVI | ricevuti: 133.9288 MEVI | ATTACCO: NO
[15:15:07][  SWAP] TRADER 0x23618e81E3f5cdF7f54C3d65f7FBc0aBf5B21E8f | 58.75 USDC | prot: NESSUNA | stima: 51.7739 MEVI | ricevuti: 51.7739 MEVI | ATTACCO: NO
[15:15:07][  SWAP] TRADER 0xBcd4042DE499D14e55001CcbB24a551F3b954096 | 50.44 USDC | prot: NESSUNA | stima: 44.5197 MEVI | ricevuti: 43.5529 MEVI | ATTACCO: NO
[15:15:08][  POOL] POOL UPDATE | mevi=105.6736 MEVI | eth=3.236000 ETH
[15:15:13][  SWAP] TRADER 0x976EA74026E726554dB657fA54763abd0C3a0aa9 | 71.08 USDC | prot: HIGH | premio: 0.3909 MEVI | stima: 60.0129 MEVI | ricevuti: 60.0129 MEVI | ATTACCO: NO
[15:15:19][  SWAP] TRADER 0x3C44CdDdB6a900fa2b585dd299e03d12FA4293BC | 98.24 USDC | prot: HIGH | premio: 0.5402 MEVI | stima: 80.4252 MEVI | ricevuti: 76.5677 MEVI | ATTACCO: NO
[15:15:19][  SWAP] TRADER 0x71bE63f3384f5fb98995898A86B02Fb2426c5788 | 104.77 USDC | prot: NESSUNA | stima: 85.6708 MEVI | ricevuti: 78.8077 MEVI | ATTACCO: NO
[15:15:19][  SWAP] TRADER 0x14dC79964da2C08b23698B3D3cc7Ca32193d9955 | 137.49 USDC | prot: NESSUNA | stima: 111.7708 MEVI | ricevuti: 111.7708 MEVI | ATTACCO: NO
[15:15:25][ATTACK] NAKED ATTACK | victim=0xBcd4042DE499D1 | swap=69.0300 USDC | loss_sandwich=2.1119 MEVI (3.59%)
[15:15:25][  SWAP] TRADER 0x90F79bf6EB2c4f870365E785982E1f101E93b906 | 93.75 USDC | prot: HIGH | premio: 0.5155 MEVI | stima: 68.1503 MEVI | ricevuti: 68.1503 MEVI | ATTACCO: NO
[15:15:27][  SWAP] TRADER 0xa0Ee7A142d267C1f36714E4a8F75612F20a79720 | 142.40 USDC | prot: NESSUNA | stima: 102.6708 MEVI | ricevuti: 138.4568 MEVI | ATTACCO: NO
[15:15:30][  SWAP] TRADER 0x15d34AAf54267DB7D7c367839AAf71A00a2C6A65 | 96.86 USDC | prot: HIGH | premio: 0.5326 MEVI | stima: 70.3740 MEVI | ricevuti: 89.8770 MEVI | ATTACCO: NO
[15:15:30][  SWAP] TRADER 0x9965507D1a55bcC2695C58ba16FB37d819B0A4dc | 144.04 USDC | prot: HIGH | premio: 0.7921 MEVI | stima: 132.4628 MEVI | ricevuti: 127.6746 MEVI | ATTACCO: NO
[15:15:33][  SWAP] TRADER 0xBcd4042DE499D14e55001CcbB24a551F3b954096 | 69.03 USDC | prot: NESSUNA | stima: 58.7959 MEVI | ricevuti: 56.6840 MEVI | ATTACCO: SI | perdita: 2.1119 MEVI | rimborso: NON ASSICURATO
[15:15:33][  SWAP] TRADER 0x23618e81E3f5cdF7f54C3d65f7FBc0aBf5B21E8f | 79.27 USDC | prot: NESSUNA | stima: 67.3912 MEVI | ricevuti: 63.3785 MEVI | ATTACCO: NO
[15:15:40][ATTACK] INSURED ATTACK | victim=0x3C44CdDdB6a900 | swap=77.3100 USDC | loss_sandwich=1.8525 MEVI (3.32%)
[15:15:42][  SWAP] TRADER 0x976EA74026E726554dB657fA54763abd0C3a0aa9 | 65.69 USDC | prot: HIGH | premio: 0.3612 MEVI | stima: 53.1248 MEVI | ricevuti: 53.1248 MEVI | ATTACCO: NO
[15:15:45][  SWAP] TRADER 0x14dC79964da2C08b23698B3D3cc7Ca32193d9955 | 149.94 USDC | prot: NESSUNA | stima: 116.7064 MEVI | ricevuti: 116.7064 MEVI | ATTACCO: NO
[15:15:46][  SWAP] TRADER 0x71bE63f3384f5fb98995898A86B02Fb2426c5788 | 100.24 USDC | prot: NESSUNA | stima: 78.7033 MEVI | ricevuti: 74.6816 MEVI | ATTACCO: NO
[15:15:54][  SWAP] TRADER 0xa0Ee7A142d267C1f36714E4a8F75612F20a79720 | 113.62 USDC | prot: NESSUNA | stima: 79.5555 MEVI | ricevuti: 79.5555 MEVI | ATTACCO: NO
[15:15:54][  SWAP] TRADER 0x90F79bf6EB2c4f870365E785982E1f101E93b906 | 76.10 USDC | prot: HIGH | premio: 0.4185 MEVI | stima: 53.6179 MEVI | ricevuti: 51.6295 MEVI | ATTACCO: NO
[15:15:58][  SWAP] TRADER 0x3C44CdDdB6a900fa2b585dd299e03d12FA4293BC | 77.31 USDC | prot: HIGH | premio: 0.4251 MEVI | stima: 60.9453 MEVI | ricevuti: 54.0182 MEVI | ATTACCO: SI | perdita: 1.8525 MEVI | rimborso: 1.8625 MEVI
[15:15:58][  SWAP] TRADER 0x9965507D1a55bcC2695C58ba16FB37d819B0A4dc | 138.71 USDC | prot: HIGH | premio: 0.7628 MEVI | stima: 96.7209 MEVI | ricevuti: 131.1216 MEVI | ATTACCO: NO
[15:15:58][  SWAP] TRADER 0x23618e81E3f5cdF7f54C3d65f7FBc0aBf5B21E8f | 77.88 USDC | prot: NESSUNA | stima: 76.6855 MEVI | ricevuti: 70.6054 MEVI | ATTACCO: NO
[15:15:58][  SWAP] TRADER 0x15d34AAf54267DB7D7c367839AAf71A00a2C6A65 | 98.19 USDC | prot: HIGH | premio: 0.5399 MEVI | stima: 68.9279 MEVI | ricevuti: 86.1096 MEVI | ATTACCO: NO
[15:15:58][  SWAP] TRADER 0xBcd4042DE499D14e55001CcbB24a551F3b954096 | 73.76 USDC | prot: NESSUNA | stima: 72.6877 MEVI | ricevuti: 72.6877 MEVI | ATTACCO: NO
[15:16:04][ATTACK] NAKED ATTACK | victim=0x71bE63f3384f5f | swap=104.2500 USDC | loss_sandwich=5.9306 MEVI (6.95%)
[15:16:09][  SWAP] TRADER 0x976EA74026E726554dB657fA54763abd0C3a0aa9 | 86.47 USDC | prot: HIGH | premio: 0.4755 MEVI | stima: 73.2739 MEVI | ricevuti: 73.2739 MEVI | ATTACCO: NO
[15:16:12][  SWAP] TRADER 0x71bE63f3384f5fb98995898A86B02Fb2426c5788 | 104.25 USDC | prot: NESSUNA | stima: 85.3207 MEVI | ricevuti: 79.3901 MEVI | ATTACCO: SI | perdita: 5.9306 MEVI | rimborso: NON ASSICURATO
[15:16:12][  SWAP] TRADER 0x14dC79964da2C08b23698B3D3cc7Ca32193d9955 | 102.71 USDC | prot: NESSUNA | stima: 84.0836 MEVI | ricevuti: 81.1210 MEVI | ATTACCO: NO
[15:16:18][  SWAP] TRADER 0xa0Ee7A142d267C1f36714E4a8F75612F20a79720 | 149.00 USDC | prot: NESSUNA | stima: 112.6830 MEVI | ricevuti: 112.6830 MEVI | ATTACCO: NO
[15:16:19][ATTACK] INSURED ATTACK | victim=0x9965507D1a55bc | swap=144.2000 USDC | loss_sandwich=5.3520 MEVI (5.57%)
[15:16:21][  SWAP] TRADER 0x90F79bf6EB2c4f870365E785982E1f101E93b906 | 84.99 USDC | prot: HIGH | premio: 0.4674 MEVI | stima: 64.9889 MEVI | ricevuti: 61.7297 MEVI | ATTACCO: NO
[15:16:24][  SWAP] TRADER 0xBcd4042DE499D14e55001CcbB24a551F3b954096 | 61.27 USDC | prot: NESSUNA | stima: 43.4113 MEVI | ricevuti: 42.2048 MEVI | ATTACCO: NO
[15:16:24][  SWAP] TRADER 0x23618e81E3f5cdF7f54C3d65f7FBc0aBf5B21E8f | 84.31 USDC | prot: NESSUNA | stima: 59.5061 MEVI | ricevuti: 59.5061 MEVI | ATTACCO: NO
[15:16:27][  SWAP] TRADER 0x3C44CdDdB6a900fa2b585dd299e03d12FA4293BC | 78.19 USDC | prot: HIGH | premio: 0.4300 MEVI | stima: 55.2430 MEVI | ricevuti: 50.9493 MEVI | ATTACCO: NO
[15:16:28][  SWAP] TRADER 0x15d34AAf54267DB7D7c367839AAf71A00a2C6A65 | 84.95 USDC | prot: HIGH | premio: 0.4671 MEVI | stima: 59.9515 MEVI | ricevuti: 85.7454 MEVI | ATTACCO: NO
[15:16:36][  SWAP] TRADER 0x9965507D1a55bcC2695C58ba16FB37d819B0A4dc | 144.20 USDC | prot: HIGH | premio: 0.7930 MEVI | stima: 100.7697 MEVI | ricevuti: 90.6854 MEVI | ATTACCO: SI | perdita: 5.3520 MEVI | rimborso: 5.3620 MEVI
[15:16:37][  SWAP] TRADER 0x14dC79964da2C08b23698B3D3cc7Ca32193d9955 | 141.27 USDC | prot: NESSUNA | stima: 136.3421 MEVI | ricevuti: 136.3421 MEVI | ATTACCO: NO
[15:16:37][  SWAP] TRADER 0x71bE63f3384f5fb98995898A86B02Fb2426c5788 | 146.23 USDC | prot: NESSUNA | stima: 140.9935 MEVI | ricevuti: 133.4834 MEVI | ATTACCO: NO
[15:16:39][  SWAP] TRADER 0x976EA74026E726554dB657fA54763abd0C3a0aa9 | 93.07 USDC | prot: HIGH | premio: 0.5118 MEVI | stima: 90.6703 MEVI | ricevuti: 81.1924 MEVI | ATTACCO: NO
[15:16:41][  SWAP] TRADER 0xa0Ee7A142d267C1f36714E4a8F75612F20a79720 | 138.11 USDC | prot: NESSUNA | stima: 115.4549 MEVI | ricevuti: 115.4549 MEVI | ATTACCO: NO
[15:16:41][ATTACK] NAKED ATTACK | victim=0x23618e81E3f5cd | swap=50.3500 USDC | loss_sandwich=2.1703 MEVI (5.48%)
[15:16:44][  SWAP] TRADER 0x90F79bf6EB2c4f870365E785982E1f101E93b906 | 75.79 USDC | prot: HIGH | premio: 0.4168 MEVI | stima: 60.9436 MEVI | ricevuti: 60.9436 MEVI | ATTACCO: NO
[15:16:49][  SWAP] TRADER 0xBcd4042DE499D14e55001CcbB24a551F3b954096 | 61.24 USDC | prot: NESSUNA | stima: 48.0548 MEVI | ricevuti: 46.3962 MEVI | ATTACCO: NO
[15:16:49][  SWAP] TRADER 0x23618e81E3f5cdF7f54C3d65f7FBc0aBf5B21E8f | 50.35 USDC | prot: NESSUNA | stima: 39.5854 MEVI | ricevuti: 37.4151 MEVI | ATTACCO: SI | perdita: 2.1703 MEVI | rimborso: NON ASSICURATO
[15:16:55][  SWAP] TRADER 0x3C44CdDdB6a900fa2b585dd299e03d12FA4293BC | 87.66 USDC | prot: HIGH | premio: 0.4820 MEVI | stima: 65.9105 MEVI | ricevuti: 65.9105 MEVI | ATTACCO: NO
[15:16:56][  SWAP] TRADER 0x15d34AAf54267DB7D7c367839AAf71A00a2C6A65 | 76.66 USDC | prot: HIGH | premio: 0.4216 MEVI | stima: 57.7491 MEVI | ricevuti: 56.0309 MEVI | ATTACCO: NO
[15:16:59][ATTACK] INSURED ATTACK | victim=0x976EA74026E726 | swap=95.6700 USDC | loss_sandwich=5.8527 MEVI (7.17%)
[15:17:02][  SWAP] TRADER 0x14dC79964da2C08b23698B3D3cc7Ca32193d9955 | 119.07 USDC | prot: NESSUNA | stima: 116.3004 MEVI | ricevuti: 111.6941 MEVI | ATTACCO: NO
[15:17:02][  SWAP] TRADER 0x71bE63f3384f5fb98995898A86B02Fb2426c5788 | 103.26 USDC | prot: NESSUNA | stima: 101.1706 MEVI | ricevuti: 101.1706 MEVI | ATTACCO: NO
[15:17:05][  SWAP] TRADER 0x9965507D1a55bcC2695C58ba16FB37d819B0A4dc | 142.89 USDC | prot: HIGH | premio: 0.7858 MEVI | stima: 138.9199 MEVI | ricevuti: 127.4941 MEVI | ATTACCO: NO
[15:17:07][  SWAP] TRADER 0xa0Ee7A142d267C1f36714E4a8F75612F20a79720 | 105.13 USDC | prot: NESSUNA | stima: 94.4674 MEVI | ricevuti: 86.3329 MEVI | ATTACCO: NO
[15:17:08][  POOL] POOL UPDATE | mevi=109.4826 MEVI | eth=3.200000 ETH
[15:17:10][  SWAP] TRADER 0x90F79bf6EB2c4f870365E785982E1f101E93b906 | 67.03 USDC | prot: HIGH | premio: 0.3686 MEVI | stima: 53.5683 MEVI | ricevuti: 53.5683 MEVI | ATTACCO: NO
[15:17:14][  SWAP] TRADER 0xBcd4042DE499D14e55001CcbB24a551F3b954096 | 61.14 USDC | prot: NESSUNA | stima: 47.7601 MEVI | ricevuti: 47.7601 MEVI | ATTACCO: NO
[15:17:14][  SWAP] TRADER 0x23618e81E3f5cdF7f54C3d65f7FBc0aBf5B21E8f | 92.30 USDC | prot: NESSUNA | stima: 71.7082 MEVI | ricevuti: 70.1871 MEVI | ATTACCO: NO
[15:17:17][  SWAP] TRADER 0x976EA74026E726554dB657fA54763abd0C3a0aa9 | 95.67 USDC | prot: HIGH | premio: 0.5261 MEVI | stima: 93.8738 MEVI | ricevuti: 75.7801 MEVI | ATTACCO: SI | perdita: 5.8527 MEVI | rimborso: 5.8627 MEVI
[15:17:20][ATTACK] NAKED ATTACK | victim=0x71bE63f3384f5f | swap=136.4900 USDC | loss_sandwich=3.1141 MEVI (3.26%)
[15:17:21][  SWAP] TRADER 0x3C44CdDdB6a900fa2b585dd299e03d12FA4293BC | 72.59 USDC | prot: HIGH | premio: 0.4077 MEVI | stima: 53.6440 MEVI | ricevuti: 52.5745 MEVI | ATTACCO: NO
[15:17:21][  SWAP] TRADER 0x15d34AAf54267DB7D7c367839AAf71A00a2C6A65 | 58.86 USDC | prot: HIGH | premio: 0.3306 MEVI | stima: 43.5998 MEVI | ricevuti: 43.5998 MEVI | ATTACCO: NO
[15:17:28][  SWAP] TRADER 0x71bE63f3384f5fb98995898A86B02Fb2426c5788 | 136.49 USDC | prot: NESSUNA | stima: 95.4377 MEVI | ricevuti: 92.3237 MEVI | ATTACCO: SI | perdita: 3.1141 MEVI | rimborso: NON ASSICURATO
[15:17:28][  SWAP] TRADER 0x14dC79964da2C08b23698B3D3cc7Ca32193d9955 | 106.59 USDC | prot: NESSUNA | stima: 74.9011 MEVI | ricevuti: 69.2969 MEVI | ATTACCO: NO
[15:17:30][  SWAP] TRADER 0x9965507D1a55bcC2695C58ba16FB37d819B0A4dc | 144.91 USDC | prot: HIGH | premio: 0.8138 MEVI | stima: 93.6518 MEVI | ricevuti: 140.8285 MEVI | ATTACCO: NO
[15:17:30][  SWAP] TRADER 0xa0Ee7A142d267C1f36714E4a8F75612F20a79720 | 105.67 USDC | prot: NESSUNA | stima: 103.4830 MEVI | ricevuti: 97.7927 MEVI | ATTACCO: NO
[15:17:38][  SWAP] TRADER 0x90F79bf6EB2c4f870365E785982E1f101E93b906 | 59.67 USDC | prot: HIGH | premio: 0.3281 MEVI | stima: 53.5025 MEVI | ricevuti: 53.5025 MEVI | ATTACCO: NO
[15:17:40][  SWAP] TRADER 0x23618e81E3f5cdF7f54C3d65f7FBc0aBf5B21E8f | 87.26 USDC | prot: NESSUNA | stima: 77.8363 MEVI | ricevuti: 74.0775 MEVI | ATTACCO: NO
[15:17:40][  SWAP] TRADER 0xBcd4042DE499D14e55001CcbB24a551F3b954096 | 72.98 USDC | prot: NESSUNA | stima: 65.2731 MEVI | ricevuti: 63.8243 MEVI | ATTACCO: NO
[15:17:46][  SWAP] TRADER 0x976EA74026E726554dB657fA54763abd0C3a0aa9 | 73.82 USDC | prot: HIGH | premio: 0.4059 MEVI | stima: 60.8472 MEVI | ricevuti: 60.8472 MEVI | ATTACCO: NO
[15:17:50][  SWAP] TRADER 0x3C44CdDdB6a900fa2b585dd299e03d12FA4293BC | 52.86 USDC | prot: HIGH | premio: 0.2907 MEVI | stima: 43.7359 MEVI | ricevuti: 42.5845 MEVI | ATTACCO: NO
[15:17:50][  SWAP] TRADER 0x15d34AAf54267DB7D7c367839AAf71A00a2C6A65 | 86.95 USDC | prot: HIGH | premio: 0.4781 MEVI | stima: 71.5004 MEVI | ricevuti: 68.3247 MEVI | ATTACCO: NO
[15:17:53][  SWAP] TRADER 0x71bE63f3384f5fb98995898A86B02Fb2426c5788 | 117.36 USDC | prot: NESSUNA | stima: 88.9730 MEVI | ricevuti: 88.9730 MEVI | ATTACCO: NO
[15:17:53][  SWAP] TRADER 0x14dC79964da2C08b23698B3D3cc7Ca32193d9955 | 143.61 USDC | prot: NESSUNA | stima: 108.3832 MEVI | ricevuti: 104.0944 MEVI | ATTACCO: NO
[15:17:56][  SWAP] TRADER 0xa0Ee7A142d267C1f36714E4a8F75612F20a79720 | 112.00 USDC | prot: NESSUNA | stima: 77.7563 MEVI | ricevuti: 77.7563 MEVI | ATTACCO: NO
[15:17:58][ATTACK] NAKED ATTACK | victim=0xBcd4042DE499D1 | swap=60.3500 USDC | loss_sandwich=3.6365 MEVI (6.46%)
[15:18:01][  SWAP] TRADER 0x9965507D1a55bcC2695C58ba16FB37d819B0A4dc | 146.86 USDC | prot: HIGH | premio: 0.8076 MEVI | stima: 101.3745 MEVI | ricevuti: 142.6695 MEVI | ATTACCO: NO
[15:18:05][  SWAP] TRADER 0x23618e81E3f5cdF7f54C3d65f7FBc0aBf5B21E8f | 75.77 USDC | prot: NESSUNA | stima: 70.4702 MEVI | ricevuti: 67.8284 MEVI | ATTACCO: NO
[15:18:05][  SWAP] TRADER 0xBcd4042DE499D14e55001CcbB24a551F3b954096 | 60.35 USDC | prot: NESSUNA | stima: 56.2950 MEVI | ricevuti: 52.6585 MEVI | ATTACCO: SI | perdita: 3.6365 MEVI | rimborso: NON ASSICURATO
[15:18:06][  SWAP] TRADER 0x90F79bf6EB2c4f870365E785982E1f101E93b906 | 98.90 USDC | prot: HIGH | premio: 0.5439 MEVI | stima: 91.5768 MEVI | ricevuti: 87.0970 MEVI | ATTACCO: NO
[15:18:07][ATTACK] INSURED ATTACK | victim=0x976EA74026E726 | swap=73.7200 USDC | loss_sandwich=2.2594 MEVI (3.59%)
[15:18:15][  SWAP] TRADER 0x3C44CdDdB6a900fa2b585dd299e03d12FA4293BC | 70.95 USDC | prot: HIGH | premio: 0.3985 MEVI | stima: 60.5349 MEVI | ricevuti: 58.9551 MEVI | ATTACCO: NO
[15:18:15][  SWAP] TRADER 0x15d34AAf54267DB7D7c367839AAf71A00a2C6A65 | 63.79 USDC | prot: HIGH | premio: 0.3582 MEVI | stima: 54.4975 MEVI | ricevuti: 51.7267 MEVI | ATTACCO: NO
[15:18:19][  SWAP] TRADER 0x71bE63f3384f5fb98995898A86B02Fb2426c5788 | 107.84 USDC | prot: NESSUNA | stima: 84.8098 MEVI | ricevuti: 84.8098 MEVI | ATTACCO: NO
[15:18:19][  SWAP] TRADER 0x14dC79964da2C08b23698B3D3cc7Ca32193d9955 | 107.72 USDC | prot: NESSUNA | stima: 84.7172 MEVI | ricevuti: 81.5670 MEVI | ATTACCO: NO
[15:18:22][  SWAP] TRADER 0xa0Ee7A142d267C1f36714E4a8F75612F20a79720 | 115.19 USDC | prot: NESSUNA | stima: 83.9364 MEVI | ricevuti: 83.9364 MEVI | ATTACCO: NO
[15:18:25][  SWAP] TRADER 0x976EA74026E726554dB657fA54763abd0C3a0aa9 | 73.72 USDC | prot: HIGH | premio: 0.4140 MEVI | stima: 62.8663 MEVI | ricevuti: 60.6069 MEVI | ATTACCO: SI | perdita: 2.2594 MEVI | rimborso: 2.2694 MEVI
[15:18:29][  SWAP] TRADER 0x23618e81E3f5cdF7f54C3d65f7FBc0aBf5B21E8f | 90.63 USDC | prot: NESSUNA | stima: 63.7769 MEVI | ricevuti: 61.0405 MEVI | ATTACCO: NO
[15:18:29][  SWAP] TRADER 0x9965507D1a55bcC2695C58ba16FB37d819B0A4dc | 132.13 USDC | prot: HIGH | premio: 0.7266 MEVI | stima: 92.3427 MEVI | ricevuti: 92.3427 MEVI | ATTACCO: NO
[15:18:29][  SWAP] TRADER 0xBcd4042DE499D14e55001CcbB24a551F3b954096 | 50.33 USDC | prot: NESSUNA | stima: 35.6568 MEVI | ricevuti: 33.1258 MEVI | ATTACCO: NO
[15:18:29][  SWAP] TRADER 0x90F79bf6EB2c4f870365E785982E1f101E93b906 | 62.18 USDC | prot: HIGH | premio: 0.3419 MEVI | stima: 61.4162 MEVI | ricevuti: 61.4162 MEVI | ATTACCO: NO
[15:18:44][  SWAP] TRADER 0x71bE63f3384f5fb98995898A86B02Fb2426c5788 | 123.16 USDC | prot: NESSUNA | stima: 117.2992 MEVI | ricevuti: 108.6401 MEVI | ATTACCO: NO
[15:18:44][  SWAP] TRADER 0x15d34AAf54267DB7D7c367839AAf71A00a2C6A65 | 51.67 USDC | prot: HIGH | premio: 0.2841 MEVI | stima: 49.8991 MEVI | ricevuti: 44.1128 MEVI | ATTACCO: NO
[15:18:44][  SWAP] TRADER 0x3C44CdDdB6a900fa2b585dd299e03d12FA4293BC | 69.30 USDC | prot: HIGH | premio: 0.3811 MEVI | stima: 66.6950 MEVI | ricevuti: 66.6950 MEVI | ATTACCO: NO
[15:18:44][  SWAP] TRADER 0x14dC79964da2C08b23698B3D3cc7Ca32193d9955 | 130.95 USDC | prot: NESSUNA | stima: 124.5314 MEVI | ricevuti: 121.2318 MEVI | ATTACCO: NO
[15:18:47][ATTACK] NAKED ATTACK | victim=0x23618e81E3f5cd | swap=92.2200 USDC | loss_sandwich=2.4583 MEVI (3.43%)
[15:18:47][  SWAP] TRADER 0xa0Ee7A142d267C1f36714E4a8F75612F20a79720 | 133.20 USDC | prot: NESSUNA | stima: 109.9444 MEVI | ricevuti: 109.9444 MEVI | ATTACCO: NO
[15:18:53][  SWAP] TRADER 0x976EA74026E726554dB657fA54763abd0C3a0aa9 | 58.27 USDC | prot: HIGH | premio: 0.3204 MEVI | stima: 46.4605 MEVI | ricevuti: 46.4605 MEVI | ATTACCO: NO
[15:18:55][  SWAP] TRADER 0xBcd4042DE499D14e55001CcbB24a551F3b954096 | 58.34 USDC | prot: NESSUNA | stima: 46.5157 MEVI | ricevuti: 42.6175 MEVI | ATTACCO: NO
[15:18:55][  SWAP] TRADER 0x23618e81E3f5cdF7f54C3d65f7FBc0aBf5B21E8f | 92.22 USDC | prot: NESSUNA | stima: 73.0890 MEVI | ricevuti: 69.1374 MEVI | ATTACCO: SI | perdita: 2.4583 MEVI | rimborso: NON ASSICURATO
[15:18:58][  SWAP] TRADER 0x9965507D1a55bcC2695C58ba16FB37d819B0A4dc | 141.43 USDC | prot: HIGH | premio: 0.7777 MEVI | stima: 111.1247 MEVI | ricevuti: 103.4815 MEVI | ATTACCO: NO
[15:18:58][  SWAP] TRADER 0x90F79bf6EB2c4f870365E785982E1f101E93b906 | 78.52 USDC | prot: HIGH | premio: 0.4318 MEVI | stima: 62.3820 MEVI | ricevuti: 55.3437 MEVI | ATTACCO: NO
[15:19:05][ATTACK] INSURED ATTACK | victim=0x15d34AAf54267D | swap=55.0800 USDC | loss_sandwich=1.8318 MEVI (3.69%)
[15:19:08][  POOL] POOL UPDATE | mevi=110.8604 MEVI | eth=3.164000 ETH
[15:19:10][  SWAP] TRADER 0x71bE63f3384f5fb98995898A86B02Fb2426c5788 | 106.17 USDC | prot: NESSUNA | stima: 103.9625 MEVI | ricevuti: 98.6591 MEVI | ATTACCO: NO
[15:19:10][  SWAP] TRADER 0x14dC79964da2C08b23698B3D3cc7Ca32193d9955 | 134.02 USDC | prot: NESSUNA | stima: 130.5215 MEVI | ricevuti: 130.5215 MEVI | ATTACCO: NO
[15:19:13][  SWAP] TRADER 0x3C44CdDdB6a900fa2b585dd299e03d12FA4293BC | 66.63 USDC | prot: HIGH | premio: 0.3664 MEVI | stima: 65.7538 MEVI | ricevuti: 56.5266 MEVI | ATTACCO: NO
[15:19:14][  SWAP] TRADER 0xa0Ee7A142d267C1f36714E4a8F75612F20a79720 | 144.26 USDC | prot: NESSUNA | stima: 127.8196 MEVI | ricevuti: 122.3163 MEVI | ATTACCO: NO
[15:19:20][  SWAP] TRADER 0xBcd4042DE499D14e55001CcbB24a551F3b954096 | 82.96 USDC | prot: NESSUNA | stima: 67.4794 MEVI | ricevuti: 63.9153 MEVI | ATTACCO: NO
[15:19:20][  SWAP] TRADER 0x23618e81E3f5cdF7f54C3d65f7FBc0aBf5B21E8f | 99.99 USDC | prot: NESSUNA | stima: 81.0843 MEVI | ricevuti: 81.0843 MEVI | ATTACCO: NO
[15:19:20][  SWAP] TRADER 0x976EA74026E726554dB657fA54763abd0C3a0aa9 | 52.48 USDC | prot: HIGH | premio: 0.2886 MEVI | stima: 42.9213 MEVI | ricevuti: 41.4099 MEVI | ATTACCO: NO
[15:19:23][  SWAP] TRADER 0x15d34AAf54267DB7D7c367839AAf71A00a2C6A65 | 55.08 USDC | prot: HIGH | premio: 0.3029 MEVI | stima: 54.4798 MEVI | ricevuti: 47.7930 MEVI | ATTACCO: SI | perdita: 1.8318 MEVI | rimborso: 1.8418 MEVI
[15:19:26][  SWAP] TRADER 0x90F79bf6EB2c4f870365E785982E1f101E93b906 | 65.06 USDC | prot: HIGH | premio: 0.3578 MEVI | stima: 48.8460 MEVI | ricevuti: 48.8460 MEVI | ATTACCO: NO
[15:19:26][  SWAP] TRADER 0x9965507D1a55bcC2695C58ba16FB37d819B0A4dc | 122.46 USDC | prot: HIGH | premio: 0.6734 MEVI | stima: 91.0405 MEVI | ricevuti: 89.0314 MEVI | ATTACCO: NO
[15:19:32][ATTACK] NAKED ATTACK | victim=0xa0Ee7A142d267C | swap=147.1000 USDC | loss_sandwich=5.0259 MEVI (3.72%)
[15:19:34][  SWAP] TRADER 0x71bE63f3384f5fb98995898A86B02Fb2426c5788 | 147.19 USDC | prot: NESSUNA | stima: 142.9809 MEVI | ricevuti: 142.9809 MEVI | ATTACCO: NO
[15:19:40][  SWAP] TRADER 0xa0Ee7A142d267C1f36714E4a8F75612F20a79720 | 147.10 USDC | prot: NESSUNA | stima: 134.9506 MEVI | ricevuti: 129.9247 MEVI | ATTACCO: SI | perdita: 5.0259 MEVI | rimborso: NON ASSICURATO
[15:19:41][  SWAP] TRADER 0x3C44CdDdB6a900fa2b585dd299e03d12FA4293BC | 53.42 USDC | prot: HIGH | premio: 0.2938 MEVI | stima: 49.8907 MEVI | ricevuti: 47.2518 MEVI | ATTACCO: NO
[15:19:44][ATTACK] INSURED ATTACK | victim=0x15d34AAf54267D | swap=82.9700 USDC | loss_sandwich=5.3221 MEVI (8.08%)
[15:19:46][  SWAP] TRADER 0x23618e81E3f5cdF7f54C3d65f7FBc0aBf5B21E8f | 92.50 USDC | prot: NESSUNA | stima: 79.6229 MEVI | ricevuti: 79.6229 MEVI | ATTACCO: NO
[15:19:47][  SWAP] TRADER 0xBcd4042DE499D14e55001CcbB24a551F3b954096 | 76.18 USDC | prot: NESSUNA | stima: 65.7724 MEVI | ricevuti: 63.5681 MEVI | ATTACCO: NO
[15:19:49][  SWAP] TRADER 0x976EA74026E726554dB657fA54763abd0C3a0aa9 | 57.97 USDC | prot: HIGH | premio: 0.3188 MEVI | stima: 50.2189 MEVI | ricevuti: 47.2077 MEVI | ATTACCO: NO
[15:19:52][  SWAP] TRADER 0x14dC79964da2C08b23698B3D3cc7Ca32193d9955 | 141.36 USDC | prot: NESSUNA | stima: 111.0984 MEVI | ricevuti: 107.2608 MEVI | ATTACCO: NO
[15:19:54][  SWAP] TRADER 0x9965507D1a55bcC2695C58ba16FB37d819B0A4dc | 104.22 USDC | prot: HIGH | premio: 0.5731 MEVI | stima: 82.4453 MEVI | ricevuti: 74.6074 MEVI | ATTACCO: NO
[15:19:55][  SWAP] TRADER 0x90F79bf6EB2c4f870365E785982E1f101E93b906 | 70.51 USDC | prot: HIGH | premio: 0.3877 MEVI | stima: 56.1117 MEVI | ricevuti: 51.9996 MEVI | ATTACCO: NO
[15:19:59][  SWAP] TRADER 0x71bE63f3384f5fb98995898A86B02Fb2426c5788 | 121.94 USDC | prot: NESSUNA | stima: 84.0475 MEVI | ricevuti: 84.0475 MEVI | ATTACCO: NO
[15:20:01][  SWAP] TRADER 0x15d34AAf54267DB7D7c367839AAf71A00a2C6A65 | 82.97 USDC | prot: HIGH | premio: 0.4563 MEVI | stima: 69.1488 MEVI | ricevuti: 60.5597 MEVI | ATTACCO: SI | perdita: 5.3221 MEVI | rimborso: 5.3321 MEVI
[15:20:04][ATTACK] NAKED ATTACK | victim=0xBcd4042DE499D1 | swap=52.4400 USDC | loss_sandwich=3.1905 MEVI (6.64%)
[15:20:05][  SWAP] TRADER 0xa0Ee7A142d267C1f36714E4a8F75612F20a79720 | 124.50 USDC | prot: NESSUNA | stima: 121.4753 MEVI | ricevuti: 121.4753 MEVI | ATTACCO: NO
[15:20:06][  SWAP] TRADER 0x3C44CdDdB6a900fa2b585dd299e03d12FA4293BC | 70.87 USDC | prot: HIGH | premio: 0.3897 MEVI | stima: 69.8795 MEVI | ricevuti: 66.5479 MEVI | ATTACCO: NO
[15:20:12][  SWAP] TRADER 0x23618e81E3f5cdF7f54C3d65f7FBc0aBf5B21E8f | 82.35 USDC | prot: NESSUNA | stima: 75.0829 MEVI | ricevuti: 72.2951 MEVI | ATTACCO: NO
[15:20:12][  SWAP] TRADER 0xBcd4042DE499D14e55001CcbB24a551F3b954096 | 52.44 USDC | prot: NESSUNA | stima: 48.0848 MEVI | ricevuti: 44.8944 MEVI | ATTACCO: SI | perdita: 3.1905 MEVI | rimborso: NON ASSICURATO
[15:20:13][  SWAP] TRADER 0x976EA74026E726554dB657fA54763abd0C3a0aa9 | 93.11 USDC | prot: HIGH | premio: 0.5120 MEVI | stima: 84.7206 MEVI | ricevuti: 80.6480 MEVI | ATTACCO: NO
[15:20:16][  SWAP] TRADER 0x14dC79964da2C08b23698B3D3cc7Ca32193d9955 | 146.74 USDC | prot: NESSUNA | stima: 121.6229 MEVI | ricevuti: 121.6229 MEVI | ATTACCO: NO
[15:20:22][  SWAP] TRADER 0x9965507D1a55bcC2695C58ba16FB37d819B0A4dc | 119.18 USDC | prot: HIGH | premio: 0.6554 MEVI | stima: 94.1599 MEVI | ricevuti: 94.1599 MEVI | ATTACCO: NO
[15:20:24][  SWAP] TRADER 0x90F79bf6EB2c4f870365E785982E1f101E93b906 | 50.50 USDC | prot: HIGH | premio: 0.2777 MEVI | stima: 40.3861 MEVI | ricevuti: 36.8626 MEVI | ATTACCO: NO
[15:20:24][  SWAP] TRADER 0x71bE63f3384f5fb98995898A86B02Fb2426c5788 | 141.94 USDC | prot: NESSUNA | stima: 111.6946 MEVI | ricevuti: 107.1165 MEVI | ATTACCO: NO
[15:20:30][  SWAP] TRADER 0xa0Ee7A142d267C1f36714E4a8F75612F20a79720 | 145.89 USDC | prot: NESSUNA | stima: 103.0205 MEVI | ricevuti: 103.0205 MEVI | ATTACCO: NO
[15:20:30][  SWAP] TRADER 0x15d34AAf54267DB7D7c367839AAf71A00a2C6A65 | 82.86 USDC | prot: HIGH | premio: 0.4556 MEVI | stima: 59.1305 MEVI | ricevuti: 56.3198 MEVI | ATTACCO: NO
[15:20:33][ATTACK] INSURED ATTACK | victim=0x976EA74026E726 | swap=93.5000 USDC | loss_sandwich=3.1584 MEVI (3.71%)
[15:20:35][  SWAP] TRADER 0x3C44CdDdB6a900fa2b585dd299e03d12FA4293BC | 73.83 USDC | prot: HIGH | premio: 0.4060 MEVI | stima: 52.7665 MEVI | ricevuti: 72.7557 MEVI | ATTACCO: NO
[15:20:35][  SWAP] TRADER 0xBcd4042DE499D14e55001CcbB24a551F3b954096 | 55.62 USDC | prot: NESSUNA | stima: 53.4274 MEVI | ricevuti: 53.4274 MEVI | ATTACCO: NO
[15:20:36][  SWAP] TRADER 0x23618e81E3f5cdF7f54C3d65f7FBc0aBf5B21E8f | 64.15 USDC | prot: NESSUNA | stima: 61.5189 MEVI | ricevuti: 60.2001 MEVI | ATTACCO: NO
[15:20:42][  SWAP] TRADER 0x14dC79964da2C08b23698B3D3cc7Ca32193d9955 | 135.67 USDC | prot: NESSUNA | stima: 122.5427 MEVI | ricevuti: 118.4113 MEVI | ATTACCO: NO
[15:20:50][  SWAP] TRADER 0x71bE63f3384f5fb98995898A86B02Fb2426c5788 | 117.86 USDC | prot: NESSUNA | stima: 98.1577 MEVI | ricevuti: 98.1577 MEVI | ATTACCO: NO
[15:20:51][  SWAP] TRADER 0x976EA74026E726554dB657fA54763abd0C3a0aa9 | 93.50 USDC | prot: HIGH | premio: 0.5142 MEVI | stima: 85.1267 MEVI | ricevuti: 81.9682 MEVI | ATTACCO: SI | perdita: 3.1584 MEVI | rimborso: 3.1684 MEVI
[15:20:51][  SWAP] TRADER 0x9965507D1a55bcC2695C58ba16FB37d819B0A4dc | 135.45 USDC | prot: HIGH | premio: 0.7448 MEVI | stima: 112.4501 MEVI | ricevuti: 107.7707 MEVI | ATTACCO: NO
[15:20:53][  SWAP] TRADER 0x90F79bf6EB2c4f870365E785982E1f101E93b906 | 79.03 USDC | prot: HIGH | premio: 0.4346 MEVI | stima: 66.2836 MEVI | ricevuti: 60.5358 MEVI | ATTACCO: NO
[15:20:54][ATTACK] NAKED ATTACK | victim=0xBcd4042DE499D1 | swap=85.6500 USDC | loss_sandwich=1.8538 MEVI (3.21%)
[15:20:55][  SWAP] TRADER 0x15d34AAf54267DB7D7c367839AAf71A00a2C6A65 | 87.01 USDC | prot: HIGH | premio: 0.4785 MEVI | stima: 64.7533 MEVI | ricevuti: 61.6753 MEVI | ATTACCO: NO
[15:20:55][  SWAP] TRADER 0xa0Ee7A142d267C1f36714E4a8F75612F20a79720 | 142.86 USDC | prot: NESSUNA | stima: 105.3099 MEVI | ricevuti: 105.3099 MEVI | ATTACCO: NO
[15:21:00][  SWAP] TRADER 0x3C44CdDdB6a900fa2b585dd299e03d12FA4293BC | 61.08 USDC | prot: HIGH | premio: 0.3359 MEVI | stima: 42.2345 MEVI | ricevuti: 42.2345 MEVI | ATTACCO: NO
[15:21:01][  SWAP] TRADER 0x23618e81E3f5cdF7f54C3d65f7FBc0aBf5B21E8f | 66.42 USDC | prot: NESSUNA | stima: 45.8863 MEVI | ricevuti: 42.3417 MEVI | ATTACCO: NO
[15:21:01][  SWAP] TRADER 0xBcd4042DE499D14e55001CcbB24a551F3b954096 | 85.65 USDC | prot: NESSUNA | stima: 58.9839 MEVI | ricevuti: 55.9521 MEVI | ATTACCO: SI | perdita: 1.8538 MEVI | rimborso: NON ASSICURATO
[15:21:08][  SWAP] TRADER 0x14dC79964da2C08b23698B3D3cc7Ca32193d9955 | 101.97 USDC | prot: NESSUNA | stima: 99.9320 MEVI | ricevuti: 99.9320 MEVI | ATTACCO: NO
[15:21:08][  POOL] POOL UPDATE | mevi=109.0718 MEVI | eth=3.110000 ETH
[15:21:15][  SWAP] TRADER 0x71bE63f3384f5fb98995898A86B02Fb2426c5788 | 139.63 USDC | prot: NESSUNA | stima: 130.5320 MEVI | ricevuti: 130.5320 MEVI | ATTACCO: NO
[15:21:17][ATTACK] INSURED ATTACK | victim=0x15d34AAf54267D | swap=58.3200 USDC | loss_sandwich=1.5938 MEVI (3.46%)
[15:21:18][  SWAP] TRADER 0x9965507D1a55bcC2695C58ba16FB37d819B0A4dc | 115.05 USDC | prot: HIGH | premio: 0.6327 MEVI | stima: 108.0603 MEVI | ricevuti: 102.4400 MEVI | ATTACCO: NO
[15:21:18][  SWAP] TRADER 0x976EA74026E726554dB657fA54763abd0C3a0aa9 | 65.14 USDC | prot: HIGH | premio: 0.3582 MEVI | stima: 61.7735 MEVI | ricevuti: 56.0727 MEVI | ATTACCO: NO
[15:21:20][  SWAP] TRADER 0x90F79bf6EB2c4f870365E785982E1f101E93b906 | 74.35 USDC | prot: HIGH | premio: 0.4089 MEVI | stima: 66.7077 MEVI | ricevuti: 62.3764 MEVI | ATTACCO: NO
[15:21:21][  SWAP] TRADER 0xa0Ee7A142d267C1f36714E4a8F75612F20a79720 | 102.08 USDC | prot: NESSUNA | stima: 85.2108 MEVI | ricevuti: 82.9417 MEVI | ATTACCO: NO
[15:21:26][ATTACK] NAKED ATTACK | victim=0x14dC79964da2C0 | swap=120.7600 USDC | loss_sandwich=2.8711 MEVI (3.31%)
[15:21:27][  SWAP] TRADER 0x23618e81E3f5cdF7f54C3d65f7FBc0aBf5B21E8f | 66.61 USDC | prot: NESSUNA | stima: 51.4579 MEVI | ricevuti: 51.4579 MEVI | ATTACCO: NO
[15:21:27][  SWAP] TRADER 0xBcd4042DE499D14e55001CcbB24a551F3b954096 | 64.01 USDC | prot: NESSUNA | stima: 49.4718 MEVI | ricevuti: 48.3330 MEVI | ATTACCO: NO
[15:21:29][  SWAP] TRADER 0x3C44CdDdB6a900fa2b585dd299e03d12FA4293BC | 50.96 USDC | prot: HIGH | premio: 0.2802 MEVI | stima: 40.2841 MEVI | ricevuti: 37.7212 MEVI | ATTACCO: NO
[15:21:33][  SWAP] TRADER 0x14dC79964da2C08b23698B3D3cc7Ca32193d9955 | 120.76 USDC | prot: NESSUNA | stima: 86.8117 MEVI | ricevuti: 83.9406 MEVI | ATTACCO: SI | perdita: 2.8711 MEVI | rimborso: NON ASSICURATO
[15:21:34][  SWAP] TRADER 0x15d34AAf54267DB7D7c367839AAf71A00a2C6A65 | 58.32 USDC | prot: HIGH | premio: 0.3207 MEVI | stima: 49.0711 MEVI | ricevuti: 44.4485 MEVI | ATTACCO: SI | perdita: 1.5938 MEVI | rimborso: 1.6038 MEVI
[15:21:38][  SWAP] TRADER 0x71bE63f3384f5fb98995898A86B02Fb2426c5788 | 116.61 USDC | prot: NESSUNA | stima: 113.9524 MEVI | ricevuti: 113.9524 MEVI | ATTACCO: NO
[15:21:42][  SWAP] TRADER 0x976EA74026E726554dB657fA54763abd0C3a0aa9 | 67.75 USDC | prot: HIGH | premio: 0.3726 MEVI | stima: 63.8516 MEVI | ricevuti: 63.8516 MEVI | ATTACCO: NO
[15:21:42][  SWAP] TRADER 0x9965507D1a55bcC2695C58ba16FB37d819B0A4dc | 125.05 USDC | prot: HIGH | premio: 0.6876 MEVI | stima: 116.5662 MEVI | ricevuti: 113.5749 MEVI | ATTACCO: NO
[15:21:46][  SWAP] TRADER 0xa0Ee7A142d267C1f36714E4a8F75612F20a79720 | 128.94 USDC | prot: NESSUNA | stima: 111.6386 MEVI | ricevuti: 111.6386 MEVI | ATTACCO: NO
[15:21:48][  SWAP] TRADER 0x90F79bf6EB2c4f870365E785982E1f101E93b906 | 88.65 USDC | prot: HIGH | premio: 0.4875 MEVI | stima: 77.3276 MEVI | ricevuti: 73.7330 MEVI | ATTACCO: NO
[15:21:52][  SWAP] TRADER 0xBcd4042DE499D14e55001CcbB24a551F3b954096 | 96.07 USDC | prot: NESSUNA | stima: 77.2796 MEVI | ricevuti: 77.2796 MEVI | ATTACCO: NO
[15:21:52][  SWAP] TRADER 0x23618e81E3f5cdF7f54C3d65f7FBc0aBf5B21E8f | 83.74 USDC | prot: NESSUNA | stima: 67.5093 MEVI | ricevuti: 65.2388 MEVI | ATTACCO: NO
[15:21:59][  SWAP] TRADER 0x14dC79964da2C08b23698B3D3cc7Ca32193d9955 | 139.72 USDC | prot: NESSUNA | stima: 104.6904 MEVI | ricevuti: 104.6904 MEVI | ATTACCO: NO
[15:21:59][  SWAP] TRADER 0x3C44CdDdB6a900fa2b585dd299e03d12FA4293BC | 73.71 USDC | prot: HIGH | premio: 0.4053 MEVI | stima: 55.8607 MEVI | ricevuti: 53.2389 MEVI | ATTACCO: NO
[15:22:03][  SWAP] TRADER 0x15d34AAf54267DB7D7c367839AAf71A00a2C6A65 | 62.93 USDC | prot: HIGH | premio: 0.3461 MEVI | stima: 47.7802 MEVI | ricevuti: 44.4147 MEVI | ATTACCO: NO
[15:22:03][ATTACK] INSURED ATTACK | victim=0x9965507D1a55bc | swap=108.9900 USDC | loss_sandwich=7.4268 MEVI (6.96%)
[15:22:05][  SWAP] TRADER 0x71bE63f3384f5fb98995898A86B02Fb2426c5788 | 126.63 USDC | prot: NESSUNA | stima: 88.4314 MEVI | ricevuti: 86.6001 MEVI | ATTACCO: NO
[15:22:10][ATTACK] NAKED ATTACK | victim=0x23618e81E3f5cd | swap=85.5300 USDC | loss_sandwich=2.5766 MEVI (3.57%)
[15:22:11][  SWAP] TRADER 0x976EA74026E726554dB657fA54763abd0C3a0aa9 | 85.70 USDC | prot: HIGH | premio: 0.4713 MEVI | stima: 56.6001 MEVI | ricevuti: 81.0109 MEVI | ATTACCO: NO
[15:22:12][  SWAP] TRADER 0xa0Ee7A142d267C1f36714E4a8F75612F20a79720 | 120.41 USDC | prot: NESSUNA | stima: 117.5785 MEVI | ricevuti: 109.3026 MEVI | ATTACCO: NO
[15:22:12][  SWAP] TRADER 0x90F79bf6EB2c4f870365E785982E1f101E93b906 | 94.90 USDC | prot: HIGH | premio: 0.5219 MEVI | stima: 86.5618 MEVI | ricevuti: 82.7131 MEVI | ATTACCO: NO
[15:22:17][  SWAP] TRADER 0xBcd4042DE499D14e55001CcbB24a551F3b954096 | 53.45 USDC | prot: NESSUNA | stima: 45.3196 MEVI | ricevuti: 42.3744 MEVI | ATTACCO: NO
[15:22:17][  SWAP] TRADER 0x23618e81E3f5cdF7f54C3d65f7FBc0aBf5B21E8f | 85.53 USDC | prot: NESSUNA | stima: 72.0959 MEVI | ricevuti: 69.5194 MEVI | ATTACCO: SI | perdita: 2.5766 MEVI | rimborso: NON ASSICURATO
[15:22:21][  SWAP] TRADER 0x9965507D1a55bcC2695C58ba16FB37d819B0A4dc | 108.99 USDC | prot: HIGH | premio: 0.5993 MEVI | stima: 71.7123 MEVI | ricevuti: 99.2382 MEVI | ATTACCO: SI | perdita: 7.4268 MEVI | rimborso: 7.4368 MEVI
[15:22:24][  SWAP] TRADER 0x14dC79964da2C08b23698B3D3cc7Ca32193d9955 | 141.75 USDC | prot: NESSUNA | stima: 112.6508 MEVI | ricevuti: 112.6508 MEVI | ATTACCO: NO
[15:22:25][  SWAP] TRADER 0x3C44CdDdB6a900fa2b585dd299e03d12FA4293BC | 51.91 USDC | prot: HIGH | premio: 0.2915 MEVI | stima: 41.9166 MEVI | ricevuti: 39.8599 MEVI | ATTACCO: NO
[15:22:26][  SWAP] TRADER 0x15d34AAf54267DB7D7c367839AAf71A00a2C6A65 | 58.11 USDC | prot: HIGH | premio: 0.3263 MEVI | stima: 43.7728 MEVI | ricevuti: 43.7728 MEVI | ATTACCO: NO
[15:22:28][  SWAP] TRADER 0x71bE63f3384f5fb98995898A86B02Fb2426c5788 | 108.23 USDC | prot: NESSUNA | stima: 79.2277 MEVI | ricevuti: 79.2277 MEVI | ATTACCO: NO
[15:22:37][  SWAP] TRADER 0xa0Ee7A142d267C1f36714E4a8F75612F20a79720 | 145.99 USDC | prot: NESSUNA | stima: 102.3743 MEVI | ricevuti: 141.8483 MEVI | ATTACCO: NO
[15:22:37][  SWAP] TRADER 0x90F79bf6EB2c4f870365E785982E1f101E93b906 | 94.01 USDC | prot: HIGH | premio: 0.5280 MEVI | stima: 66.4956 MEVI | ricevuti: 87.1593 MEVI | ATTACCO: NO
[15:22:37][  SWAP] TRADER 0x976EA74026E726554dB657fA54763abd0C3a0aa9 | 77.99 USDC | prot: HIGH | premio: 0.4380 MEVI | stima: 55.3121 MEVI | ricevuti: 69.9681 MEVI | ATTACCO: NO
[15:22:42][  SWAP] TRADER 0xBcd4042DE499D14e55001CcbB24a551F3b954096 | 59.32 USDC | prot: NESSUNA | stima: 51.8595 MEVI | ricevuti: 51.8595 MEVI | ATTACCO: NO
[15:22:42][  SWAP] TRADER 0x23618e81E3f5cdF7f54C3d65f7FBc0aBf5B21E8f | 59.30 USDC | prot: NESSUNA | stima: 51.8422 MEVI | ricevuti: 50.7109 MEVI | ATTACCO: NO
[15:22:50][  SWAP] TRADER 0x9965507D1a55bcC2695C58ba16FB37d819B0A4dc | 137.71 USDC | prot: HIGH | premio: 0.7573 MEVI | stima: 113.6019 MEVI | ricevuti: 113.6019 MEVI | ATTACCO: NO
[15:22:51][  SWAP] TRADER 0x14dC79964da2C08b23698B3D3cc7Ca32193d9955 | 125.47 USDC | prot: NESSUNA | stima: 103.7324 MEVI | ricevuti: 98.7255 MEVI | ATTACCO: NO
[15:22:54][  SWAP] TRADER 0x3C44CdDdB6a900fa2b585dd299e03d12FA4293BC | 99.03 USDC | prot: HIGH | premio: 0.5446 MEVI | stima: 82.2642 MEVI | ricevuti: 72.4855 MEVI | ATTACCO: NO
[15:22:54][  SWAP] TRADER 0x15d34AAf54267DB7D7c367839AAf71A00a2C6A65 | 95.14 USDC | prot: HIGH | premio: 0.5232 MEVI | stima: 79.0883 MEVI | ricevuti: 72.0105 MEVI | ATTACCO: NO
[15:22:56][  SWAP] TRADER 0x71bE63f3384f5fb98995898A86B02Fb2426c5788 | 109.93 USDC | prot: NESSUNA | stima: 82.9931 MEVI | ricevuti: 77.6634 MEVI | ATTACCO: NO
[15:22:56][ATTACK] NAKED ATTACK | victim=0xa0Ee7A142d267C | swap=121.1600 USDC | loss_sandwich=2.6509 MEVI (3.22%)
[15:23:03][  SWAP] TRADER 0xa0Ee7A142d267C1f36714E4a8F75612F20a79720 | 121.16 USDC | prot: NESSUNA | stima: 82.3677 MEVI | ricevuti: 79.7168 MEVI | ATTACCO: SI | perdita: 2.6509 MEVI | rimborso: NON ASSICURATO
[15:23:04][  SWAP] TRADER 0x90F79bf6EB2c4f870365E785982E1f101E93b906 | 52.24 USDC | prot: HIGH | premio: 0.2873 MEVI | stima: 35.9183 MEVI | ricevuti: 34.5504 MEVI | ATTACCO: NO
[15:23:04][  SWAP] TRADER 0x976EA74026E726554dB657fA54763abd0C3a0aa9 | 72.12 USDC | prot: HIGH | premio: 0.3966 MEVI | stima: 49.4248 MEVI | ricevuti: 46.7489 MEVI | ATTACCO: NO
[15:23:08][  SWAP] TRADER 0xBcd4042DE499D14e55001CcbB24a551F3b954096 | 89.42 USDC | prot: NESSUNA | stima: 56.4851 MEVI | ricevuti: 54.7506 MEVI | ATTACCO: NO
[15:23:08][  SWAP] TRADER 0x23618e81E3f5cdF7f54C3d65f7FBc0aBf5B21E8f | 98.87 USDC | prot: NESSUNA | stima: 62.3615 MEVI | ricevuti: 62.3615 MEVI | ATTACCO: NO
[15:23:08][  POOL] POOL UPDATE | mevi=110.6496 MEVI | eth=3.074000 ETH
[15:23:17][  SWAP] TRADER 0x14dC79964da2C08b23698B3D3cc7Ca32193d9955 | 105.07 USDC | prot: NESSUNA | stima: 102.9075 MEVI | ricevuti: 102.9075 MEVI | ATTACCO: NO
[15:23:17][  SWAP] TRADER 0x9965507D1a55bcC2695C58ba16FB37d819B0A4dc | 115.20 USDC | prot: HIGH | premio: 0.6335 MEVI | stima: 112.6056 MEVI | ricevuti: 108.0682 MEVI | ATTACCO: NO
[15:23:21][  SWAP] TRADER 0x71bE63f3384f5fb98995898A86B02Fb2426c5788 | 105.05 USDC | prot: NESSUNA | stima: 94.4708 MEVI | ricevuti: 91.4711 MEVI | ATTACCO: NO
[15:23:21][  SWAP] TRADER 0x3C44CdDdB6a900fa2b585dd299e03d12FA4293BC | 85.75 USDC | prot: HIGH | premio: 0.4715 MEVI | stima: 80.8978 MEVI | ricevuti: 77.3949 MEVI | ATTACCO: NO
[15:23:23][  SWAP] TRADER 0x15d34AAf54267DB7D7c367839AAf71A00a2C6A65 | 52.77 USDC | prot: HIGH | premio: 0.2902 MEVI | stima: 47.9262 MEVI | ricevuti: 44.6217 MEVI | ATTACCO: NO
[15:23:24][ATTACK] INSURED ATTACK | victim=0x90F79bf6EB2c4f | swap=80.6700 USDC | loss_sandwich=2.2166 MEVI (3.47%)
[15:23:26][ATTACK] NAKED ATTACK | victim=0xBcd4042DE499D1 | swap=52.7200 USDC | loss_sandwich=1.3402 MEVI (3.38%)
[15:23:29][  SWAP] TRADER 0xa0Ee7A142d267C1f36714E4a8F75612F20a79720 | 113.05 USDC | prot: NESSUNA | stima: 92.7514 MEVI | ricevuti: 92.7514 MEVI | ATTACCO: NO
[15:23:32][  SWAP] TRADER 0x976EA74026E726554dB657fA54763abd0C3a0aa9 | 86.90 USDC | prot: HIGH | premio: 0.4779 MEVI | stima: 71.6326 MEVI | ricevuti: 64.5620 MEVI | ATTACCO: NO
[15:23:33][  SWAP] TRADER 0xBcd4042DE499D14e55001CcbB24a551F3b954096 | 52.72 USDC | prot: NESSUNA | stima: 41.9803 MEVI | ricevuti: 38.3046 MEVI | ATTACCO: SI | perdita: 1.3402 MEVI | rimborso: NON ASSICURATO
[15:23:33][  SWAP] TRADER 0x23618e81E3f5cdF7f54C3d65f7FBc0aBf5B21E8f | 53.35 USDC | prot: NESSUNA | stima: 42.4772 MEVI | ricevuti: 38.0708 MEVI | ATTACCO: NO
[15:23:42][  SWAP] TRADER 0x90F79bf6EB2c4f870365E785982E1f101E93b906 | 80.67 USDC | prot: HIGH | premio: 0.4436 MEVI | stima: 66.5719 MEVI | ricevuti: 61.7026 MEVI | ATTACCO: SI | perdita: 2.2166 MEVI | rimborso: 2.2266 MEVI
[15:23:42][  SWAP] TRADER 0x14dC79964da2C08b23698B3D3cc7Ca32193d9955 | 135.14 USDC | prot: NESSUNA | stima: 131.5836 MEVI | ricevuti: 131.5836 MEVI | ATTACCO: NO
[15:23:45][  SWAP] TRADER 0x9965507D1a55bcC2695C58ba16FB37d819B0A4dc | 138.67 USDC | prot: HIGH | premio: 0.7625 MEVI | stima: 134.9279 MEVI | ricevuti: 128.0105 MEVI | ATTACCO: NO
[15:23:46][  SWAP] TRADER 0x71bE63f3384f5fb98995898A86B02Fb2426c5788 | 112.77 USDC | prot: NESSUNA | stima: 104.6152 MEVI | ricevuti: 99.2421 MEVI | ATTACCO: NO
[15:23:46][  SWAP] TRADER 0x15d34AAf54267DB7D7c367839AAf71A00a2C6A65 | 97.56 USDC | prot: HIGH | premio: 0.5365 MEVI | stima: 82.5639 MEVI | ricevuti: 82.5639 MEVI | ATTACCO: NO
[15:23:46][  SWAP] TRADER 0x3C44CdDdB6a900fa2b585dd299e03d12FA4293BC | 50.73 USDC | prot: HIGH | premio: 0.2790 MEVI | stima: 47.6246 MEVI | ricevuti: 41.7820 MEVI | ATTACCO: NO
[15:23:54][  SWAP] TRADER 0xa0Ee7A142d267C1f36714E4a8F75612F20a79720 | 104.71 USDC | prot: NESSUNA | stima: 83.8637 MEVI | ricevuti: 83.8637 MEVI | ATTACCO: NO
[15:23:58][  SWAP] TRADER 0xBcd4042DE499D14e55001CcbB24a551F3b954096 | 60.97 USDC | prot: NESSUNA | stima: 47.4125 MEVI | ricevuti: 46.3065 MEVI | ATTACCO: NO
[15:23:58][  SWAP] TRADER 0x23618e81E3f5cdF7f54C3d65f7FBc0aBf5B21E8f | 67.31 USDC | prot: NESSUNA | stima: 52.2845 MEVI | ricevuti: 52.2845 MEVI | ATTACCO: NO
[15:24:00][  SWAP] TRADER 0x976EA74026E726554dB657fA54763abd0C3a0aa9 | 67.63 USDC | prot: HIGH | premio: 0.3719 MEVI | stima: 52.5302 MEVI | ricevuti: 50.2328 MEVI | ATTACCO: NO
[15:24:04][ATTACK] NAKED ATTACK | victim=0x71bE63f3384f5f | swap=110.4500 USDC | loss_sandwich=4.0029 MEVI (3.80%)
[15:24:07][  SWAP] TRADER 0x14dC79964da2C08b23698B3D3cc7Ca32193d9955 | 115.45 USDC | prot: NESSUNA | stima: 83.1134 MEVI | ricevuti: 83.1134 MEVI | ATTACCO: NO
[15:24:10][  SWAP] TRADER 0x90F79bf6EB2c4f870365E785982E1f101E93b906 | 62.66 USDC | prot: HIGH | premio: 0.3446 MEVI | stima: 45.5132 MEVI | ricevuti: 61.8845 MEVI | ATTACCO: NO
[15:24:12][  SWAP] TRADER 0x71bE63f3384f5fb98995898A86B02Fb2426c5788 | 110.45 USDC | prot: NESSUNA | stima: 76.5505 MEVI | ricevuti: 101.4298 MEVI | ATTACCO: SI | perdita: 4.0029 MEVI | rimborso: NON ASSICURATO
[15:24:13][  SWAP] TRADER 0x9965507D1a55bcC2695C58ba16FB37d819B0A4dc | 120.50 USDC | prot: HIGH | premio: 0.6626 MEVI | stima: 83.3777 MEVI | ricevuti: 110.1449 MEVI | ATTACCO: NO
[15:24:15][  SWAP] TRADER 0x3C44CdDdB6a900fa2b585dd299e03d12FA4293BC | 78.02 USDC | prot: HIGH | premio: 0.4290 MEVI | stima: 76.8213 MEVI | ricevuti: 68.6782 MEVI | ATTACCO: NO
[15:24:15][  SWAP] TRADER 0x15d34AAf54267DB7D7c367839AAf71A00a2C6A65 | 50.38 USDC | prot: HIGH | premio: 0.2770 MEVI | stima: 49.8774 MEVI | ricevuti: 43.2969 MEVI | ATTACCO: NO
[15:24:18][  SWAP] TRADER 0xa0Ee7A142d267C1f36714E4a8F75612F20a79720 | 140.50 USDC | prot: NESSUNA | stima: 116.6006 MEVI | ricevuti: 116.6006 MEVI | ATTACCO: NO
[15:24:21][ATTACK] INSURED ATTACK | victim=0x976EA74026E726 | swap=65.9300 USDC | loss_sandwich=1.7285 MEVI (3.41%)
[15:24:24][  SWAP] TRADER 0xBcd4042DE499D14e55001CcbB24a551F3b954096 | 59.57 USDC | prot: NESSUNA | stima: 47.6767 MEVI | ricevuti: 47.6767 MEVI | ATTACCO: NO
[15:24:24][  SWAP] TRADER 0x23618e81E3f5cdF7f54C3d65f7FBc0aBf5B21E8f | 54.75 USDC | prot: NESSUNA | stima: 43.8566 MEVI | ricevuti: 42.9361 MEVI | ATTACCO: NO
[15:24:31][  SWAP] TRADER 0x14dC79964da2C08b23698B3D3cc7Ca32193d9955 | 135.50 USDC | prot: NESSUNA | stima: 100.5050 MEVI | ricevuti: 100.5050 MEVI | ATTACCO: NO
[15:24:37][  SWAP] TRADER 0x71bE63f3384f5fb98995898A86B02Fb2426c5788 | 109.28 USDC | prot: NESSUNA | stima: 77.7405 MEVI | ricevuti: 77.7405 MEVI | ATTACCO: NO
[15:24:38][  SWAP] TRADER 0x976EA74026E726554dB657fA54763abd0C3a0aa9 | 65.93 USDC | prot: HIGH | premio: 0.3625 MEVI | stima: 52.7072 MEVI | ricevuti: 48.8881 MEVI | ATTACCO: SI | perdita: 1.7285 MEVI | rimborso: 1.7385 MEVI
[15:24:39][  SWAP] TRADER 0x90F79bf6EB2c4f870365E785982E1f101E93b906 | 82.88 USDC | prot: HIGH | premio: 0.4558 MEVI | stima: 59.2211 MEVI | ricevuti: 57.0920 MEVI | ATTACCO: NO
[15:24:39][  SWAP] TRADER 0x9965507D1a55bcC2695C58ba16FB37d819B0A4dc | 106.63 USDC | prot: HIGH | premio: 0.5864 MEVI | stima: 75.8889 MEVI | ricevuti: 104.4035 MEVI | ATTACCO: NO
[15:24:39][  SWAP] TRADER 0x3C44CdDdB6a900fa2b585dd299e03d12FA4293BC | 91.61 USDC | prot: HIGH | premio: 0.5038 MEVI | stima: 63.0150 MEVI | ricevuti: 86.2764 MEVI | ATTACCO: NO
[15:24:39][  SWAP] TRADER 0x15d34AAf54267DB7D7c367839AAf71A00a2C6A65 | 77.00 USDC | prot: HIGH | premio: 0.4234 MEVI | stima: 53.0931 MEVI | ricevuti: 70.1992 MEVI | ATTACCO: NO
[15:24:41][ATTACK] NAKED ATTACK | victim=0x23618e81E3f5cd | swap=69.6600 USDC | loss_sandwich=2.1167 MEVI (3.58%)
[15:24:42][  SWAP] TRADER 0xa0Ee7A142d267C1f36714E4a8F75612F20a79720 | 120.15 USDC | prot: NESSUNA | stima: 105.5355 MEVI | ricevuti: 105.5355 MEVI | ATTACCO: NO
[15:24:49][  SWAP] TRADER 0xBcd4042DE499D14e55001CcbB24a551F3b954096 | 96.13 USDC | prot: NESSUNA | stima: 81.1117 MEVI | ricevuti: 76.2821 MEVI | ATTACCO: NO
[15:24:49][  SWAP] TRADER 0x23618e81E3f5cdF7f54C3d65f7FBc0aBf5B21E8f | 69.66 USDC | prot: NESSUNA | stima: 59.0618 MEVI | ricevuti: 56.9450 MEVI | ATTACCO: SI | perdita: 2.1167 MEVI | rimborso: NON ASSICURATO
[15:24:56][  SWAP] TRADER 0x14dC79964da2C08b23698B3D3cc7Ca32193d9955 | 115.08 USDC | prot: NESSUNA | stima: 91.3036 MEVI | ricevuti: 91.3036 MEVI | ATTACCO: NO
[15:25:01][ATTACK] INSURED ATTACK | victim=0x9965507D1a55bc | swap=114.3800 USDC | loss_sandwich=9.5940 MEVI (11.95%)
[15:25:02][  SWAP] TRADER 0x71bE63f3384f5fb98995898A86B02Fb2426c5788 | 130.35 USDC | prot: NESSUNA | stima: 99.0437 MEVI | ricevuti: 99.0437 MEVI | ATTACCO: NO
[15:25:07][  SWAP] TRADER 0x90F79bf6EB2c4f870365E785982E1f101E93b906 | 55.96 USDC | prot: HIGH | premio: 0.3077 MEVI | stima: 43.0723 MEVI | ricevuti: 41.1676 MEVI | ATTACCO: NO
[15:25:07][  SWAP] TRADER 0x976EA74026E726554dB657fA54763abd0C3a0aa9 | 53.08 USDC | prot: HIGH | premio: 0.2919 MEVI | stima: 40.8761 MEVI | ricevuti: 38.3285 MEVI | ATTACCO: NO
[15:25:08][  SWAP] TRADER 0xa0Ee7A142d267C1f36714E4a8F75612F20a79720 | 106.78 USDC | prot: NESSUNA | stima: 77.8782 MEVI | ricevuti: 72.6011 MEVI | ATTACCO: NO
[15:25:08][  SWAP] TRADER 0x3C44CdDdB6a900fa2b585dd299e03d12FA4293BC | 86.55 USDC | prot: HIGH | premio: 0.4759 MEVI | stima: 63.3407 MEVI | ricevuti: 57.0127 MEVI | ATTACCO: NO
[15:25:08][  SWAP] TRADER 0x15d34AAf54267DB7D7c367839AAf71A00a2C6A65 | 98.66 USDC | prot: HIGH | premio: 0.5425 MEVI | stima: 72.0551 MEVI | ricevuti: 63.0800 MEVI | ATTACCO: NO
[15:25:08][  POOL] POOL UPDATE | mevi=116.6098 MEVI | eth=3.038000 ETH
[15:25:14][  SWAP] TRADER 0xBcd4042DE499D14e55001CcbB24a551F3b954096 | 98.82 USDC | prot: NESSUNA | stima: 96.9048 MEVI | ricevuti: 96.9048 MEVI | ATTACCO: NO
[15:25:14][  SWAP] TRADER 0x23618e81E3f5cdF7f54C3d65f7FBc0aBf5B21E8f | 56.10 USDC | prot: NESSUNA | stima: 55.4775 MEVI | ricevuti: 53.3594 MEVI | ATTACCO: NO
[15:25:14][ATTACK] NAKED ATTACK | victim=0x14dC79964da2C0 | swap=133.7500 USDC | loss_sandwich=4.5667 MEVI (3.72%)
[15:25:19][  SWAP] TRADER 0x9965507D1a55bcC2695C58ba16FB37d819B0A4dc | 114.38 USDC | prot: HIGH | premio: 0.6290 MEVI | stima: 83.3140 MEVI | ricevuti: 70.7030 MEVI | ATTACCO: SI | perdita: 9.5940 MEVI | rimborso: 9.6040 MEVI
[15:25:22][  SWAP] TRADER 0x14dC79964da2C08b23698B3D3cc7Ca32193d9955 | 133.75 USDC | prot: NESSUNA | stima: 122.6494 MEVI | ricevuti: 118.0827 MEVI | ATTACCO: SI | perdita: 4.5667 MEVI | rimborso: NON ASSICURATO
[15:25:26][  SWAP] TRADER 0x71bE63f3384f5fb98995898A86B02Fb2426c5788 | 140.66 USDC | prot: NESSUNA | stima: 122.6531 MEVI | ricevuti: 122.6531 MEVI | ATTACCO: NO
[15:25:34][  SWAP] TRADER 0xa0Ee7A142d267C1f36714E4a8F75612F20a79720 | 105.39 USDC | prot: NESSUNA | stima: 87.8099 MEVI | ricevuti: 87.8099 MEVI | ATTACCO: NO
[15:25:35][  SWAP] TRADER 0x976EA74026E726554dB657fA54763abd0C3a0aa9 | 88.59 USDC | prot: HIGH | premio: 0.4872 MEVI | stima: 74.0372 MEVI | ricevuti: 71.2642 MEVI | ATTACCO: NO
[15:25:35][  SWAP] TRADER 0x90F79bf6EB2c4f870365E785982E1f101E93b906 | 99.12 USDC | prot: HIGH | premio: 0.5451 MEVI | stima: 82.6795 MEVI | ricevuti: 77.1175 MEVI | ATTACCO: NO
[15:25:37][  SWAP] TRADER 0x15d34AAf54267DB7D7c367839AAf71A00a2C6A65 | 98.41 USDC | prot: HIGH | premio: 0.5412 MEVI | stima: 82.0978 MEVI | ricevuti: 72.3270 MEVI | ATTACCO: NO
[15:25:37][  SWAP] TRADER 0x3C44CdDdB6a900fa2b585dd299e03d12FA4293BC | 64.94 USDC | prot: HIGH | premio: 0.3571 MEVI | stima: 54.5060 MEVI | ricevuti: 49.0914 MEVI | ATTACCO: NO
[15:25:40][  SWAP] TRADER 0x23618e81E3f5cdF7f54C3d65f7FBc0aBf5B21E8f | 63.62 USDC | prot: NESSUNA | stima: 45.4836 MEVI | ricevuti: 45.4836 MEVI | ATTACCO: NO
[15:25:40][  SWAP] TRADER 0xBcd4042DE499D14e55001CcbB24a551F3b954096 | 84.96 USDC | prot: NESSUNA | stima: 60.5229 MEVI | ricevuti: 59.2435 MEVI | ATTACCO: NO
[15:25:47][  SWAP] TRADER 0x14dC79964da2C08b23698B3D3cc7Ca32193d9955 | 137.47 USDC | prot: NESSUNA | stima: 133.7915 MEVI | ricevuti: 133.7915 MEVI | ATTACCO: NO
[15:25:49][  SWAP] TRADER 0x9965507D1a55bcC2695C58ba16FB37d819B0A4dc | 130.03 USDC | prot: HIGH | premio: 0.7150 MEVI | stima: 126.7342 MEVI | ricevuti: 120.1240 MEVI | ATTACCO: NO
[15:25:52][  SWAP] TRADER 0x71bE63f3384f5fb98995898A86B02Fb2426c5788 | 143.71 USDC | prot: NESSUNA | stima: 126.0457 MEVI | ricevuti: 126.0457 MEVI | ATTACCO: NO
[15:25:53][ATTACK] NAKED ATTACK | victim=0xa0Ee7A142d267C | swap=104.4300 USDC | loss_sandwich=3.1166 MEVI (3.56%)
[15:25:56][ATTACK] INSURED ATTACK | victim=0x90F79bf6EB2c4f | swap=60.7600 USDC | loss_sandwich=2.8175 MEVI (5.70%)
[15:26:01][  SWAP] TRADER 0xa0Ee7A142d267C1f36714E4a8F75612F20a79720 | 104.43 USDC | prot: NESSUNA | stima: 87.4732 MEVI | ricevuti: 84.3566 MEVI | ATTACCO: SI | perdita: 3.1166 MEVI | rimborso: NON ASSICURATO
[15:26:04][  SWAP] TRADER 0x976EA74026E726554dB657fA54763abd0C3a0aa9 | 65.05 USDC | prot: HIGH | premio: 0.3577 MEVI | stima: 54.8793 MEVI | ricevuti: 51.0285 MEVI | ATTACCO: NO
[15:26:05][  SWAP] TRADER 0x3C44CdDdB6a900fa2b585dd299e03d12FA4293BC | 70.88 USDC | prot: HIGH | premio: 0.3898 MEVI | stima: 59.7342 MEVI | ricevuti: 52.0904 MEVI | ATTACCO: NO
[15:26:05][  SWAP] TRADER 0x15d34AAf54267DB7D7c367839AAf71A00a2C6A65 | 70.43 USDC | prot: HIGH | premio: 0.3873 MEVI | stima: 59.3599 MEVI | ricevuti: 54.7624 MEVI | ATTACCO: NO
[15:26:05][  SWAP] TRADER 0xBcd4042DE499D14e55001CcbB24a551F3b954096 | 91.50 USDC | prot: NESSUNA | stima: 74.0383 MEVI | ricevuti: 69.1580 MEVI | ATTACCO: NO
[15:26:07][  SWAP] TRADER 0x23618e81E3f5cdF7f54C3d65f7FBc0aBf5B21E8f | 59.84 USDC | prot: NESSUNA | stima: 46.6148 MEVI | ricevuti: 43.0072 MEVI | ATTACCO: NO
[15:26:14][  SWAP] TRADER 0x90F79bf6EB2c4f870365E785982E1f101E93b906 | 60.76 USDC | prot: HIGH | premio: 0.3341 MEVI | stima: 51.3003 MEVI | ricevuti: 46.6183 MEVI | ATTACCO: SI | perdita: 2.8175 MEVI | rimborso: 2.8275 MEVI
[15:26:14][  SWAP] TRADER 0x14dC79964da2C08b23698B3D3cc7Ca32193d9955 | 123.33 USDC | prot: NESSUNA | stima: 85.9547 MEVI | ricevuti: 85.9547 MEVI | ATTACCO: NO
[15:26:17][  SWAP] TRADER 0x9965507D1a55bcC2695C58ba16FB37d819B0A4dc | 133.15 USDC | prot: HIGH | premio: 0.7322 MEVI | stima: 92.6484 MEVI | ricevuti: 88.9501 MEVI | ATTACCO: NO
[15:26:17][  SWAP] TRADER 0x71bE63f3384f5fb98995898A86B02Fb2426c5788 | 105.67 USDC | prot: NESSUNA | stima: 70.9073 MEVI | ricevuti: 67.9120 MEVI | ATTACCO: NO
[15:26:25][ATTACK] NAKED ATTACK | victim=0x23618e81E3f5cd | swap=60.8000 USDC | loss_sandwich=2.0227 MEVI (5.68%)
[15:26:26][  SWAP] TRADER 0xa0Ee7A142d267C1f36714E4a8F75612F20a79720 | 130.11 USDC | prot: NESSUNA | stima: 80.5482 MEVI | ricevuti: 80.5482 MEVI | ATTACCO: NO
[15:26:31][  SWAP] TRADER 0xBcd4042DE499D14e55001CcbB24a551F3b954096 | 81.61 USDC | prot: NESSUNA | stima: 48.8777 MEVI | ricevuti: 48.8777 MEVI | ATTACCO: NO
[15:26:32][  SWAP] TRADER 0x23618e81E3f5cdF7f54C3d65f7FBc0aBf5B21E8f | 60.80 USDC | prot: NESSUNA | stima: 36.5311 MEVI | ricevuti: 33.6013 MEVI | ATTACCO: SI | perdita: 2.0227 MEVI | rimborso: NON ASSICURATO
[15:26:32][  SWAP] TRADER 0x976EA74026E726554dB657fA54763abd0C3a0aa9 | 93.73 USDC | prot: HIGH | premio: 0.5154 MEVI | stima: 56.0321 MEVI | ricevuti: 53.0127 MEVI | ATTACCO: NO
[15:26:34][  SWAP] TRADER 0x3C44CdDdB6a900fa2b585dd299e03d12FA4293BC | 94.84 USDC | prot: HIGH | premio: 0.5215 MEVI | stima: 56.6860 MEVI | ricevuti: 52.8204 MEVI | ATTACCO: NO
[15:26:34][  SWAP] TRADER 0x15d34AAf54267DB7D7c367839AAf71A00a2C6A65 | 53.40 USDC | prot: HIGH | premio: 0.2936 MEVI | stima: 32.1216 MEVI | ricevuti: 29.0924 MEVI | ATTACCO: NO
[15:26:40][  SWAP] TRADER 0x14dC79964da2C08b23698B3D3cc7Ca32193d9955 | 123.84 USDC | prot: NESSUNA | stima: 65.7414 MEVI | ricevuti: 65.7414 MEVI | ATTACCO: NO
[15:26:42][  SWAP] TRADER 0x71bE63f3384f5fb98995898A86B02Fb2426c5788 | 106.41 USDC | prot: NESSUNA | stima: 54.6387 MEVI | ricevuti: 104.1926 MEVI | ATTACCO: NO
[15:26:42][  SWAP] TRADER 0x9965507D1a55bcC2695C58ba16FB37d819B0A4dc | 142.83 USDC | prot: HIGH | premio: 0.7854 MEVI | stima: 72.9615 MEVI | ricevuti: 133.2132 MEVI | ATTACCO: NO
[15:26:42][  SWAP] TRADER 0x90F79bf6EB2c4f870365E785982E1f101E93b906 | 74.44 USDC | prot: HIGH | premio: 0.4093 MEVI | stima: 39.8010 MEVI | ricevuti: 66.5944 MEVI | ATTACCO: NO
[15:26:52][  SWAP] TRADER 0xa0Ee7A142d267C1f36714E4a8F75612F20a79720 | 114.12 USDC | prot: NESSUNA | stima: 98.5523 MEVI | ricevuti: 98.5523 MEVI | ATTACCO: NO
[15:26:54][ATTACK] INSURED ATTACK | victim=0x976EA74026E726 | swap=99.5400 USDC | loss_sandwich=2.7129 MEVI (3.46%)
[15:26:57][  SWAP] TRADER 0xBcd4042DE499D14e55001CcbB24a551F3b954096 | 68.60 USDC | prot: NESSUNA | stima: 57.2761 MEVI | ricevuti: 57.2761 MEVI | ATTACCO: NO
[15:26:58][  SWAP] TRADER 0x23618e81E3f5cdF7f54C3d65f7FBc0aBf5B21E8f | 76.56 USDC | prot: NESSUNA | stima: 63.8298 MEVI | ricevuti: 62.2601 MEVI | ATTACCO: NO
[15:27:00][ATTACK] NAKED ATTACK | victim=0x71bE63f3384f5f | swap=103.8500 USDC | loss_sandwich=2.3960 MEVI (3.27%)
[15:27:02][  SWAP] TRADER 0x3C44CdDdB6a900fa2b585dd299e03d12FA4293BC | 53.98 USDC | prot: HIGH | premio: 0.2968 MEVI | stima: 44.0758 MEVI | ricevuti: 40.6818 MEVI | ATTACCO: NO
[15:27:02][  SWAP] TRADER 0x15d34AAf54267DB7D7c367839AAf71A00a2C6A65 | 52.58 USDC | prot: HIGH | premio: 0.2891 MEVI | stima: 42.9435 MEVI | ricevuti: 40.3701 MEVI | ATTACCO: NO
[15:27:06][  SWAP] TRADER 0x14dC79964da2C08b23698B3D3cc7Ca32193d9955 | 118.68 USDC | prot: NESSUNA | stima: 86.8275 MEVI | ricevuti: 86.8275 MEVI | ATTACCO: NO
[15:27:07][  SWAP] TRADER 0x71bE63f3384f5fb98995898A86B02Fb2426c5788 | 103.85 USDC | prot: NESSUNA | stima: 76.1690 MEVI | ricevuti: 70.7681 MEVI | ATTACCO: SI | perdita: 2.3960 MEVI | rimborso: NON ASSICURATO
[15:27:08][  POOL] POOL UPDATE | mevi=113.8533 MEVI | eth=2.988000 ETH
[15:27:09][  SWAP] TRADER 0x9965507D1a55bcC2695C58ba16FB37d819B0A4dc | 136.14 USDC | prot: HIGH | premio: 0.7486 MEVI | stima: 99.3078 MEVI | ricevuti: 92.2414 MEVI | ATTACCO: NO
[15:27:09][  SWAP] TRADER 0x90F79bf6EB2c4f870365E785982E1f101E93b906 | 76.58 USDC | prot: HIGH | premio: 0.4211 MEVI | stima: 56.4290 MEVI | ricevuti: 50.1120 MEVI | ATTACCO: NO
[15:27:10][  SWAP] TRADER 0x976EA74026E726554dB657fA54763abd0C3a0aa9 | 99.54 USDC | prot: HIGH | premio: 0.5474 MEVI | stima: 82.6444 MEVI | ricevuti: 75.7264 MEVI | ATTACCO: SI | perdita: 2.7129 MEVI | rimborso: 2.7229 MEVI
[15:27:15][  SWAP] TRADER 0xa0Ee7A142d267C1f36714E4a8F75612F20a79720 | 146.86 USDC | prot: NESSUNA | stima: 142.6695 MEVI | ricevuti: 142.6695 MEVI | ATTACCO: NO
[15:27:21][  SWAP] TRADER 0xBcd4042DE499D14e55001CcbB24a551F3b954096 | 99.42 USDC | prot: NESSUNA | stima: 92.0492 MEVI | ricevuti: 92.0492 MEVI | ATTACCO: NO
[15:27:23][  SWAP] TRADER 0x23618e81E3f5cdF7f54C3d65f7FBc0aBf5B21E8f | 55.47 USDC | prot: NESSUNA | stima: 51.7914 MEVI | ricevuti: 49.8572 MEVI | ATTACCO: NO
[15:27:23][ATTACK] INSURED ATTACK | victim=0x3C44CdDdB6a900 | swap=82.1100 USDC | loss_sandwich=8.0486 MEVI (11.19%)
[15:27:30][  SWAP] TRADER 0x15d34AAf54267DB7D7c367839AAf71A00a2C6A65 | 95.06 USDC | prot: HIGH | premio: 0.5227 MEVI | stima: 83.0580 MEVI | ricevuti: 80.0373 MEVI | ATTACCO: NO
[15:27:31][  SWAP] TRADER 0x14dC79964da2C08b23698B3D3cc7Ca32193d9955 | 131.59 USDC | prot: NESSUNA | stima: 114.2028 MEVI | ricevuti: 106.3328 MEVI | ATTACCO: NO
[15:27:32][  SWAP] TRADER 0x71bE63f3384f5fb98995898A86B02Fb2426c5788 | 101.50 USDC | prot: NESSUNA | stima: 88.5792 MEVI | ricevuti: 79.4757 MEVI | ATTACCO: NO
[15:27:38][  SWAP] TRADER 0x9965507D1a55bcC2695C58ba16FB37d819B0A4dc | 131.90 USDC | prot: HIGH | premio: 0.7253 MEVI | stima: 99.1469 MEVI | ricevuti: 99.1469 MEVI | ATTACCO: NO
[15:27:38][  SWAP] TRADER 0x90F79bf6EB2c4f870365E785982E1f101E93b906 | 97.17 USDC | prot: HIGH | premio: 0.5343 MEVI | stima: 73.4785 MEVI | ricevuti: 70.2198 MEVI | ATTACCO: NO
[15:27:40][  SWAP] TRADER 0x976EA74026E726554dB657fA54763abd0C3a0aa9 | 62.38 USDC | prot: HIGH | premio: 0.3430 MEVI | stima: 47.4555 MEVI | ricevuti: 43.8787 MEVI | ATTACCO: NO
[15:27:40][  SWAP] TRADER 0x3C44CdDdB6a900fa2b585dd299e03d12FA4293BC | 82.11 USDC | prot: HIGH | premio: 0.4515 MEVI | stima: 71.9156 MEVI | ricevuti: 63.8670 MEVI | ATTACCO: SI | perdita: 8.0486 MEVI | rimborso: 8.0586 MEVI
[15:27:41][  SWAP] TRADER 0xa0Ee7A142d267C1f36714E4a8F75612F20a79720 | 122.96 USDC | prot: NESSUNA | stima: 85.6257 MEVI | ricevuti: 83.8701 MEVI | ATTACCO: NO
[15:27:45][  SWAP] TRADER 0xBcd4042DE499D14e55001CcbB24a551F3b954096 | 85.66 USDC | prot: NESSUNA | stima: 84.2172 MEVI | ricevuti: 84.2172 MEVI | ATTACCO: NO
[15:27:48][  SWAP] TRADER 0x23618e81E3f5cdF7f54C3d65f7FBc0aBf5B21E8f | 87.36 USDC | prot: NESSUNA | stima: 83.0159 MEVI | ricevuti: 83.0159 MEVI | ATTACCO: NO
[15:27:48][ATTACK] NAKED ATTACK | victim=0x14dC79964da2C0 | swap=110.8200 USDC | loss_sandwich=3.7692 MEVI (3.72%)
[15:27:55][  SWAP] TRADER 0x14dC79964da2C08b23698B3D3cc7Ca32193d9955 | 110.82 USDC | prot: NESSUNA | stima: 101.3595 MEVI | ricevuti: 97.5903 MEVI | ATTACCO: SI | perdita: 3.7692 MEVI | rimborso: NON ASSICURATO
[15:27:57][  SWAP] TRADER 0x71bE63f3384f5fb98995898A86B02Fb2426c5788 | 103.52 USDC | prot: NESSUNA | stima: 94.8137 MEVI | ricevuti: 91.0243 MEVI | ATTACCO: NO
[15:27:58][  SWAP] TRADER 0x15d34AAf54267DB7D7c367839AAf71A00a2C6A65 | 95.92 USDC | prot: HIGH | premio: 0.5275 MEVI | stima: 87.9796 MEVI | ricevuti: 81.2721 MEVI | ATTACCO: NO
[15:28:00][ATTACK] INSURED ATTACK | victim=0x976EA74026E726 | swap=88.9100 USDC | loss_sandwich=2.1305 MEVI (3.32%)
[15:28:06][  SWAP] TRADER 0xa0Ee7A142d267C1f36714E4a8F75612F20a79720 | 134.23 USDC | prot: NESSUNA | stima: 109.0696 MEVI | ricevuti: 100.8017 MEVI | ATTACCO: NO
[15:28:06][  SWAP] TRADER 0x9965507D1a55bcC2695C58ba16FB37d819B0A4dc | 146.09 USDC | prot: HIGH | premio: 0.8033 MEVI | stima: 118.4563 MEVI | ricevuti: 118.4563 MEVI | ATTACCO: NO
[15:28:06][  SWAP] TRADER 0x90F79bf6EB2c4f870365E785982E1f101E93b906 | 76.89 USDC | prot: HIGH | premio: 0.4228 MEVI | stima: 63.1222 MEVI | ricevuti: 59.9082 MEVI | ATTACCO: NO
[15:28:10][  SWAP] TRADER 0x3C44CdDdB6a900fa2b585dd299e03d12FA4293BC | 91.88 USDC | prot: HIGH | premio: 0.5052 MEVI | stima: 75.2252 MEVI | ricevuti: 63.2196 MEVI | ATTACCO: NO
[15:28:10][  SWAP] TRADER 0xBcd4042DE499D14e55001CcbB24a551F3b954096 | 57.74 USDC | prot: NESSUNA | stima: 40.7324 MEVI | ricevuti: 40.7324 MEVI | ATTACCO: NO
[15:28:13][  SWAP] TRADER 0x23618e81E3f5cdF7f54C3d65f7FBc0aBf5B21E8f | 53.11 USDC | prot: NESSUNA | stima: 35.6785 MEVI | ricevuti: 35.6785 MEVI | ATTACCO: NO
[15:28:17][  SWAP] TRADER 0x976EA74026E726554dB657fA54763abd0C3a0aa9 | 88.91 USDC | prot: HIGH | premio: 0.4889 MEVI | stima: 72.8324 MEVI | ricevuti: 62.1236 MEVI | ATTACCO: SI | perdita: 2.1305 MEVI | rimborso: 2.1405 MEVI
[15:28:21][  SWAP] TRADER 0x14dC79964da2C08b23698B3D3cc7Ca32193d9955 | 119.48 USDC | prot: NESSUNA | stima: 116.6915 MEVI | ricevuti: 116.6915 MEVI | ATTACCO: NO
[15:28:22][  SWAP] TRADER 0x71bE63f3384f5fb98995898A86B02Fb2426c5788 | 139.35 USDC | prot: NESSUNA | stima: 135.5716 MEVI | ricevuti: 129.3993 MEVI | ATTACCO: NO
[15:28:22][  SWAP] TRADER 0x15d34AAf54267DB7D7c367839AAf71A00a2C6A65 | 75.23 USDC | prot: HIGH | premio: 0.4137 MEVI | stima: 70.7203 MEVI | ricevuti: 67.0477 MEVI | ATTACCO: NO
[15:28:24][ATTACK] NAKED ATTACK | victim=0xa0Ee7A142d267C | swap=146.0300 USDC | loss_sandwich=4.4953 MEVI (3.60%)
[15:28:31][  SWAP] TRADER 0xa0Ee7A142d267C1f36714E4a8F75612F20a79720 | 146.03 USDC | prot: NESSUNA | stima: 124.8925 MEVI | ricevuti: 120.3972 MEVI | ATTACCO: SI | perdita: 4.4953 MEVI | rimborso: NON ASSICURATO
[15:28:34][  SWAP] TRADER 0x9965507D1a55bcC2695C58ba16FB37d819B0A4dc | 107.07 USDC | prot: HIGH | premio: 0.5888 MEVI | stima: 92.2276 MEVI | ricevuti: 85.7828 MEVI | ATTACCO: NO
[15:28:34][  SWAP] TRADER 0x90F79bf6EB2c4f870365E785982E1f101E93b906 | 57.03 USDC | prot: HIGH | premio: 0.3136 MEVI | stima: 49.5803 MEVI | ricevuti: 47.0608 MEVI | ATTACCO: NO
[15:28:36][  SWAP] TRADER 0xBcd4042DE499D14e55001CcbB24a551F3b954096 | 89.55 USDC | prot: NESSUNA | stima: 73.4643 MEVI | ricevuti: 69.2839 MEVI | ATTACCO: NO
[15:28:39][  SWAP] TRADER 0x23618e81E3f5cdF7f54C3d65f7FBc0aBf5B21E8f | 92.89 USDC | prot: NESSUNA | stima: 69.6160 MEVI | ricevuti: 69.6160 MEVI | ATTACCO: NO
[15:28:39][  SWAP] TRADER 0x3C44CdDdB6a900fa2b585dd299e03d12FA4293BC | 92.79 USDC | prot: HIGH | premio: 0.5103 MEVI | stima: 76.0781 MEVI | ricevuti: 67.3581 MEVI | ATTACCO: NO
[15:28:44][  SWAP] TRADER 0x976EA74026E726554dB657fA54763abd0C3a0aa9 | 67.59 USDC | prot: HIGH | premio: 0.3717 MEVI | stima: 47.7496 MEVI | ricevuti: 66.6885 MEVI | ATTACCO: NO
[15:28:44][  SWAP] TRADER 0x14dC79964da2C08b23698B3D3cc7Ca32193d9955 | 100.61 USDC | prot: NESSUNA | stima: 70.6868 MEVI | ricevuti: 96.0374 MEVI | ATTACCO: NO
[15:28:48][  SWAP] TRADER 0x71bE63f3384f5fb98995898A86B02Fb2426c5788 | 126.14 USDC | prot: NESSUNA | stima: 115.2502 MEVI | ricevuti: 115.2502 MEVI | ATTACCO: NO
[15:28:51][  SWAP] TRADER 0x15d34AAf54267DB7D7c367839AAf71A00a2C6A65 | 90.39 USDC | prot: HIGH | premio: 0.4971 MEVI | stima: 83.1480 MEVI | ricevuti: 79.2656 MEVI | ATTACCO: NO
[15:28:55][ATTACK] INSURED ATTACK | victim=0x9965507D1a55bc | swap=149.6700 USDC | loss_sandwich=6.2539 MEVI (5.33%)
[15:28:57][  SWAP] TRADER 0xa0Ee7A142d267C1f36714E4a8F75612F20a79720 | 111.80 USDC | prot: NESSUNA | stima: 94.4342 MEVI | ricevuti: 94.4342 MEVI | ATTACCO: NO
[15:28:57][ATTACK] NAKED ATTACK | victim=0x23618e81E3f5cd | swap=88.9800 USDC | loss_sandwich=2.2019 MEVI (3.35%)
[15:29:01][  SWAP] TRADER 0xBcd4042DE499D14e55001CcbB24a551F3b954096 | 77.20 USDC | prot: NESSUNA | stima: 62.9974 MEVI | ricevuti: 62.9974 MEVI | ATTACCO: NO
[15:29:03][  SWAP] TRADER 0x90F79bf6EB2c4f870365E785982E1f101E93b906 | 56.86 USDC | prot: HIGH | premio: 0.3127 MEVI | stima: 46.5693 MEVI | ricevuti: 43.7199 MEVI | ATTACCO: NO
[15:29:04][  SWAP] TRADER 0x23618e81E3f5cdF7f54C3d65f7FBc0aBf5B21E8f | 88.98 USDC | prot: NESSUNA | stima: 70.4794 MEVI | ricevuti: 63.5096 MEVI | ATTACCO: SI | perdita: 2.2019 MEVI | rimborso: NON ASSICURATO
[15:29:07][  SWAP] TRADER 0x3C44CdDdB6a900fa2b585dd299e03d12FA4293BC | 95.34 USDC | prot: HIGH | premio: 0.5243 MEVI | stima: 75.4323 MEVI | ricevuti: 68.2768 MEVI | ATTACCO: NO
[15:29:09][  POOL] POOL UPDATE | mevi=111.1458 MEVI | eth=2.948000 ETH
[15:29:09][  SWAP] TRADER 0x14dC79964da2C08b23698B3D3cc7Ca32193d9955 | 137.04 USDC | prot: NESSUNA | stima: 97.4576 MEVI | ricevuti: 94.3971 MEVI | ATTACCO: NO
[15:29:12][  SWAP] TRADER 0x976EA74026E726554dB657fA54763abd0C3a0aa9 | 97.25 USDC | prot: HIGH | premio: 0.5348 MEVI | stima: 69.6223 MEVI | ricevuti: 64.4533 MEVI | ATTACCO: NO
[15:29:13][  SWAP] TRADER 0x9965507D1a55bcC2695C58ba16FB37d819B0A4dc | 149.67 USDC | prot: HIGH | premio: 0.8230 MEVI | stima: 120.5674 MEVI | ricevuti: 111.0399 MEVI | ATTACCO: SI | perdita: 6.2539 MEVI | rimborso: 6.2639 MEVI
[15:29:13][  SWAP] TRADER 0x71bE63f3384f5fb98995898A86B02Fb2426c5788 | 147.30 USDC | prot: NESSUNA | stima: 96.8415 MEVI | ricevuti: 93.8576 MEVI | ATTACCO: NO
[15:29:17][  SWAP] TRADER 0x15d34AAf54267DB7D7c367839AAf71A00a2C6A65 | 98.93 USDC | prot: HIGH | premio: 0.5440 MEVI | stima: 60.6255 MEVI | ricevuti: 60.6255 MEVI | ATTACCO: NO
[15:29:22][  SWAP] TRADER 0xa0Ee7A142d267C1f36714E4a8F75612F20a79720 | 101.32 USDC | prot: NESSUNA | stima: 60.1884 MEVI | ricevuti: 60.1884 MEVI | ATTACCO: NO
[15:29:27][  SWAP] TRADER 0xBcd4042DE499D14e55001CcbB24a551F3b954096 | 78.58 USDC | prot: NESSUNA | stima: 45.4107 MEVI | ricevuti: 45.4107 MEVI | ATTACCO: NO
[15:29:30][  SWAP] TRADER 0x23618e81E3f5cdF7f54C3d65f7FBc0aBf5B21E8f | 61.29 USDC | prot: NESSUNA | stima: 34.6771 MEVI | ricevuti: 34.6771 MEVI | ATTACCO: NO
[15:29:31][  SWAP] TRADER 0x90F79bf6EB2c4f870365E785982E1f101E93b906 | 74.12 USDC | prot: HIGH | premio: 0.4076 MEVI | stima: 42.8622 MEVI | ricevuti: 41.0951 MEVI | ATTACCO: NO
[15:29:31][ATTACK] NAKED ATTACK | victim=0x71bE63f3384f5f | swap=124.3500 USDC | loss_sandwich=1.7856 MEVI (2.80%)
[15:29:34][  SWAP] TRADER 0x14dC79964da2C08b23698B3D3cc7Ca32193d9955 | 106.47 USDC | prot: NESSUNA | stima: 57.4770 MEVI | ricevuti: 57.4770 MEVI | ATTACCO: NO
[15:29:36][  SWAP] TRADER 0x3C44CdDdB6a900fa2b585dd299e03d12FA4293BC | 65.10 USDC | prot: HIGH | premio: 0.3580 MEVI | stima: 36.1424 MEVI | ricevuti: 34.2728 MEVI | ATTACCO: NO
[15:29:39][  SWAP] TRADER 0x71bE63f3384f5fb98995898A86B02Fb2426c5788 | 124.35 USDC | prot: NESSUNA | stima: 63.7062 MEVI | ricevuti: 61.9206 MEVI | ATTACCO: SI | perdita: 1.7856 MEVI | rimborso: NON ASSICURATO
[15:29:41][  SWAP] TRADER 0x9965507D1a55bcC2695C58ba16FB37d819B0A4dc | 141.45 USDC | prot: HIGH | premio: 0.7778 MEVI | stima: 72.2913 MEVI | ricevuti: 68.8523 MEVI | ATTACCO: NO
[15:29:41][  SWAP] TRADER 0x976EA74026E726554dB657fA54763abd0C3a0aa9 | 50.71 USDC | prot: HIGH | premio: 0.2789 MEVI | stima: 26.2537 MEVI | ricevuti: 25.3568 MEVI | ATTACCO: NO
[15:29:41][  SWAP] TRADER 0x15d34AAf54267DB7D7c367839AAf71A00a2C6A65 | 87.72 USDC | prot: HIGH | premio: 0.4824 MEVI | stima: 43.6356 MEVI | ricevuti: 41.3628 MEVI | ATTACCO: NO
[15:29:45][  SWAP] TRADER 0xa0Ee7A142d267C1f36714E4a8F75612F20a79720 | 132.67 USDC | prot: NESSUNA | stima: 129.2407 MEVI | ricevuti: 129.2407 MEVI | ATTACCO: NO
[15:29:52][  SWAP] TRADER 0xBcd4042DE499D14e55001CcbB24a551F3b954096 | 72.31 USDC | prot: NESSUNA | stima: 67.6669 MEVI | ricevuti: 67.6669 MEVI | ATTACCO: NO
[15:29:52][ATTACK] INSURED ATTACK | victim=0x90F79bf6EB2c4f | swap=98.7600 USDC | loss_sandwich=3.1350 MEVI (3.64%)
[15:29:55][  SWAP] TRADER 0x23618e81E3f5cdF7f54C3d65f7FBc0aBf5B21E8f | 96.81 USDC | prot: NESSUNA | stima: 87.7038 MEVI | ricevuti: 87.7038 MEVI | ATTACCO: NO
[15:30:01][  SWAP] TRADER 0x14dC79964da2C08b23698B3D3cc7Ca32193d9955 | 108.71 USDC | prot: NESSUNA | stima: 94.7435 MEVI | ricevuti: 91.4320 MEVI | ATTACCO: NO
[15:30:04][  SWAP] TRADER 0x3C44CdDdB6a900fa2b585dd299e03d12FA4293BC | 98.80 USDC | prot: HIGH | premio: 0.5433 MEVI | stima: 86.2647 MEVI | ricevuti: 80.0209 MEVI | ATTACCO: NO
[15:30:06][  SWAP] TRADER 0x71bE63f3384f5fb98995898A86B02Fb2426c5788 | 141.14 USDC | prot: NESSUNA | stima: 113.4562 MEVI | ricevuti: 109.5402 MEVI | ATTACCO: NO
[15:30:09][  SWAP] TRADER 0x976EA74026E726554dB657fA54763abd0C3a0aa9 | 55.34 USDC | prot: HIGH | premio: 0.3043 MEVI | stima: 45.1716 MEVI | ricevuti: 41.4955 MEVI | ATTACCO: NO
[15:30:09][  SWAP] TRADER 0x9965507D1a55bcC2695C58ba16FB37d819B0A4dc | 143.54 USDC | prot: HIGH | premio: 0.7893 MEVI | stima: 115.3365 MEVI | ricevuti: 104.0299 MEVI | ATTACCO: NO
[15:30:09][  SWAP] TRADER 0x15d34AAf54267DB7D7c367839AAf71A00a2C6A65 | 89.97 USDC | prot: HIGH | premio: 0.4947 MEVI | stima: 72.9842 MEVI | ricevuti: 62.6825 MEVI | ATTACCO: NO
[15:30:10][  SWAP] TRADER 0x90F79bf6EB2c4f870365E785982E1f101E93b906 | 98.76 USDC | prot: HIGH | premio: 0.5431 MEVI | stima: 89.4375 MEVI | ricevuti: 83.0955 MEVI | ATTACCO: SI | perdita: 3.1350 MEVI | rimborso: 3.1450 MEVI
[15:30:10][  SWAP] TRADER 0xa0Ee7A142d267C1f36714E4a8F75612F20a79720 | 139.52 USDC | prot: NESSUNA | stima: 103.1198 MEVI | ricevuti: 93.5917 MEVI | ATTACCO: NO
[15:30:13][ATTACK] NAKED ATTACK | victim=0x23618e81E3f5cd | swap=57.3500 USDC | loss_sandwich=2.0925 MEVI (3.80%)
[15:30:17][  SWAP] TRADER 0xBcd4042DE499D14e55001CcbB24a551F3b954096 | 77.32 USDC | prot: NESSUNA | stima: 76.1425 MEVI | ricevuti: 76.1425 MEVI | ATTACCO: NO
[15:30:20][  SWAP] TRADER 0x23618e81E3f5cdF7f54C3d65f7FBc0aBf5B21E8f | 57.35 USDC | prot: NESSUNA | stima: 54.9954 MEVI | ricevuti: 52.9029 MEVI | ATTACCO: SI | perdita: 2.0925 MEVI | rimborso: NON ASSICURATO
[15:30:26][  SWAP] TRADER 0x14dC79964da2C08b23698B3D3cc7Ca32193d9955 | 102.65 USDC | prot: NESSUNA | stima: 95.4726 MEVI | ricevuti: 95.4726 MEVI | ATTACCO: NO
[15:30:29][ATTACK] INSURED ATTACK | victim=0x9965507D1a55bc | swap=133.5100 USDC | loss_sandwich=6.9539 MEVI (6.59%)
[15:30:31][  SWAP] TRADER 0x71bE63f3384f5fb98995898A86B02Fb2426c5788 | 130.51 USDC | prot: NESSUNA | stima: 116.1109 MEVI | ricevuti: 116.1109 MEVI | ATTACCO: NO
[15:30:32][  SWAP] TRADER 0x3C44CdDdB6a900fa2b585dd299e03d12FA4293BC | 70.78 USDC | prot: HIGH | premio: 0.3892 MEVI | stima: 63.6796 MEVI | ricevuti: 60.6397 MEVI | ATTACCO: NO
[15:30:35][  SWAP] TRADER 0xa0Ee7A142d267C1f36714E4a8F75612F20a79720 | 121.81 USDC | prot: NESSUNA | stima: 100.7436 MEVI | ricevuti: 100.7436 MEVI | ATTACCO: NO
[15:30:37][  SWAP] TRADER 0x15d34AAf54267DB7D7c367839AAf71A00a2C6A65 | 57.57 USDC | prot: HIGH | premio: 0.3166 MEVI | stima: 49.4424 MEVI | ricevuti: 41.1143 MEVI | ATTACCO: NO
[15:30:37][  SWAP] TRADER 0x976EA74026E726554dB657fA54763abd0C3a0aa9 | 95.15 USDC | prot: HIGH | premio: 0.5232 MEVI | stima: 81.1547 MEVI | ricevuti: 73.0458 MEVI | ATTACCO: NO
[15:30:38][  SWAP] TRADER 0x90F79bf6EB2c4f870365E785982E1f101E93b906 | 95.00 USDC | prot: HIGH | premio: 0.5224 MEVI | stima: 78.9510 MEVI | ricevuti: 68.6092 MEVI | ATTACCO: NO
[15:30:44][ATTACK] NAKED ATTACK | victim=0x14dC79964da2C0 | swap=148.2100 USDC | loss_sandwich=5.5113 MEVI (3.83%)
[15:30:44][  SWAP] TRADER 0xBcd4042DE499D14e55001CcbB24a551F3b954096 | 83.61 USDC | prot: NESSUNA | stima: 58.5903 MEVI | ricevuti: 58.5903 MEVI | ATTACCO: NO
[15:30:46][  SWAP] TRADER 0x23618e81E3f5cdF7f54C3d65f7FBc0aBf5B21E8f | 53.80 USDC | prot: NESSUNA | stima: 37.8885 MEVI | ricevuti: 36.8471 MEVI | ATTACCO: NO
[15:30:46][  SWAP] TRADER 0x9965507D1a55bcC2695C58ba16FB37d819B0A4dc | 133.51 USDC | prot: HIGH | premio: 0.7342 MEVI | stima: 113.0782 MEVI | ricevuti: 98.5139 MEVI | ATTACCO: SI | perdita: 6.9539 MEVI | rimborso: 6.9639 MEVI
[15:30:51][  SWAP] TRADER 0x14dC79964da2C08b23698B3D3cc7Ca32193d9955 | 148.21 USDC | prot: NESSUNA | stima: 143.9432 MEVI | ricevuti: 138.4319 MEVI | ATTACCO: SI | perdita: 5.5113 MEVI | rimborso: NON ASSICURATO
[15:30:57][  SWAP] TRADER 0x71bE63f3384f5fb98995898A86B02Fb2426c5788 | 107.14 USDC | prot: NESSUNA | stima: 99.1826 MEVI | ricevuti: 99.1826 MEVI | ATTACCO: NO
[15:31:01][  SWAP] TRADER 0xa0Ee7A142d267C1f36714E4a8F75612F20a79720 | 128.57 USDC | prot: NESSUNA | stima: 113.8056 MEVI | ricevuti: 109.8484 MEVI | ATTACCO: NO
[15:31:01][  SWAP] TRADER 0x3C44CdDdB6a900fa2b585dd299e03d12FA4293BC | 94.87 USDC | prot: HIGH | premio: 0.5217 MEVI | stima: 88.0296 MEVI | ricevuti: 84.5049 MEVI | ATTACCO: NO
[15:31:06][  SWAP] TRADER 0x15d34AAf54267DB7D7c367839AAf71A00a2C6A65 | 79.15 USDC | prot: HIGH | premio: 0.4352 MEVI | stima: 70.7104 MEVI | ricevuti: 63.5997 MEVI | ATTACCO: NO
[15:31:06][  SWAP] TRADER 0x976EA74026E726554dB657fA54763abd0C3a0aa9 | 64.44 USDC | prot: HIGH | premio: 0.3544 MEVI | stima: 57.7282 MEVI | ricevuti: 53.1379 MEVI | ATTACCO: NO
[15:31:07][  SWAP] TRADER 0x90F79bf6EB2c4f870365E785982E1f101E93b906 | 89.23 USDC | prot: HIGH | premio: 0.4907 MEVI | stima: 73.2522 MEVI | ricevuti: 69.5838 MEVI | ATTACCO: NO
[15:31:09][  POOL] POOL UPDATE | mevi=105.1604 MEVI | eth=2.894000 ETH
[15:31:10][  SWAP] TRADER 0xBcd4042DE499D14e55001CcbB24a551F3b954096 | 77.75 USDC | prot: NESSUNA | stima: 58.8812 MEVI | ricevuti: 58.8812 MEVI | ATTACCO: NO
[15:31:12][  SWAP] TRADER 0x23618e81E3f5cdF7f54C3d65f7FBc0aBf5B21E8f | 76.41 USDC | prot: NESSUNA | stima: 57.8798 MEVI | ricevuti: 56.3443 MEVI | ATTACCO: NO
[15:31:15][  SWAP] TRADER 0x9965507D1a55bcC2695C58ba16FB37d819B0A4dc | 104.80 USDC | prot: HIGH | premio: 0.5763 MEVI | stima: 78.9971 MEVI | ricevuti: 74.9316 MEVI | ATTACCO: NO
[15:31:16][  SWAP] TRADER 0x14dC79964da2C08b23698B3D3cc7Ca32193d9955 | 142.31 USDC | prot: NESSUNA | stima: 101.1154 MEVI | ricevuti: 97.6347 MEVI | ATTACCO: NO
[15:31:19][ATTACK] NAKED ATTACK | victim=0xa0Ee7A142d267C | swap=124.5800 USDC | loss_sandwich=4.3533 MEVI (3.75%)
[15:31:22][  SWAP] TRADER 0x71bE63f3384f5fb98995898A86B02Fb2426c5788 | 118.92 USDC | prot: NESSUNA | stima: 116.1573 MEVI | ricevuti: 116.1573 MEVI | ATTACCO: NO
[15:31:22][ATTACK] INSURED ATTACK | victim=0x3C44CdDdB6a900 | swap=87.5700 USDC | loss_sandwich=2.8868 MEVI (3.68%)
[15:31:27][  SWAP] TRADER 0xa0Ee7A142d267C1f36714E4a8F75612F20a79720 | 124.58 USDC | prot: NESSUNA | stima: 116.0349 MEVI | ricevuti: 111.6817 MEVI | ATTACCO: SI | perdita: 4.3533 MEVI | rimborso: NON ASSICURATO
[15:31:34][  SWAP] TRADER 0x976EA74026E726554dB657fA54763abd0C3a0aa9 | 74.22 USDC | prot: HIGH | premio: 0.4081 MEVI | stima: 66.6396 MEVI | ricevuti: 62.6161 MEVI | ATTACCO: NO
[15:31:34][  SWAP] TRADER 0x15d34AAf54267DB7D7c367839AAf71A00a2C6A65 | 81.58 USDC | prot: HIGH | premio: 0.4486 MEVI | stima: 73.1466 MEVI | ricevuti: 70.8391 MEVI | ATTACCO: NO
[15:31:36][  SWAP] TRADER 0x90F79bf6EB2c4f870365E785982E1f101E93b906 | 78.58 USDC | prot: HIGH | premio: 0.4321 MEVI | stima: 68.2720 MEVI | ricevuti: 64.4723 MEVI | ATTACCO: NO
[15:31:36][  SWAP] TRADER 0xBcd4042DE499D14e55001CcbB24a551F3b954096 | 67.82 USDC | prot: NESSUNA | stima: 59.0410 MEVI | ricevuti: 54.1965 MEVI | ATTACCO: NO
[15:31:37][  SWAP] TRADER 0x23618e81E3f5cdF7f54C3d65f7FBc0aBf5B21E8f | 95.68 USDC | prot: NESSUNA | stima: 78.2616 MEVI | ricevuti: 74.2756 MEVI | ATTACCO: NO
[15:31:39][  SWAP] TRADER 0x3C44CdDdB6a900fa2b585dd299e03d12FA4293BC | 87.57 USDC | prot: HIGH | premio: 0.4815 MEVI | stima: 82.1433 MEVI | ricevuti: 75.5423 MEVI | ATTACCO: SI | perdita: 2.8868 MEVI | rimborso: 2.8968 MEVI
[15:31:42][  SWAP] TRADER 0x14dC79964da2C08b23698B3D3cc7Ca32193d9955 | 116.77 USDC | prot: NESSUNA | stima: 87.3498 MEVI | ricevuti: 87.3498 MEVI | ATTACCO: NO
[15:31:43][  SWAP] TRADER 0x9965507D1a55bcC2695C58ba16FB37d819B0A4dc | 110.24 USDC | prot: HIGH | premio: 0.6062 MEVI | stima: 82.5574 MEVI | ricevuti: 79.3187 MEVI | ATTACCO: NO
[15:31:47][  SWAP] TRADER 0x71bE63f3384f5fb98995898A86B02Fb2426c5788 | 131.01 USDC | prot: NESSUNA | stima: 90.5232 MEVI | ricevuti: 127.6649 MEVI | ATTACCO: NO
[15:31:52][  SWAP] TRADER 0xa0Ee7A142d267C1f36714E4a8F75612F20a79720 | 146.58 USDC | prot: NESSUNA | stima: 135.3244 MEVI | ricevuti: 135.3244 MEVI | ATTACCO: NO
[15:31:55][ATTACK] INSURED ATTACK | victim=0x15d34AAf54267D | swap=95.4800 USDC | loss_sandwich=5.3094 MEVI (6.51%)
[15:31:56][ATTACK] NAKED ATTACK | victim=0x23618e81E3f5cd | swap=92.5100 USDC | loss_sandwich=2.5896 MEVI (3.49%)
[15:32:01][  SWAP] TRADER 0xBcd4042DE499D14e55001CcbB24a551F3b954096 | 83.53 USDC | prot: NESSUNA | stima: 73.8059 MEVI | ricevuti: 73.8059 MEVI | ATTACCO: NO
[15:32:02][  SWAP] TRADER 0x976EA74026E726554dB657fA54763abd0C3a0aa9 | 85.04 USDC | prot: HIGH | premio: 0.4676 MEVI | stima: 75.1190 MEVI | ricevuti: 70.1922 MEVI | ATTACCO: NO
[15:32:03][  SWAP] TRADER 0x23618e81E3f5cdF7f54C3d65f7FBc0aBf5B21E8f | 92.51 USDC | prot: NESSUNA | stima: 79.1020 MEVI | ricevuti: 71.6327 MEVI | ATTACCO: SI | perdita: 2.5896 MEVI | rimborso: NON ASSICURATO
[15:32:03][  SWAP] TRADER 0x90F79bf6EB2c4f870365E785982E1f101E93b906 | 59.35 USDC | prot: HIGH | premio: 0.3264 MEVI | stima: 52.6784 MEVI | ricevuti: 44.7503 MEVI | ATTACCO: NO
[15:32:03][  SWAP] TRADER 0x3C44CdDdB6a900fa2b585dd299e03d12FA4293BC | 59.83 USDC | prot: HIGH | premio: 0.3290 MEVI | stima: 48.2829 MEVI | ricevuti: 45.8223 MEVI | ATTACCO: NO
[15:32:06][  SWAP] TRADER 0x14dC79964da2C08b23698B3D3cc7Ca32193d9955 | 128.87 USDC | prot: NESSUNA | stima: 95.5268 MEVI | ricevuti: 95.5268 MEVI | ATTACCO: NO
[15:32:11][  SWAP] TRADER 0x15d34AAf54267DB7D7c367839AAf71A00a2C6A65 | 95.48 USDC | prot: HIGH | premio: 0.5250 MEVI | stima: 84.1772 MEVI | ricevuti: 76.2877 MEVI | ATTACCO: SI | perdita: 5.3094 MEVI | rimborso: 5.3194 MEVI
[15:32:11][  SWAP] TRADER 0x9965507D1a55bcC2695C58ba16FB37d819B0A4dc | 113.70 USDC | prot: HIGH | premio: 0.6252 MEVI | stima: 80.8664 MEVI | ricevuti: 80.8664 MEVI | ATTACCO: NO
[15:32:13][  SWAP] TRADER 0x71bE63f3384f5fb98995898A86B02Fb2426c5788 | 114.26 USDC | prot: NESSUNA | stima: 81.2571 MEVI | ricevuti: 78.2279 MEVI | ATTACCO: NO
[15:32:16][  SWAP] TRADER 0xa0Ee7A142d267C1f36714E4a8F75612F20a79720 | 130.18 USDC | prot: NESSUNA | stima: 85.6306 MEVI | ricevuti: 85.6306 MEVI | ATTACCO: NO
[15:32:23][ATTACK] NAKED ATTACK | victim=0x14dC79964da2C0 | swap=128.4200 USDC | loss_sandwich=8.2276 MEVI (6.98%)
[15:32:26][  SWAP] TRADER 0xBcd4042DE499D14e55001CcbB24a551F3b954096 | 69.11 USDC | prot: NESSUNA | stima: 68.1678 MEVI | ricevuti: 68.1678 MEVI | ATTACCO: NO
[15:32:29][  SWAP] TRADER 0x23618e81E3f5cdF7f54C3d65f7FBc0aBf5B21E8f | 85.08 USDC | prot: NESSUNA | stima: 81.4095 MEVI | ricevuti: 81.4095 MEVI | ATTACCO: NO
[15:32:30][  SWAP] TRADER 0x14dC79964da2C08b23698B3D3cc7Ca32193d9955 | 128.42 USDC | prot: NESSUNA | stima: 121.8552 MEVI | ricevuti: 109.6860 MEVI | ATTACCO: SI | perdita: 8.2276 MEVI | rimborso: NON ASSICURATO
[15:32:30][  SWAP] TRADER 0x976EA74026E726554dB657fA54763abd0C3a0aa9 | 92.15 USDC | prot: HIGH | premio: 0.5067 MEVI | stima: 90.4824 MEVI | ricevuti: 82.0112 MEVI | ATTACCO: NO
[15:32:32][  SWAP] TRADER 0x3C44CdDdB6a900fa2b585dd299e03d12FA4293BC | 56.17 USDC | prot: HIGH | premio: 0.3089 MEVI | stima: 54.0499 MEVI | ricevuti: 47.3247 MEVI | ATTACCO: NO
[15:32:32][  SWAP] TRADER 0x90F79bf6EB2c4f870365E785982E1f101E93b906 | 51.91 USDC | prot: HIGH | premio: 0.2855 MEVI | stima: 49.9923 MEVI | ricevuti: 44.6162 MEVI | ATTACCO: NO
[15:32:38][  SWAP] TRADER 0x71bE63f3384f5fb98995898A86B02Fb2426c5788 | 131.64 USDC | prot: NESSUNA | stima: 107.1953 MEVI | ricevuti: 107.1953 MEVI | ATTACCO: NO
[15:32:39][  SWAP] TRADER 0x9965507D1a55bcC2695C58ba16FB37d819B0A4dc | 149.83 USDC | prot: HIGH | premio: 0.8239 MEVI | stima: 121.6130 MEVI | ricevuti: 112.2168 MEVI | ATTACCO: NO
[15:32:39][  SWAP] TRADER 0x15d34AAf54267DB7D7c367839AAf71A00a2C6A65 | 96.02 USDC | prot: HIGH | premio: 0.5280 MEVI | stima: 78.6896 MEVI | ricevuti: 75.0684 MEVI | ATTACCO: NO
[15:32:42][  SWAP] TRADER 0xa0Ee7A142d267C1f36714E4a8F75612F20a79720 | 135.78 USDC | prot: NESSUNA | stima: 96.8439 MEVI | ricevuti: 96.8439 MEVI | ATTACCO: NO
[15:32:52][  SWAP] TRADER 0xBcd4042DE499D14e55001CcbB24a551F3b954096 | 65.53 USDC | prot: NESSUNA | stima: 64.6823 MEVI | ricevuti: 64.6823 MEVI | ATTACCO: NO
[15:32:52][ATTACK] INSURED ATTACK | victim=0x976EA74026E726 | swap=52.0700 USDC | loss_sandwich=1.7250 MEVI (3.69%)
[15:32:55][  SWAP] TRADER 0x23618e81E3f5cdF7f54C3d65f7FBc0aBf5B21E8f | 50.83 USDC | prot: NESSUNA | stima: 49.0314 MEVI | ricevuti: 49.0314 MEVI | ATTACCO: NO
[15:32:56][  SWAP] TRADER 0x14dC79964da2C08b23698B3D3cc7Ca32193d9955 | 132.25 USDC | prot: NESSUNA | stima: 125.5720 MEVI | ricevuti: 123.1205 MEVI | ATTACCO: NO
[15:33:01][  SWAP] TRADER 0x3C44CdDdB6a900fa2b585dd299e03d12FA4293BC | 68.86 USDC | prot: HIGH | premio: 0.3787 MEVI | stima: 64.8901 MEVI | ricevuti: 60.5050 MEVI | ATTACCO: NO
[15:33:01][ATTACK] NAKED ATTACK | victim=0xa0Ee7A142d267C | swap=129.1400 USDC | loss_sandwich=3.4874 MEVI (3.45%)
[15:33:02][  SWAP] TRADER 0x90F79bf6EB2c4f870365E785982E1f101E93b906 | 95.27 USDC | prot: HIGH | premio: 0.5239 MEVI | stima: 84.9171 MEVI | ricevuti: 81.1960 MEVI | ATTACCO: NO
[15:33:04][  SWAP] TRADER 0x71bE63f3384f5fb98995898A86B02Fb2426c5788 | 121.94 USDC | prot: NESSUNA | stima: 103.4212 MEVI | ricevuti: 99.8848 MEVI | ATTACCO: NO
[15:33:08][  SWAP] TRADER 0xa0Ee7A142d267C1f36714E4a8F75612F20a79720 | 129.14 USDC | prot: NESSUNA | stima: 101.1351 MEVI | ricevuti: 97.6477 MEVI | ATTACCO: SI | perdita: 3.4874 MEVI | rimborso: NON ASSICURATO
[15:33:08][  SWAP] TRADER 0x15d34AAf54267DB7D7c367839AAf71A00a2C6A65 | 84.55 USDC | prot: HIGH | premio: 0.4649 MEVI | stima: 69.7242 MEVI | ricevuti: 61.6158 MEVI | ATTACCO: NO
[15:33:09][  POOL] POOL UPDATE | mevi=106.4335 MEVI | eth=2.844000 ETH
[15:33:09][  SWAP] TRADER 0x976EA74026E726554dB657fA54763abd0C3a0aa9 | 52.07 USDC | prot: HIGH | premio: 0.2863 MEVI | stima: 50.2153 MEVI | ricevuti: 45.0649 MEVI | ATTACCO: SI | perdita: 1.7250 MEVI | rimborso: 1.7350 MEVI
[15:33:10][  SWAP] TRADER 0x9965507D1a55bcC2695C58ba16FB37d819B0A4dc | 133.22 USDC | prot: HIGH | premio: 0.7326 MEVI | stima: 104.2559 MEVI | ricevuti: 97.0135 MEVI | ATTACCO: NO
[15:33:15][  SWAP] TRADER 0xBcd4042DE499D14e55001CcbB24a551F3b954096 | 83.78 USDC | prot: NESSUNA | stima: 58.8074 MEVI | ricevuti: 58.8074 MEVI | ATTACCO: NO
[15:33:20][  SWAP] TRADER 0x23618e81E3f5cdF7f54C3d65f7FBc0aBf5B21E8f | 75.73 USDC | prot: NESSUNA | stima: 74.6001 MEVI | ricevuti: 74.6001 MEVI | ATTACCO: NO
[15:33:23][  SWAP] TRADER 0x14dC79964da2C08b23698B3D3cc7Ca32193d9955 | 124.24 USDC | prot: NESSUNA | stima: 117.6798 MEVI | ricevuti: 117.6798 MEVI | ATTACCO: NO
[15:33:29][  SWAP] TRADER 0x3C44CdDdB6a900fa2b585dd299e03d12FA4293BC | 63.01 USDC | prot: HIGH | premio: 0.3465 MEVI | stima: 57.5595 MEVI | ricevuti: 57.5595 MEVI | ATTACCO: NO
[15:33:31][  SWAP] TRADER 0x90F79bf6EB2c4f870365E785982E1f101E93b906 | 73.40 USDC | prot: HIGH | premio: 0.4036 MEVI | stima: 66.9186 MEVI | ricevuti: 65.3368 MEVI | ATTACCO: NO
[15:33:31][  SWAP] TRADER 0x71bE63f3384f5fb98995898A86B02Fb2426c5788 | 134.66 USDC | prot: NESSUNA | stima: 121.3594 MEVI | ricevuti: 115.3087 MEVI | ATTACCO: NO
[15:33:31][ATTACK] INSURED ATTACK | victim=0x9965507D1a55bc | swap=146.8300 USDC | loss_sandwich=3.7250 MEVI (3.38%)
[15:33:34][  SWAP] TRADER 0xa0Ee7A142d267C1f36714E4a8F75612F20a79720 | 139.25 USDC | prot: NESSUNA | stima: 113.4175 MEVI | ricevuti: 113.4175 MEVI | ATTACCO: NO
[15:33:37][  SWAP] TRADER 0x15d34AAf54267DB7D7c367839AAf71A00a2C6A65 | 86.70 USDC | prot: HIGH | premio: 0.4768 MEVI | stima: 71.2838 MEVI | ricevuti: 67.8154 MEVI | ATTACCO: NO
[15:33:38][  SWAP] TRADER 0x976EA74026E726554dB657fA54763abd0C3a0aa9 | 98.08 USDC | prot: HIGH | premio: 0.5393 MEVI | stima: 80.4756 MEVI | ricevuti: 68.2781 MEVI | ATTACCO: NO
[15:33:40][  SWAP] TRADER 0xBcd4042DE499D14e55001CcbB24a551F3b954096 | 87.33 USDC | prot: NESSUNA | stima: 66.2530 MEVI | ricevuti: 61.0946 MEVI | ATTACCO: NO
[15:33:41][ATTACK] NAKED ATTACK | victim=0x14dC79964da2C0 | swap=119.0900 USDC | loss_sandwich=2.4963 MEVI (3.17%)
[15:33:46][  SWAP] TRADER 0x23618e81E3f5cdF7f54C3d65f7FBc0aBf5B21E8f | 71.11 USDC | prot: NESSUNA | stima: 48.4537 MEVI | ricevuti: 48.4537 MEVI | ATTACCO: NO
[15:33:48][  SWAP] TRADER 0x9965507D1a55bcC2695C58ba16FB37d819B0A4dc | 146.83 USDC | prot: HIGH | premio: 0.8074 MEVI | stima: 119.4299 MEVI | ricevuti: 106.5336 MEVI | ATTACCO: SI | perdita: 3.7250 MEVI | rimborso: 3.7350 MEVI
[15:33:49][  SWAP] TRADER 0x14dC79964da2C08b23698B3D3cc7Ca32193d9955 | 119.09 USDC | prot: NESSUNA | stima: 78.6623 MEVI | ricevuti: 76.1660 MEVI | ATTACCO: SI | perdita: 2.4963 MEVI | rimborso: NON ASSICURATO
[15:33:52][  SWAP] TRADER 0x3C44CdDdB6a900fa2b585dd299e03d12FA4293BC | 71.20 USDC | prot: HIGH | premio: 0.3915 MEVI | stima: 72.0410 MEVI | ricevuti: 72.0410 MEVI | ATTACCO: NO
[15:33:56][  SWAP] TRADER 0x71bE63f3384f5fb98995898A86B02Fb2426c5788 | 111.78 USDC | prot: NESSUNA | stima: 109.0570 MEVI | ricevuti: 109.0570 MEVI | ATTACCO: NO
[15:33:56][  SWAP] TRADER 0x90F79bf6EB2c4f870365E785982E1f101E93b906 | 98.83 USDC | prot: HIGH | premio: 0.5435 MEVI | stima: 96.6670 MEVI | ricevuti: 92.5299 MEVI | ATTACCO: NO
[15:33:59][  SWAP] TRADER 0xa0Ee7A142d267C1f36714E4a8F75612F20a79720 | 147.04 USDC | prot: NESSUNA | stima: 131.3566 MEVI | ricevuti: 131.3566 MEVI | ATTACCO: NO
[15:34:05][  SWAP] TRADER 0x15d34AAf54267DB7D7c367839AAf71A00a2C6A65 | 77.36 USDC | prot: HIGH | premio: 0.4254 MEVI | stima: 66.2588 MEVI | ricevuti: 64.0214 MEVI | ATTACCO: NO
[15:34:05][  SWAP] TRADER 0xBcd4042DE499D14e55001CcbB24a551F3b954096 | 93.59 USDC | prot: NESSUNA | stima: 79.9214 MEVI | ricevuti: 79.9214 MEVI | ATTACCO: NO
[15:34:06][  SWAP] TRADER 0x976EA74026E726554dB657fA54763abd0C3a0aa9 | 50.92 USDC | prot: HIGH | premio: 0.2800 MEVI | stima: 43.8259 MEVI | ricevuti: 41.1725 MEVI | ATTACCO: NO
[15:34:11][  SWAP] TRADER 0x23618e81E3f5cdF7f54C3d65f7FBc0aBf5B21E8f | 88.23 USDC | prot: NESSUNA | stima: 69.5909 MEVI | ricevuti: 69.5909 MEVI | ATTACCO: NO
[15:34:14][  SWAP] TRADER 0x14dC79964da2C08b23698B3D3cc7Ca32193d9955 | 111.07 USDC | prot: NESSUNA | stima: 84.5878 MEVI | ricevuti: 84.5878 MEVI | ATTACCO: NO
[15:34:14][ATTACK] NAKED ATTACK | victim=0x71bE63f3384f5f | swap=137.7000 USDC | loss_sandwich=5.1360 MEVI (3.83%)
[15:34:17][  SWAP] TRADER 0x9965507D1a55bcC2695C58ba16FB37d819B0A4dc | 117.06 USDC | prot: HIGH | premio: 0.6437 MEVI | stima: 89.0574 MEVI | ricevuti: 85.7039 MEVI | ATTACCO: NO
[15:34:21][  SWAP] TRADER 0x71bE63f3384f5fb98995898A86B02Fb2426c5788 | 137.70 USDC | prot: NESSUNA | stima: 96.5630 MEVI | ricevuti: 128.8734 MEVI | ATTACCO: SI | perdita: 5.1360 MEVI | rimborso: NON ASSICURATO
[15:34:21][  SWAP] TRADER 0x3C44CdDdB6a900fa2b585dd299e03d12FA4293BC | 69.68 USDC | prot: HIGH | premio: 0.3832 MEVI | stima: 49.4201 MEVI | ricevuti: 62.6653 MEVI | ATTACCO: NO
[15:34:24][  SWAP] TRADER 0x90F79bf6EB2c4f870365E785982E1f101E93b906 | 76.30 USDC | prot: HIGH | premio: 0.4196 MEVI | stima: 54.0553 MEVI | ricevuti: 69.5174 MEVI | ATTACCO: NO
[15:34:24][  SWAP] TRADER 0xa0Ee7A142d267C1f36714E4a8F75612F20a79720 | 131.64 USDC | prot: NESSUNA | stima: 118.6932 MEVI | ricevuti: 115.3266 MEVI | ATTACCO: NO
[15:34:27][ATTACK] INSURED ATTACK | victim=0x976EA74026E726 | swap=53.9900 USDC | loss_sandwich=3.0609 MEVI (6.86%)
[15:34:30][  SWAP] TRADER 0xBcd4042DE499D14e55001CcbB24a551F3b954096 | 63.10 USDC | prot: NESSUNA | stima: 53.3128 MEVI | ricevuti: 53.3128 MEVI | ATTACCO: NO
[15:34:35][  SWAP] TRADER 0x15d34AAf54267DB7D7c367839AAf71A00a2C6A65 | 98.74 USDC | prot: HIGH | premio: 0.5430 MEVI | stima: 82.8848 MEVI | ricevuti: 78.1439 MEVI | ATTACCO: NO
[15:34:36][  SWAP] TRADER 0x23618e81E3f5cdF7f54C3d65f7FBc0aBf5B21E8f | 80.14 USDC | prot: NESSUNA | stima: 65.9627 MEVI | ricevuti: 62.5518 MEVI | ATTACCO: NO
[15:34:39][  SWAP] TRADER 0x14dC79964da2C08b23698B3D3cc7Ca32193d9955 | 137.30 USDC | prot: NESSUNA | stima: 103.1748 MEVI | ricevuti: 103.1748 MEVI | ATTACCO: NO
[15:34:45][  SWAP] TRADER 0x976EA74026E726554dB657fA54763abd0C3a0aa9 | 53.99 USDC | prot: HIGH | premio: 0.2969 MEVI | stima: 45.6919 MEVI | ricevuti: 41.5882 MEVI | ATTACCO: SI | perdita: 3.0609 MEVI | rimborso: 3.0709 MEVI
[15:34:45][  SWAP] TRADER 0x9965507D1a55bcC2695C58ba16FB37d819B0A4dc | 114.82 USDC | prot: HIGH | premio: 0.6314 MEVI | stima: 82.6271 MEVI | ricevuti: 82.6271 MEVI | ATTACCO: NO
[15:34:47][  SWAP] TRADER 0x71bE63f3384f5fb98995898A86B02Fb2426c5788 | 101.21 USDC | prot: NESSUNA | stima: 73.0000 MEVI | ricevuti: 70.2337 MEVI | ATTACCO: NO
[15:34:48][ATTACK] NAKED ATTACK | victim=0xBcd4042DE499D1 | swap=67.9100 USDC | loss_sandwich=2.5848 MEVI (3.86%)
[15:34:49][  SWAP] TRADER 0xa0Ee7A142d267C1f36714E4a8F75612F20a79720 | 144.52 USDC | prot: NESSUNA | stima: 96.3118 MEVI | ricevuti: 96.3118 MEVI | ATTACCO: NO
[15:34:49][  SWAP] TRADER 0x3C44CdDdB6a900fa2b585dd299e03d12FA4293BC | 65.85 USDC | prot: HIGH | premio: 0.3621 MEVI | stima: 47.7803 MEVI | ricevuti: 42.4102 MEVI | ATTACCO: NO
[15:34:49][  SWAP] TRADER 0x90F79bf6EB2c4f870365E785982E1f101E93b906 | 75.53 USDC | prot: HIGH | premio: 0.4153 MEVI | stima: 50.9018 MEVI | ricevuti: 47.5596 MEVI | ATTACCO: NO
[15:34:55][  SWAP] TRADER 0xBcd4042DE499D14e55001CcbB24a551F3b954096 | 67.91 USDC | prot: NESSUNA | stima: 67.0000 MEVI | ricevuti: 64.4152 MEVI | ATTACCO: SI | perdita: 2.5848 MEVI | rimborso: NON ASSICURATO
[15:35:02][  SWAP] TRADER 0x23618e81E3f5cdF7f54C3d65f7FBc0aBf5B21E8f | 69.67 USDC | prot: NESSUNA | stima: 66.9389 MEVI | ricevuti: 66.9389 MEVI | ATTACCO: NO
[15:35:03][  SWAP] TRADER 0x15d34AAf54267DB7D7c367839AAf71A00a2C6A65 | 66.53 USDC | prot: HIGH | premio: 0.3658 MEVI | stima: 63.9611 MEVI | ricevuti: 62.2486 MEVI | ATTACCO: NO
[15:35:05][  SWAP] TRADER 0x14dC79964da2C08b23698B3D3cc7Ca32193d9955 | 134.01 USDC | prot: NESSUNA | stima: 123.7805 MEVI | ricevuti: 120.6741 MEVI | ATTACCO: NO
[15:35:09][  POOL] POOL UPDATE | mevi=107.9500 MEVI | eth=2.804000 ETH
[15:35:10][ATTACK] INSURED ATTACK | victim=0x90F79bf6EB2c4f | swap=55.4600 USDC | loss_sandwich=2.2428 MEVI (5.52%)
[15:35:12][  SWAP] TRADER 0x71bE63f3384f5fb98995898A86B02Fb2426c5788 | 130.32 USDC | prot: NESSUNA | stima: 111.6771 MEVI | ricevuti: 111.6771 MEVI | ATTACCO: NO
[15:35:14][  SWAP] TRADER 0x976EA74026E726554dB657fA54763abd0C3a0aa9 | 62.71 USDC | prot: HIGH | premio: 0.3448 MEVI | stima: 54.4120 MEVI | ricevuti: 49.3575 MEVI | ATTACCO: NO
[15:35:14][  SWAP] TRADER 0x9965507D1a55bcC2695C58ba16FB37d819B0A4dc | 137.82 USDC | prot: HIGH | premio: 0.7579 MEVI | stima: 117.9424 MEVI | ricevuti: 112.4538 MEVI | ATTACCO: NO
[15:35:15][  SWAP] TRADER 0xa0Ee7A142d267C1f36714E4a8F75612F20a79720 | 145.56 USDC | prot: NESSUNA | stima: 118.6054 MEVI | ricevuti: 110.4619 MEVI | ATTACCO: NO
[15:35:18][  SWAP] TRADER 0x3C44CdDdB6a900fa2b585dd299e03d12FA4293BC | 68.13 USDC | prot: HIGH | premio: 0.3746 MEVI | stima: 56.2904 MEVI | ricevuti: 48.1620 MEVI | ATTACCO: NO
[15:35:21][  SWAP] TRADER 0xBcd4042DE499D14e55001CcbB24a551F3b954096 | 58.04 USDC | prot: NESSUNA | stima: 40.8174 MEVI | ricevuti: 40.8174 MEVI | ATTACCO: NO
[15:35:23][ATTACK] NAKED ATTACK | victim=0x14dC79964da2C0 | swap=104.6900 USDC | loss_sandwich=3.7291 MEVI (3.78%)
[15:35:27][  SWAP] TRADER 0x23618e81E3f5cdF7f54C3d65f7FBc0aBf5B21E8f | 95.38 USDC | prot: NESSUNA | stima: 93.5946 MEVI | ricevuti: 93.5946 MEVI | ATTACCO: NO
[15:35:28][  SWAP] TRADER 0x90F79bf6EB2c4f870365E785982E1f101E93b906 | 55.46 USDC | prot: HIGH | premio: 0.3050 MEVI | stima: 45.9273 MEVI | ricevuti: 38.4027 MEVI | ATTACCO: SI | perdita: 2.2428 MEVI | rimborso: 2.2528 MEVI
[15:35:30][  SWAP] TRADER 0x14dC79964da2C08b23698B3D3cc7Ca32193d9955 | 104.69 USDC | prot: NESSUNA | stima: 98.7778 MEVI | ricevuti: 95.0487 MEVI | ATTACCO: SI | perdita: 3.7291 MEVI | rimborso: NON ASSICURATO
[15:35:32][  SWAP] TRADER 0x15d34AAf54267DB7D7c367839AAf71A00a2C6A65 | 55.24 USDC | prot: HIGH | premio: 0.3038 MEVI | stima: 54.6364 MEVI | ricevuti: 50.5925 MEVI | ATTACCO: NO
[15:35:36][  SWAP] TRADER 0x71bE63f3384f5fb98995898A86B02Fb2426c5788 | 130.81 USDC | prot: NESSUNA | stima: 115.6640 MEVI | ricevuti: 115.6640 MEVI | ATTACCO: NO
[15:35:42][  SWAP] TRADER 0x9965507D1a55bcC2695C58ba16FB37d819B0A4dc | 107.11 USDC | prot: HIGH | premio: 0.5890 MEVI | stima: 90.6039 MEVI | ricevuti: 83.5315 MEVI | ATTACCO: NO
[15:35:42][  SWAP] TRADER 0xa0Ee7A142d267C1f36714E4a8F75612F20a79720 | 136.89 USDC | prot: NESSUNA | stima: 115.1700 MEVI | ricevuti: 115.1700 MEVI | ATTACCO: NO
[15:35:42][  SWAP] TRADER 0x976EA74026E726554dB657fA54763abd0C3a0aa9 | 88.57 USDC | prot: HIGH | premio: 0.4870 MEVI | stima: 75.1749 MEVI | ricevuti: 71.5213 MEVI | ATTACCO: NO
[15:35:47][  SWAP] TRADER 0xBcd4042DE499D14e55001CcbB24a551F3b954096 | 90.41 USDC | prot: NESSUNA | stima: 68.1091 MEVI | ricevuti: 68.1091 MEVI | ATTACCO: NO
[15:35:47][  SWAP] TRADER 0x3C44CdDdB6a900fa2b585dd299e03d12FA4293BC | 91.03 USDC | prot: HIGH | premio: 0.5006 MEVI | stima: 77.2281 MEVI | ricevuti: 66.4662 MEVI | ATTACCO: NO
[15:35:53][  SWAP] TRADER 0x23618e81E3f5cdF7f54C3d65f7FBc0aBf5B21E8f | 92.49 USDC | prot: NESSUNA | stima: 65.4631 MEVI | ricevuti: 65.4631 MEVI | ATTACCO: NO
[15:35:54][  SWAP] TRADER 0x90F79bf6EB2c4f870365E785982E1f101E93b906 | 64.32 USDC | prot: HIGH | premio: 0.3537 MEVI | stima: 45.7399 MEVI | ricevuti: 63.5031 MEVI | ATTACCO: NO
[15:35:54][  SWAP] TRADER 0x14dC79964da2C08b23698B3D3cc7Ca32193d9955 | 121.80 USDC | prot: NESSUNA | stima: 118.9035 MEVI | ricevuti: 115.9374 MEVI | ATTACCO: NO
[15:36:00][  SWAP] TRADER 0x15d34AAf54267DB7D7c367839AAf71A00a2C6A65 | 50.77 USDC | prot: HIGH | premio: 0.2792 MEVI | stima: 46.7338 MEVI | ricevuti: 46.7338 MEVI | ATTACCO: NO
[15:36:00][ATTACK] NAKED ATTACK | victim=0xa0Ee7A142d267C | swap=131.8200 USDC | loss_sandwich=3.9739 MEVI (3.57%)
[15:36:02][  SWAP] TRADER 0x71bE63f3384f5fb98995898A86B02Fb2426c5788 | 142.30 USDC | prot: NESSUNA | stima: 128.7372 MEVI | ricevuti: 126.2858 MEVI | ATTACCO: NO
[15:36:03][ATTACK] INSURED ATTACK | victim=0x976EA74026E726 | swap=81.5600 USDC | loss_sandwich=5.1588 MEVI (7.79%)
[15:36:08][  SWAP] TRADER 0xa0Ee7A142d267C1f36714E4a8F75612F20a79720 | 131.82 USDC | prot: NESSUNA | stima: 111.1663 MEVI | ricevuti: 107.1924 MEVI | ATTACCO: SI | perdita: 3.9739 MEVI | rimborso: NON ASSICURATO
[15:36:11][  SWAP] TRADER 0x9965507D1a55bcC2695C58ba16FB37d819B0A4dc | 129.50 USDC | prot: HIGH | premio: 0.7121 MEVI | stima: 109.2558 MEVI | ricevuti: 100.6466 MEVI | ATTACCO: NO
[15:36:14][  SWAP] TRADER 0xBcd4042DE499D14e55001CcbB24a551F3b954096 | 67.17 USDC | prot: NESSUNA | stima: 50.8747 MEVI | ricevuti: 50.8747 MEVI | ATTACCO: NO
[15:36:15][  SWAP] TRADER 0x3C44CdDdB6a900fa2b585dd299e03d12FA4293BC | 60.56 USDC | prot: HIGH | premio: 0.3330 MEVI | stima: 49.3756 MEVI | ricevuti: 44.8650 MEVI | ATTACCO: NO
[15:36:18][  SWAP] TRADER 0x23618e81E3f5cdF7f54C3d65f7FBc0aBf5B21E8f | 85.41 USDC | prot: NESSUNA | stima: 61.7158 MEVI | ricevuti: 61.7158 MEVI | ATTACCO: NO
[15:36:18][  SWAP] TRADER 0x14dC79964da2C08b23698B3D3cc7Ca32193d9955 | 133.41 USDC | prot: NESSUNA | stima: 95.6251 MEVI | ricevuti: 92.9180 MEVI | ATTACCO: NO
[15:36:21][  SWAP] TRADER 0x976EA74026E726554dB657fA54763abd0C3a0aa9 | 81.56 USDC | prot: HIGH | premio: 0.4485 MEVI | stima: 69.4142 MEVI | ricevuti: 61.0885 MEVI | ATTACCO: SI | perdita: 5.1588 MEVI | rimborso: 5.1688 MEVI
[15:36:21][  SWAP] TRADER 0x90F79bf6EB2c4f870365E785982E1f101E93b906 | 98.42 USDC | prot: HIGH | premio: 0.5412 MEVI | stima: 70.9608 MEVI | ricevuti: 65.9668 MEVI | ATTACCO: NO
[15:36:25][  SWAP] TRADER 0x15d34AAf54267DB7D7c367839AAf71A00a2C6A65 | 93.38 USDC | prot: HIGH | premio: 0.5135 MEVI | stima: 91.6680 MEVI | ricevuti: 91.6680 MEVI | ATTACCO: NO
[15:36:25][  SWAP] TRADER 0x71bE63f3384f5fb98995898A86B02Fb2426c5788 | 122.88 USDC | prot: NESSUNA | stima: 119.9325 MEVI | ricevuti: 115.6261 MEVI | ATTACCO: NO
[15:36:33][  SWAP] TRADER 0xa0Ee7A142d267C1f36714E4a8F75612F20a79720 | 140.89 USDC | prot: NESSUNA | stima: 126.0454 MEVI | ricevuti: 126.0454 MEVI | ATTACCO: NO
[15:36:38][ATTACK] NAKED ATTACK | victim=0x14dC79964da2C0 | swap=119.3500 USDC | loss_sandwich=3.0642 MEVI (3.39%)
[15:36:39][  SWAP] TRADER 0xBcd4042DE499D14e55001CcbB24a551F3b954096 | 65.79 USDC | prot: NESSUNA | stima: 56.6150 MEVI | ricevuti: 56.6150 MEVI | ATTACCO: NO
[15:36:39][  SWAP] TRADER 0x9965507D1a55bcC2695C58ba16FB37d819B0A4dc | 130.08 USDC | prot: HIGH | premio: 0.7153 MEVI | stima: 110.6276 MEVI | ricevuti: 107.9907 MEVI | ATTACCO: NO
[15:36:42][  SWAP] TRADER 0x23618e81E3f5cdF7f54C3d65f7FBc0aBf5B21E8f | 66.98 USDC | prot: NESSUNA | stima: 53.6562 MEVI | ricevuti: 53.6562 MEVI | ATTACCO: NO
[15:36:44][  SWAP] TRADER 0x3C44CdDdB6a900fa2b585dd299e03d12FA4293BC | 67.44 USDC | prot: HIGH | premio: 0.3709 MEVI | stima: 58.0172 MEVI | ricevuti: 52.7478 MEVI | ATTACCO: NO
[15:36:44][ATTACK] INSURED ATTACK | victim=0x976EA74026E726 | swap=52.6800 USDC | loss_sandwich=1.2400 MEVI (3.30%)
[15:36:45][  SWAP] TRADER 0x14dC79964da2C08b23698B3D3cc7Ca32193d9955 | 119.35 USDC | prot: NESSUNA | stima: 92.5046 MEVI | ricevuti: 87.2819 MEVI | ATTACCO: SI | perdita: 3.0642 MEVI | rimborso: NON ASSICURATO
[15:36:50][  SWAP] TRADER 0x90F79bf6EB2c4f870365E785982E1f101E93b906 | 86.93 USDC | prot: HIGH | premio: 0.4780 MEVI | stima: 66.1741 MEVI | ricevuti: 63.5690 MEVI | ATTACCO: NO
[15:36:51][  SWAP] TRADER 0x71bE63f3384f5fb98995898A86B02Fb2426c5788 | 118.37 USDC | prot: NESSUNA | stima: 86.1005 MEVI | ricevuti: 79.4712 MEVI | ATTACCO: NO
[15:36:52][  SWAP] TRADER 0x15d34AAf54267DB7D7c367839AAf71A00a2C6A65 | 55.45 USDC | prot: HIGH | premio: 0.3049 MEVI | stima: 40.7666 MEVI | ricevuti: 37.4433 MEVI | ATTACCO: NO
[15:36:59][  SWAP] TRADER 0xa0Ee7A142d267C1f36714E4a8F75612F20a79720 | 133.55 USDC | prot: NESSUNA | stima: 130.0757 MEVI | ricevuti: 130.0757 MEVI | ATTACCO: NO
[15:37:02][  SWAP] TRADER 0x976EA74026E726554dB657fA54763abd0C3a0aa9 | 52.68 USDC | prot: HIGH | premio: 0.2897 MEVI | stima: 38.7484 MEVI | ricevuti: 36.3782 MEVI | ATTACCO: SI | perdita: 1.2400 MEVI | rimborso: 1.2500 MEVI
[15:37:05][  SWAP] TRADER 0xBcd4042DE499D14e55001CcbB24a551F3b954096 | 73.16 USDC | prot: NESSUNA | stima: 68.4278 MEVI | ricevuti: 68.4278 MEVI | ATTACCO: NO
[15:37:06][  SWAP] TRADER 0x9965507D1a55bcC2695C58ba16FB37d819B0A4dc | 145.03 USDC | prot: HIGH | premio: 0.7975 MEVI | stima: 133.8021 MEVI | ricevuti: 130.1186 MEVI | ATTACCO: NO
[15:37:06][  SWAP] TRADER 0x23618e81E3f5cdF7f54C3d65f7FBc0aBf5B21E8f | 95.41 USDC | prot: NESSUNA | stima: 81.8219 MEVI | ricevuti: 81.8219 MEVI | ATTACCO: NO
[15:37:07][  SWAP] TRADER 0x3C44CdDdB6a900fa2b585dd299e03d12FA4293BC | 51.89 USDC | prot: HIGH | premio: 0.2853 MEVI | stima: 43.3079 MEVI | ricevuti: 43.3079 MEVI | ATTACCO: NO
[15:37:09][  POOL] POOL UPDATE | mevi=108.0267 MEVI | eth=2.750000 ETH
[15:37:09][  SWAP] TRADER 0x14dC79964da2C08b23698B3D3cc7Ca32193d9955 | 134.39 USDC | prot: NESSUNA | stima: 108.4544 MEVI | ricevuti: 108.4544 MEVI | ATTACCO: NO
[15:37:17][  SWAP] TRADER 0x71bE63f3384f5fb98995898A86B02Fb2426c5788 | 147.93 USDC | prot: NESSUNA | stima: 113.5516 MEVI | ricevuti: 113.5516 MEVI | ATTACCO: NO
[15:37:18][  SWAP] TRADER 0x90F79bf6EB2c4f870365E785982E1f101E93b906 | 80.94 USDC | prot: HIGH | premio: 0.4451 MEVI | stima: 62.8582 MEVI | ricevuti: 59.7042 MEVI | ATTACCO: NO
[15:37:20][  SWAP] TRADER 0x15d34AAf54267DB7D7c367839AAf71A00a2C6A65 | 64.67 USDC | prot: HIGH | premio: 0.3556 MEVI | stima: 50.3663 MEVI | ricevuti: 46.5310 MEVI | ATTACCO: NO
[15:37:24][  SWAP] TRADER 0xa0Ee7A142d267C1f36714E4a8F75612F20a79720 | 108.14 USDC | prot: NESSUNA | stima: 75.5803 MEVI | ricevuti: 105.8507 MEVI | ATTACCO: NO
[15:37:25][ATTACK] NAKED ATTACK | victim=0x23618e81E3f5cd | swap=51.8200 USDC | loss_sandwich=1.7257 MEVI (3.69%)
[15:37:31][  SWAP] TRADER 0xBcd4042DE499D14e55001CcbB24a551F3b954096 | 68.66 USDC | prot: NESSUNA | stima: 64.9112 MEVI | ricevuti: 64.9112 MEVI | ATTACCO: NO
[15:37:31][  SWAP] TRADER 0x976EA74026E726554dB657fA54763abd0C3a0aa9 | 62.65 USDC | prot: HIGH | premio: 0.3445 MEVI | stima: 59.2982 MEVI | ricevuti: 57.7449 MEVI | ATTACCO: NO
[15:37:32][  SWAP] TRADER 0x23618e81E3f5cdF7f54C3d65f7FBc0aBf5B21E8f | 51.82 USDC | prot: NESSUNA | stima: 49.1505 MEVI | ricevuti: 45.0039 MEVI | ATTACCO: SI | perdita: 1.7257 MEVI | rimborso: NON ASSICURATO
[15:37:35][  SWAP] TRADER 0x3C44CdDdB6a900fa2b585dd299e03d12FA4293BC | 86.79 USDC | prot: HIGH | premio: 0.4773 MEVI | stima: 81.7650 MEVI | ricevuti: 70.4330 MEVI | ATTACCO: NO
[15:37:35][  SWAP] TRADER 0x14dC79964da2C08b23698B3D3cc7Ca32193d9955 | 113.53 USDC | prot: NESSUNA | stima: 99.2802 MEVI | ricevuti: 99.2802 MEVI | ATTACCO: NO
[15:37:35][  SWAP] TRADER 0x9965507D1a55bcC2695C58ba16FB37d819B0A4dc | 103.21 USDC | prot: HIGH | premio: 0.5676 MEVI | stima: 96.9279 MEVI | ricevuti: 86.7033 MEVI | ATTACCO: NO
[15:37:41][ATTACK] INSURED ATTACK | victim=0x15d34AAf54267D | swap=69.3800 USDC | loss_sandwich=1.7141 MEVI (3.35%)
[15:37:42][  SWAP] TRADER 0x71bE63f3384f5fb98995898A86B02Fb2426c5788 | 106.64 USDC | prot: NESSUNA | stima: 83.6054 MEVI | ricevuti: 83.6054 MEVI | ATTACCO: NO
[15:37:46][  SWAP] TRADER 0x90F79bf6EB2c4f870365E785982E1f101E93b906 | 86.41 USDC | prot: HIGH | premio: 0.4752 MEVI | stima: 67.9864 MEVI | ricevuti: 65.4852 MEVI | ATTACCO: NO
[15:37:50][  SWAP] TRADER 0xa0Ee7A142d267C1f36714E4a8F75612F20a79720 | 108.68 USDC | prot: NESSUNA | stima: 79.6369 MEVI | ricevuti: 77.8135 MEVI | ATTACCO: NO
[15:37:53][ATTACK] NAKED ATTACK | victim=0x14dC79964da2C0 | swap=133.2700 USDC | loss_sandwich=4.4399 MEVI (3.69%)
[15:37:56][  SWAP] TRADER 0xBcd4042DE499D14e55001CcbB24a551F3b954096 | 66.84 USDC | prot: NESSUNA | stima: 46.4637 MEVI | ricevuti: 65.9583 MEVI | ATTACCO: NO
[15:37:56][  SWAP] TRADER 0x976EA74026E726554dB657fA54763abd0C3a0aa9 | 80.70 USDC | prot: HIGH | premio: 0.4438 MEVI | stima: 55.9698 MEVI | ricevuti: 75.8325 MEVI | ATTACCO: NO
[15:37:56][  SWAP] TRADER 0x23618e81E3f5cdF7f54C3d65f7FBc0aBf5B21E8f | 50.94 USDC | prot: NESSUNA | stima: 50.4263 MEVI | ricevuti: 49.1112 MEVI | ATTACCO: NO
[15:37:59][  SWAP] TRADER 0x15d34AAf54267DB7D7c367839AAf71A00a2C6A65 | 69.38 USDC | prot: HIGH | premio: 0.3815 MEVI | stima: 52.7343 MEVI | ricevuti: 49.4663 MEVI | ATTACCO: SI | perdita: 1.7141 MEVI | rimborso: 1.7241 MEVI
[15:38:01][  SWAP] TRADER 0x14dC79964da2C08b23698B3D3cc7Ca32193d9955 | 133.27 USDC | prot: NESSUNA | stima: 120.2060 MEVI | ricevuti: 115.7661 MEVI | ATTACCO: SI | perdita: 4.4399 MEVI | rimborso: NON ASSICURATO
[15:38:03][  SWAP] TRADER 0x3C44CdDdB6a900fa2b585dd299e03d12FA4293BC | 69.48 USDC | prot: HIGH | premio: 0.3821 MEVI | stima: 63.4280 MEVI | ricevuti: 60.4070 MEVI | ATTACCO: NO
[15:38:03][  SWAP] TRADER 0x9965507D1a55bcC2695C58ba16FB37d819B0A4dc | 115.48 USDC | prot: HIGH | premio: 0.6350 MEVI | stima: 104.5086 MEVI | ricevuti: 97.0315 MEVI | ATTACCO: NO
[15:38:08][  SWAP] TRADER 0x71bE63f3384f5fb98995898A86B02Fb2426c5788 | 146.72 USDC | prot: NESSUNA | stima: 117.5692 MEVI | ricevuti: 117.5692 MEVI | ATTACCO: NO
[15:38:14][  SWAP] TRADER 0x90F79bf6EB2c4f870365E785982E1f101E93b906 | 85.87 USDC | prot: HIGH | premio: 0.4722 MEVI | stima: 66.0234 MEVI | ricevuti: 66.0234 MEVI | ATTACCO: NO
[15:38:15][  SWAP] TRADER 0xa0Ee7A142d267C1f36714E4a8F75612F20a79720 | 146.55 USDC | prot: NESSUNA | stima: 111.5012 MEVI | ricevuti: 108.2339 MEVI | ATTACCO: NO
[15:38:21][  SWAP] TRADER 0x23618e81E3f5cdF7f54C3d65f7FBc0aBf5B21E8f | 57.57 USDC | prot: NESSUNA | stima: 41.0593 MEVI | ricevuti: 40.3710 MEVI | ATTACCO: NO
[15:38:21][  SWAP] TRADER 0xBcd4042DE499D14e55001CcbB24a551F3b954096 | 50.26 USDC | prot: NESSUNA | stima: 35.8899 MEVI | ricevuti: 35.8899 MEVI | ATTACCO: NO
[15:38:24][  SWAP] TRADER 0x976EA74026E726554dB657fA54763abd0C3a0aa9 | 95.87 USDC | prot: HIGH | premio: 0.5272 MEVI | stima: 67.9378 MEVI | ricevuti: 65.5366 MEVI | ATTACCO: NO
[15:38:24][ATTACK] INSURED ATTACK | victim=0x9965507D1a55bc | swap=109.4400 USDC | loss_sandwich=6.9703 MEVI (6.65%)
[15:38:26][  SWAP] TRADER 0x14dC79964da2C08b23698B3D3cc7Ca32193d9955 | 128.85 USDC | prot: NESSUNA | stima: 87.6076 MEVI | ricevuti: 84.9016 MEVI | ATTACCO: NO
[15:38:27][  SWAP] TRADER 0x15d34AAf54267DB7D7c367839AAf71A00a2C6A65 | 54.58 USDC | prot: HIGH | premio: 0.3001 MEVI | stima: 37.5653 MEVI | ricevuti: 53.9906 MEVI | ATTACCO: NO
[15:38:32][  SWAP] TRADER 0x3C44CdDdB6a900fa2b585dd299e03d12FA4293BC | 78.83 USDC | prot: HIGH | premio: 0.4335 MEVI | stima: 77.6065 MEVI | ricevuti: 73.0556 MEVI | ATTACCO: NO
[15:38:33][  SWAP] TRADER 0x71bE63f3384f5fb98995898A86B02Fb2426c5788 | 129.12 USDC | prot: NESSUNA | stima: 123.1994 MEVI | ricevuti: 114.8857 MEVI | ATTACCO: NO
[15:38:33][ATTACK] NAKED ATTACK | victim=0xa0Ee7A142d267C | swap=140.0700 USDC | loss_sandwich=4.2446 MEVI (3.58%)
[15:38:41][  SWAP] TRADER 0xa0Ee7A142d267C1f36714E4a8F75612F20a79720 | 140.07 USDC | prot: NESSUNA | stima: 118.5351 MEVI | ricevuti: 114.2906 MEVI | ATTACCO: SI | perdita: 4.2446 MEVI | rimborso: NON ASSICURATO
[15:38:42][  SWAP] TRADER 0x90F79bf6EB2c4f870365E785982E1f101E93b906 | 88.70 USDC | prot: HIGH | premio: 0.4878 MEVI | stima: 75.7699 MEVI | ricevuti: 72.1002 MEVI | ATTACCO: NO
[15:38:42][  SWAP] TRADER 0x9965507D1a55bcC2695C58ba16FB37d819B0A4dc | 109.44 USDC | prot: HIGH | premio: 0.6018 MEVI | stima: 107.0959 MEVI | ricevuti: 97.8494 MEVI | ATTACCO: SI | perdita: 6.9703 MEVI | rimborso: 6.9803 MEVI
[15:38:46][  SWAP] TRADER 0x23618e81E3f5cdF7f54C3d65f7FBc0aBf5B21E8f | 96.70 USDC | prot: NESSUNA | stima: 76.0405 MEVI | ricevuti: 76.0405 MEVI | ATTACCO: NO
[15:38:46][  SWAP] TRADER 0xBcd4042DE499D14e55001CcbB24a551F3b954096 | 70.50 USDC | prot: NESSUNA | stima: 55.6946 MEVI | ricevuti: 53.8281 MEVI | ATTACCO: NO
[15:38:47][  SWAP] TRADER 0x976EA74026E726554dB657fA54763abd0C3a0aa9 | 92.75 USDC | prot: HIGH | premio: 0.5100 MEVI | stima: 68.8403 MEVI | ricevuti: 68.8403 MEVI | ATTACCO: NO
[15:38:50][  SWAP] TRADER 0x14dC79964da2C08b23698B3D3cc7Ca32193d9955 | 148.89 USDC | prot: NESSUNA | stima: 106.0570 MEVI | ricevuti: 106.0570 MEVI | ATTACCO: NO
[15:38:56][  SWAP] TRADER 0x15d34AAf54267DB7D7c367839AAf71A00a2C6A65 | 58.00 USDC | prot: HIGH | premio: 0.3189 MEVI | stima: 39.9033 MEVI | ricevuti: 39.9033 MEVI | ATTACCO: NO
[15:38:58][  SWAP] TRADER 0x3C44CdDdB6a900fa2b585dd299e03d12FA4293BC | 91.07 USDC | prot: HIGH | premio: 0.5008 MEVI | stima: 62.3148 MEVI | ricevuti: 85.1278 MEVI | ATTACCO: NO
[15:38:58][  SWAP] TRADER 0x71bE63f3384f5fb98995898A86B02Fb2426c5788 | 126.23 USDC | prot: NESSUNA | stima: 84.2572 MEVI | ricevuti: 123.1217 MEVI | ATTACCO: NO
[15:39:05][ATTACK] NAKED ATTACK | victim=0x23618e81E3f5cd | swap=56.9900 USDC | loss_sandwich=2.6740 MEVI (5.79%)
[15:39:08][  SWAP] TRADER 0xa0Ee7A142d267C1f36714E4a8F75612F20a79720 | 121.06 USDC | prot: NESSUNA | stima: 108.6643 MEVI | ricevuti: 108.6643 MEVI | ATTACCO: NO
[15:39:09][  POOL] POOL UPDATE | mevi=108.9222 MEVI | eth=2.714000 ETH
[15:39:11][  SWAP] TRADER 0x90F79bf6EB2c4f870365E785982E1f101E93b906 | 73.98 USDC | prot: HIGH | premio: 0.4068 MEVI | stima: 66.9958 MEVI | ricevuti: 64.0120 MEVI | ATTACCO: NO
[15:39:11][  SWAP] TRADER 0x9965507D1a55bcC2695C58ba16FB37d819B0A4dc | 113.81 USDC | prot: HIGH | premio: 0.6258 MEVI | stima: 102.2956 MEVI | ricevuti: 95.1289 MEVI | ATTACCO: NO
[15:39:12][  SWAP] TRADER 0x23618e81E3f5cdF7f54C3d65f7FBc0aBf5B21E8f | 56.99 USDC | prot: NESSUNA | stima: 49.4665 MEVI | ricevuti: 43.5042 MEVI | ATTACCO: SI | perdita: 2.6740 MEVI | rimborso: NON ASSICURATO
[15:39:12][  SWAP] TRADER 0xBcd4042DE499D14e55001CcbB24a551F3b954096 | 68.16 USDC | prot: NESSUNA | stima: 59.0397 MEVI | ricevuti: 53.1884 MEVI | ATTACCO: NO
[15:39:15][  SWAP] TRADER 0x976EA74026E726554dB657fA54763abd0C3a0aa9 | 64.08 USDC | prot: HIGH | premio: 0.3524 MEVI | stima: 55.5475 MEVI | ricevuti: 49.6585 MEVI | ATTACCO: NO
[15:39:15][  SWAP] TRADER 0x14dC79964da2C08b23698B3D3cc7Ca32193d9955 | 124.70 USDC | prot: NESSUNA | stima: 95.6209 MEVI | ricevuti: 93.5101 MEVI | ATTACCO: NO
[15:39:18][ATTACK] INSURED ATTACK | victim=0x3C44CdDdB6a900 | swap=63.3500 USDC | loss_sandwich=1.3901 MEVI (3.22%)
[15:39:23][  SWAP] TRADER 0x71bE63f3384f5fb98995898A86B02Fb2426c5788 | 102.41 USDC | prot: NESSUNA | stima: 73.8586 MEVI | ricevuti: 73.8586 MEVI | ATTACCO: NO
[15:39:24][  SWAP] TRADER 0x15d34AAf54267DB7D7c367839AAf71A00a2C6A65 | 87.46 USDC | prot: HIGH | premio: 0.4809 MEVI | stima: 63.2358 MEVI | ricevuti: 61.0893 MEVI | ATTACCO: NO
[15:39:32][ATTACK] NAKED ATTACK | victim=0x14dC79964da2C0 | swap=108.7700 USDC | loss_sandwich=3.1771 MEVI (3.54%)
[15:39:33][  SWAP] TRADER 0xa0Ee7A142d267C1f36714E4a8F75612F20a79720 | 128.92 USDC | prot: NESSUNA | stima: 125.6795 MEVI | ricevuti: 125.6795 MEVI | ATTACCO: NO
[15:39:36][  SWAP] TRADER 0x3C44CdDdB6a900fa2b585dd299e03d12FA4293BC | 63.35 USDC | prot: HIGH | premio: 0.3484 MEVI | stima: 45.9908 MEVI | ricevuti: 41.7630 MEVI | ATTACCO: SI | perdita: 1.3901 MEVI | rimborso: 1.4001 MEVI
[15:39:38][  SWAP] TRADER 0xBcd4042DE499D14e55001CcbB24a551F3b954096 | 65.98 USDC | prot: NESSUNA | stima: 61.9083 MEVI | ricevuti: 61.9083 MEVI | ATTACCO: NO
[15:39:38][  SWAP] TRADER 0x23618e81E3f5cdF7f54C3d65f7FBc0aBf5B21E8f | 56.01 USDC | prot: NESSUNA | stima: 52.6547 MEVI | ricevuti: 51.3327 MEVI | ATTACCO: NO
[15:39:39][  SWAP] TRADER 0x90F79bf6EB2c4f870365E785982E1f101E93b906 | 74.33 USDC | prot: HIGH | premio: 0.4087 MEVI | stima: 69.6311 MEVI | ricevuti: 63.4581 MEVI | ATTACCO: NO
[15:39:39][  SWAP] TRADER 0x9965507D1a55bcC2695C58ba16FB37d819B0A4dc | 123.44 USDC | prot: HIGH | premio: 0.6788 MEVI | stima: 114.5554 MEVI | ricevuti: 109.3542 MEVI | ATTACCO: NO
[15:39:40][  SWAP] TRADER 0x14dC79964da2C08b23698B3D3cc7Ca32193d9955 | 108.77 USDC | prot: NESSUNA | stima: 96.6219 MEVI | ricevuti: 86.6241 MEVI | ATTACCO: SI | perdita: 3.1771 MEVI | rimborso: NON ASSICURATO
[15:39:40][  SWAP] TRADER 0x976EA74026E726554dB657fA54763abd0C3a0aa9 | 66.70 USDC | prot: HIGH | premio: 0.3668 MEVI | stima: 59.7193 MEVI | ricevuti: 53.4053 MEVI | ATTACCO: NO
[15:39:49][  SWAP] TRADER 0x71bE63f3384f5fb98995898A86B02Fb2426c5788 | 110.87 USDC | prot: NESSUNA | stima: 86.0213 MEVI | ricevuti: 86.0213 MEVI | ATTACCO: NO
[15:39:52][  SWAP] TRADER 0x15d34AAf54267DB7D7c367839AAf71A00a2C6A65 | 86.12 USDC | prot: HIGH | premio: 0.4736 MEVI | stima: 67.1082 MEVI | ricevuti: 64.5561 MEVI | ATTACCO: NO
[15:39:58][  SWAP] TRADER 0xa0Ee7A142d267C1f36714E4a8F75612F20a79720 | 123.79 USDC | prot: NESSUNA | stima: 89.5157 MEVI | ricevuti: 89.5157 MEVI | ATTACCO: NO
[15:39:59][  SWAP] TRADER 0x3C44CdDdB6a900fa2b585dd299e03d12FA4293BC | 72.91 USDC | prot: HIGH | premio: 0.4009 MEVI | stima: 50.9990 MEVI | ricevuti: 71.8621 MEVI | ATTACCO: NO
[15:40:03][  SWAP] TRADER 0x23618e81E3f5cdF7f54C3d65f7FBc0aBf5B21E8f | 53.62 USDC | prot: NESSUNA | stima: 51.5450 MEVI | ricevuti: 50.2146 MEVI | ATTACCO: NO
[15:40:03][  SWAP] TRADER 0xBcd4042DE499D14e55001CcbB24a551F3b954096 | 67.11 USDC | prot: NESSUNA | stima: 64.3436 MEVI | ricevuti: 64.3436 MEVI | ATTACCO: NO
[15:40:07][  SWAP] TRADER 0x14dC79964da2C08b23698B3D3cc7Ca32193d9955 | 115.92 USDC | prot: NESSUNA | stima: 105.0916 MEVI | ricevuti: 105.0916 MEVI | ATTACCO: NO
[15:40:07][  SWAP] TRADER 0x90F79bf6EB2c4f870365E785982E1f101E93b906 | 61.94 USDC | prot: HIGH | premio: 0.3406 MEVI | stima: 59.4465 MEVI | ricevuti: 54.2947 MEVI | ATTACCO: NO
[15:40:08][  SWAP] TRADER 0x9965507D1a55bcC2695C58ba16FB37d819B0A4dc | 106.28 USDC | prot: HIGH | premio: 0.5844 MEVI | stima: 101.1283 MEVI | ricevuti: 90.3008 MEVI | ATTACCO: NO
[15:40:09][  SWAP] TRADER 0x976EA74026E726554dB657fA54763abd0C3a0aa9 | 68.18 USDC | prot: HIGH | premio: 0.3749 MEVI | stima: 62.3719 MEVI | ricevuti: 56.1068 MEVI | ATTACCO: NO
[15:40:12][ATTACK] INSURED ATTACK | victim=0x15d34AAf54267D | swap=57.3700 USDC | loss_sandwich=1.5231 MEVI (3.43%)
[15:40:15][  SWAP] TRADER 0x71bE63f3384f5fb98995898A86B02Fb2426c5788 | 107.80 USDC | prot: NESSUNA | stima: 85.9498 MEVI | ricevuti: 85.9498 MEVI | ATTACCO: NO
[15:40:21][ATTACK] NAKED ATTACK | victim=0xBcd4042DE499D1 | swap=61.2500 USDC | loss_sandwich=1.4290 MEVI (3.29%)
[15:40:22][  SWAP] TRADER 0xa0Ee7A142d267C1f36714E4a8F75612F20a79720 | 124.54 USDC | prot: NESSUNA | stima: 93.4511 MEVI | ricevuti: 93.4511 MEVI | ATTACCO: NO
[15:40:27][  SWAP] TRADER 0x3C44CdDdB6a900fa2b585dd299e03d12FA4293BC | 69.41 USDC | prot: HIGH | premio: 0.3817 MEVI | stima: 50.3722 MEVI | ricevuti: 50.3722 MEVI | ATTACCO: NO
[15:40:29][  SWAP] TRADER 0xBcd4042DE499D14e55001CcbB24a551F3b954096 | 61.25 USDC | prot: NESSUNA | stima: 44.5119 MEVI | ricevuti: 42.0478 MEVI | ATTACCO: SI | perdita: 1.4290 MEVI | rimborso: NON ASSICURATO
[15:40:29][  SWAP] TRADER 0x23618e81E3f5cdF7f54C3d65f7FBc0aBf5B21E8f | 82.19 USDC | prot: NESSUNA | stima: 59.5181 MEVI | ricevuti: 55.1064 MEVI | ATTACCO: NO
[15:40:29][  SWAP] TRADER 0x15d34AAf54267DB7D7c367839AAf71A00a2C6A65 | 57.37 USDC | prot: HIGH | premio: 0.3155 MEVI | stima: 44.4187 MEVI | ricevuti: 42.8956 MEVI | ATTACCO: SI | perdita: 1.5231 MEVI | rimborso: 1.5331 MEVI
[15:40:33][  SWAP] TRADER 0x14dC79964da2C08b23698B3D3cc7Ca32193d9955 | 141.91 USDC | prot: NESSUNA | stima: 137.9935 MEVI | ricevuti: 137.9935 MEVI | ATTACCO: NO
[15:40:34][  SWAP] TRADER 0x9965507D1a55bcC2695C58ba16FB37d819B0A4dc | 141.21 USDC | prot: HIGH | premio: 0.7765 MEVI | stima: 137.3315 MEVI | ricevuti: 129.9543 MEVI | ATTACCO: NO
[15:40:34][  SWAP] TRADER 0x976EA74026E726554dB657fA54763abd0C3a0aa9 | 76.99 USDC | prot: HIGH | premio: 0.4234 MEVI | stima: 75.8225 MEVI | ricevuti: 67.9689 MEVI | ATTACCO: NO
[15:40:34][  SWAP] TRADER 0x90F79bf6EB2c4f870365E785982E1f101E93b906 | 75.54 USDC | prot: HIGH | premio: 0.4154 MEVI | stima: 74.4157 MEVI | ricevuti: 64.8174 MEVI | ATTACCO: NO
[15:40:40][  SWAP] TRADER 0x71bE63f3384f5fb98995898A86B02Fb2426c5788 | 114.17 USDC | prot: NESSUNA | stima: 94.6154 MEVI | ricevuti: 94.6154 MEVI | ATTACCO: NO
[15:40:48][  SWAP] TRADER 0xa0Ee7A142d267C1f36714E4a8F75612F20a79720 | 134.53 USDC | prot: NESSUNA | stima: 106.6104 MEVI | ricevuti: 106.6104 MEVI | ATTACCO: NO
[15:40:54][  SWAP] TRADER 0xBcd4042DE499D14e55001CcbB24a551F3b954096 | 56.36 USDC | prot: NESSUNA | stima: 43.1782 MEVI | ricevuti: 43.1782 MEVI | ATTACCO: NO
[15:40:54][  SWAP] TRADER 0x23618e81E3f5cdF7f54C3d65f7FBc0aBf5B21E8f | 56.81 USDC | prot: NESSUNA | stima: 43.5195 MEVI | ricevuti: 42.6734 MEVI | ATTACCO: NO
[15:40:57][  SWAP] TRADER 0x3C44CdDdB6a900fa2b585dd299e03d12FA4293BC | 71.34 USDC | prot: HIGH | premio: 0.3923 MEVI | stima: 54.5124 MEVI | ricevuti: 52.4176 MEVI | ATTACCO: NO
[15:40:58][  SWAP] TRADER 0x15d34AAf54267DB7D7c367839AAf71A00a2C6A65 | 92.04 USDC | prot: HIGH | premio: 0.5061 MEVI | stima: 70.0776 MEVI | ricevuti: 62.7431 MEVI | ATTACCO: NO
[15:40:58][ATTACK] NAKED ATTACK | victim=0x71bE63f3384f5f | swap=142.1900 USDC | loss_sandwich=4.4992 MEVI (3.63%)
[15:40:58][  SWAP] TRADER 0x14dC79964da2C08b23698B3D3cc7Ca32193d9955 | 141.15 USDC | prot: NESSUNA | stima: 102.4919 MEVI | ricevuti: 100.0442 MEVI | ATTACCO: NO
[15:41:01][  SWAP] TRADER 0x90F79bf6EB2c4f870365E785982E1f101E93b906 | 65.15 USDC | prot: HIGH | premio: 0.3583 MEVI | stima: 46.7684 MEVI | ricevuti: 64.3120 MEVI | ATTACCO: NO
[15:41:01][  SWAP] TRADER 0x9965507D1a55bcC2695C58ba16FB37d819B0A4dc | 132.86 USDC | prot: HIGH | premio: 0.7306 MEVI | stima: 94.2985 MEVI | ricevuti: 126.1551 MEVI | ATTACCO: NO
[15:41:01][  SWAP] TRADER 0x976EA74026E726554dB657fA54763abd0C3a0aa9 | 88.13 USDC | prot: HIGH | premio: 0.4846 MEVI | stima: 63.0207 MEVI | ricevuti: 80.1841 MEVI | ATTACCO: NO
[15:41:06][  SWAP] TRADER 0x71bE63f3384f5fb98995898A86B02Fb2426c5788 | 142.19 USDC | prot: NESSUNA | stima: 123.8808 MEVI | ricevuti: 119.3816 MEVI | ATTACCO: SI | perdita: 4.4992 MEVI | rimborso: NON ASSICURATO
[15:41:09][  POOL] POOL UPDATE | mevi=115.2314 MEVI | eth=2.678000 ETH
[15:41:13][  SWAP] TRADER 0xa0Ee7A142d267C1f36714E4a8F75612F20a79720 | 114.34 USDC | prot: NESSUNA | stima: 95.1543 MEVI | ricevuti: 95.1543 MEVI | ATTACCO: NO
[15:41:19][  SWAP] TRADER 0x23618e81E3f5cdF7f54C3d65f7FBc0aBf5B21E8f | 69.95 USDC | prot: NESSUNA | stima: 56.2999 MEVI | ricevuti: 56.2999 MEVI | ATTACCO: NO
[15:41:19][  SWAP] TRADER 0xBcd4042DE499D14e55001CcbB24a551F3b954096 | 65.17 USDC | prot: NESSUNA | stima: 52.4974 MEVI | ricevuti: 51.2035 MEVI | ATTACCO: NO
[15:41:21][ATTACK] INSURED ATTACK | victim=0x976EA74026E726 | swap=73.6600 USDC | loss_sandwich=2.6209 MEVI (5.07%)
[15:41:24][  SWAP] TRADER 0x14dC79964da2C08b23698B3D3cc7Ca32193d9955 | 109.71 USDC | prot: NESSUNA | stima: 83.5916 MEVI | ricevuti: 83.5916 MEVI | ATTACCO: NO
[15:41:25][  SWAP] TRADER 0x3C44CdDdB6a900fa2b585dd299e03d12FA4293BC | 61.72 USDC | prot: HIGH | premio: 0.3394 MEVI | stima: 47.4199 MEVI | ricevuti: 45.6472 MEVI | ATTACCO: NO
[15:41:27][  SWAP] TRADER 0x15d34AAf54267DB7D7c367839AAf71A00a2C6A65 | 88.61 USDC | prot: HIGH | premio: 0.4873 MEVI | stima: 67.7620 MEVI | ricevuti: 63.8743 MEVI | ATTACCO: NO
[15:41:28][  SWAP] TRADER 0x90F79bf6EB2c4f870365E785982E1f101E93b906 | 57.45 USDC | prot: HIGH | premio: 0.3159 MEVI | stima: 44.1721 MEVI | ricevuti: 39.0811 MEVI | ATTACCO: NO
[15:41:30][  SWAP] TRADER 0x9965507D1a55bcC2695C58ba16FB37d819B0A4dc | 120.38 USDC | prot: HIGH | premio: 0.6620 MEVI | stima: 88.1466 MEVI | ricevuti: 80.3185 MEVI | ATTACCO: NO
[15:41:30][  SWAP] TRADER 0x71bE63f3384f5fb98995898A86B02Fb2426c5788 | 102.22 USDC | prot: NESSUNA | stima: 68.4029 MEVI | ricevuti: 65.7860 MEVI | ATTACCO: NO
[15:41:31][ATTACK] NAKED ATTACK | victim=0xa0Ee7A142d267C | swap=139.7900 USDC | loss_sandwich=5.2108 MEVI (3.83%)
[15:41:38][  SWAP] TRADER 0x976EA74026E726554dB657fA54763abd0C3a0aa9 | 73.66 USDC | prot: HIGH | premio: 0.4051 MEVI | stima: 56.4759 MEVI | ricevuti: 49.0424 MEVI | ATTACCO: SI | perdita: 2.6209 MEVI | rimborso: 2.6309 MEVI
[15:41:39][  SWAP] TRADER 0xa0Ee7A142d267C1f36714E4a8F75612F20a79720 | 139.79 USDC | prot: NESSUNA | stima: 135.9880 MEVI | ricevuti: 130.7772 MEVI | ATTACCO: SI | perdita: 5.2108 MEVI | rimborso: NON ASSICURATO
[15:41:42][  SWAP] TRADER 0xBcd4042DE499D14e55001CcbB24a551F3b954096 | 53.19 USDC | prot: NESSUNA | stima: 49.9067 MEVI | ricevuti: 49.9067 MEVI | ATTACCO: NO
[15:41:42][  SWAP] TRADER 0x23618e81E3f5cdF7f54C3d65f7FBc0aBf5B21E8f | 90.24 USDC | prot: NESSUNA | stima: 84.0694 MEVI | ricevuti: 82.3692 MEVI | ATTACCO: NO
[15:41:49][  SWAP] TRADER 0x14dC79964da2C08b23698B3D3cc7Ca32193d9955 | 116.70 USDC | prot: NESSUNA | stima: 102.4357 MEVI | ricevuti: 102.4357 MEVI | ATTACCO: NO
[15:41:53][  SWAP] TRADER 0x3C44CdDdB6a900fa2b585dd299e03d12FA4293BC | 59.52 USDC | prot: HIGH | premio: 0.3273 MEVI | stima: 52.8045 MEVI | ricevuti: 50.5571 MEVI | ATTACCO: NO
[15:41:55][  SWAP] TRADER 0x71bE63f3384f5fb98995898A86B02Fb2426c5788 | 125.55 USDC | prot: NESSUNA | stima: 105.3685 MEVI | ricevuti: 103.1072 MEVI | ATTACCO: NO
[15:41:56][  SWAP] TRADER 0x90F79bf6EB2c4f870365E785982E1f101E93b906 | 80.78 USDC | prot: HIGH | premio: 0.4442 MEVI | stima: 68.3493 MEVI | ricevuti: 62.2392 MEVI | ATTACCO: NO
[15:41:56][  SWAP] TRADER 0x15d34AAf54267DB7D7c367839AAf71A00a2C6A65 | 75.49 USDC | prot: HIGH | premio: 0.4151 MEVI | stima: 63.9351 MEVI | ricevuti: 59.7921 MEVI | ATTACCO: NO
[15:41:58][  SWAP] TRADER 0x9965507D1a55bcC2695C58ba16FB37d819B0A4dc | 113.74 USDC | prot: HIGH | premio: 0.6255 MEVI | stima: 95.6615 MEVI | ricevuti: 84.7205 MEVI | ATTACCO: NO
[15:42:02][  SWAP] TRADER 0x976EA74026E726554dB657fA54763abd0C3a0aa9 | 85.75 USDC | prot: HIGH | premio: 0.4715 MEVI | stima: 61.7254 MEVI | ricevuti: 84.3042 MEVI | ATTACCO: NO
[15:42:02][  SWAP] TRADER 0xa0Ee7A142d267C1f36714E4a8F75612F20a79720 | 129.13 USDC | prot: NESSUNA | stima: 121.7217 MEVI | ricevuti: 121.7217 MEVI | ATTACCO: NO
[15:42:08][  SWAP] TRADER 0x23618e81E3f5cdF7f54C3d65f7FBc0aBf5B21E8f | 93.09 USDC | prot: NESSUNA | stima: 84.0757 MEVI | ricevuti: 82.0299 MEVI | ATTACCO: NO
[15:42:08][  SWAP] TRADER 0xBcd4042DE499D14e55001CcbB24a551F3b954096 | 65.20 USDC | prot: NESSUNA | stima: 59.1974 MEVI | ricevuti: 59.1974 MEVI | ATTACCO: NO
[15:42:13][ATTACK] NAKED ATTACK | victim=0x71bE63f3384f5f | swap=102.0800 USDC | loss_sandwich=2.9033 MEVI (3.51%)
[15:42:14][  SWAP] TRADER 0x14dC79964da2C08b23698B3D3cc7Ca32193d9955 | 128.38 USDC | prot: NESSUNA | stima: 108.5730 MEVI | ricevuti: 108.5730 MEVI | ATTACCO: NO
[15:42:17][ATTACK] INSURED ATTACK | victim=0x15d34AAf54267D | swap=63.2800 USDC | loss_sandwich=1.6783 MEVI (3.43%)
[15:42:20][  SWAP] TRADER 0x3C44CdDdB6a900fa2b585dd299e03d12FA4293BC | 53.66 USDC | prot: HIGH | premio: 0.2951 MEVI | stima: 43.8940 MEVI | ricevuti: 40.8527 MEVI | ATTACCO: NO
[15:42:20][  SWAP] TRADER 0x71bE63f3384f5fb98995898A86B02Fb2426c5788 | 102.08 USDC | prot: NESSUNA | stima: 82.7801 MEVI | ricevuti: 79.8769 MEVI | ATTACCO: SI | perdita: 2.9033 MEVI | rimborso: NON ASSICURATO
[15:42:25][  SWAP] TRADER 0x90F79bf6EB2c4f870365E785982E1f101E93b906 | 84.85 USDC | prot: HIGH | premio: 0.4666 MEVI | stima: 69.0200 MEVI | ricevuti: 61.8087 MEVI | ATTACCO: NO
[15:42:26][  SWAP] TRADER 0x9965507D1a55bcC2695C58ba16FB37d819B0A4dc | 100.02 USDC | prot: HIGH | premio: 0.5500 MEVI | stima: 76.8938 MEVI | ricevuti: 73.1527 MEVI | ATTACCO: NO
[15:42:28][  SWAP] TRADER 0xa0Ee7A142d267C1f36714E4a8F75612F20a79720 | 106.35 USDC | prot: NESSUNA | stima: 77.6989 MEVI | ricevuti: 75.1084 MEVI | ATTACCO: NO
[15:42:31][  SWAP] TRADER 0x976EA74026E726554dB657fA54763abd0C3a0aa9 | 59.05 USDC | prot: HIGH | premio: 0.3247 MEVI | stima: 45.7223 MEVI | ricevuti: 40.5655 MEVI | ATTACCO: NO
[15:42:34][  SWAP] TRADER 0xBcd4042DE499D14e55001CcbB24a551F3b954096 | 73.28 USDC | prot: NESSUNA | stima: 49.2553 MEVI | ricevuti: 72.2215 MEVI | ATTACCO: NO
[15:42:34][  SWAP] TRADER 0x23618e81E3f5cdF7f54C3d65f7FBc0aBf5B21E8f | 68.98 USDC | prot: NESSUNA | stima: 46.3976 MEVI | ricevuti: 66.1029 MEVI | ATTACCO: NO
[15:42:35][  SWAP] TRADER 0x15d34AAf54267DB7D7c367839AAf71A00a2C6A65 | 63.28 USDC | prot: HIGH | premio: 0.3480 MEVI | stima: 51.6737 MEVI | ricevuti: 47.2831 MEVI | ATTACCO: SI | perdita: 1.6783 MEVI | rimborso: 1.6883 MEVI
[15:42:39][  SWAP] TRADER 0x14dC79964da2C08b23698B3D3cc7Ca32193d9955 | 120.68 USDC | prot: NESSUNA | stima: 111.4789 MEVI | ricevuti: 111.4789 MEVI | ATTACCO: NO
[15:42:45][  SWAP] TRADER 0x71bE63f3384f5fb98995898A86B02Fb2426c5788 | 128.59 USDC | prot: NESSUNA | stima: 113.2940 MEVI | ricevuti: 113.2940 MEVI | ATTACCO: NO
[15:42:48][  SWAP] TRADER 0x3C44CdDdB6a900fa2b585dd299e03d12FA4293BC | 66.48 USDC | prot: HIGH | premio: 0.3656 MEVI | stima: 59.2547 MEVI | ricevuti: 56.4787 MEVI | ATTACCO: NO
[15:42:51][ATTACK] NAKED ATTACK | victim=0x23618e81E3f5cd | swap=99.6600 USDC | loss_sandwich=2.4240 MEVI (3.33%)
[15:42:53][  SWAP] TRADER 0x90F79bf6EB2c4f870365E785982E1f101E93b906 | 92.27 USDC | prot: HIGH | premio: 0.5074 MEVI | stima: 78.0202 MEVI | ricevuti: 72.8144 MEVI | ATTACCO: NO
[15:42:53][  SWAP] TRADER 0xa0Ee7A142d267C1f36714E4a8F75612F20a79720 | 124.53 USDC | prot: NESSUNA | stima: 102.1757 MEVI | ricevuti: 102.1757 MEVI | ATTACCO: NO
[15:42:54][  SWAP] TRADER 0x9965507D1a55bcC2695C58ba16FB37d819B0A4dc | 127.77 USDC | prot: HIGH | premio: 0.7026 MEVI | stima: 104.7733 MEVI | ricevuti: 97.0055 MEVI | ATTACCO: NO
[15:42:59][  SWAP] TRADER 0x23618e81E3f5cdF7f54C3d65f7FBc0aBf5B21E8f | 99.66 USDC | prot: NESSUNA | stima: 72.7483 MEVI | ricevuti: 70.3243 MEVI | ATTACCO: SI | perdita: 2.4240 MEVI | rimborso: NON ASSICURATO
[15:43:00][  SWAP] TRADER 0xBcd4042DE499D14e55001CcbB24a551F3b954096 | 70.05 USDC | prot: NESSUNA | stima: 51.3919 MEVI | ricevuti: 49.7205 MEVI | ATTACCO: NO
[15:43:00][  SWAP] TRADER 0x976EA74026E726554dB657fA54763abd0C3a0aa9 | 90.56 USDC | prot: HIGH | premio: 0.4980 MEVI | stima: 66.2077 MEVI | ricevuti: 62.5748 MEVI | ATTACCO: NO
[15:43:01][  SWAP] TRADER 0x15d34AAf54267DB7D7c367839AAf71A00a2C6A65 | 62.34 USDC | prot: HIGH | premio: 0.3428 MEVI | stima: 45.7956 MEVI | ricevuti: 41.9998 MEVI | ATTACCO: NO
[15:43:05][  SWAP] TRADER 0x14dC79964da2C08b23698B3D3cc7Ca32193d9955 | 107.85 USDC | prot: NESSUNA | stima: 70.6761 MEVI | ricevuti: 105.5728 MEVI | ATTACCO: NO
[15:43:09][  POOL] POOL UPDATE | mevi=120.3130 MEVI | eth=2.642000 ETH
[15:43:10][ATTACK] INSURED ATTACK | victim=0x3C44CdDdB6a900 | swap=92.1700 USDC | loss_sandwich=3.0519 MEVI (3.69%)
[15:43:11][  SWAP] TRADER 0x71bE63f3384f5fb98995898A86B02Fb2426c5788 | 121.77 USDC | prot: NESSUNA | stima: 113.9651 MEVI | ricevuti: 113.9651 MEVI | ATTACCO: NO
[15:43:18][  SWAP] TRADER 0xa0Ee7A142d267C1f36714E4a8F75612F20a79720 | 114.25 USDC | prot: NESSUNA | stima: 102.2045 MEVI | ricevuti: 98.8212 MEVI | ATTACCO: NO
[15:43:19][ATTACK] NAKED ATTACK | victim=0x23618e81E3f5cd | swap=78.9700 USDC | loss_sandwich=3.9528 MEVI (6.47%)
[15:43:20][  SWAP] TRADER 0x90F79bf6EB2c4f870365E785982E1f101E93b906 | 95.83 USDC | prot: HIGH | premio: 0.5270 MEVI | stima: 86.0231 MEVI | ricevuti: 79.7395 MEVI | ATTACCO: NO
[15:43:22][  SWAP] TRADER 0x9965507D1a55bcC2695C58ba16FB37d819B0A4dc | 114.45 USDC | prot: HIGH | premio: 0.6294 MEVI | stima: 98.9905 MEVI | ricevuti: 91.6849 MEVI | ATTACCO: NO
[15:43:26][  SWAP] TRADER 0xBcd4042DE499D14e55001CcbB24a551F3b954096 | 93.18 USDC | prot: NESSUNA | stima: 71.9442 MEVI | ricevuti: 69.4805 MEVI | ATTACCO: NO
[15:43:26][  SWAP] TRADER 0x23618e81E3f5cdF7f54C3d65f7FBc0aBf5B21E8f | 78.97 USDC | prot: NESSUNA | stima: 61.1240 MEVI | ricevuti: 57.1712 MEVI | ATTACCO: SI | perdita: 3.9528 MEVI | rimborso: NON ASSICURATO
[15:43:27][  SWAP] TRADER 0x3C44CdDdB6a900fa2b585dd299e03d12FA4293BC | 92.17 USDC | prot: HIGH | premio: 0.5068 MEVI | stima: 82.7945 MEVI | ricevuti: 79.7426 MEVI | ATTACCO: SI | perdita: 3.0519 MEVI | rimborso: 3.0619 MEVI
[15:43:29][  SWAP] TRADER 0x976EA74026E726554dB657fA54763abd0C3a0aa9 | 80.21 USDC | prot: HIGH | premio: 0.4411 MEVI | stima: 62.0704 MEVI | ricevuti: 56.7081 MEVI | ATTACCO: NO
[15:43:29][  SWAP] TRADER 0x15d34AAf54267DB7D7c367839AAf71A00a2C6A65 | 95.49 USDC | prot: HIGH | premio: 0.5251 MEVI | stima: 73.6980 MEVI | ricevuti: 69.5523 MEVI | ATTACCO: NO
[15:43:32][  SWAP] TRADER 0x14dC79964da2C08b23698B3D3cc7Ca32193d9955 | 104.57 USDC | prot: NESSUNA | stima: 71.6879 MEVI | ricevuti: 71.6879 MEVI | ATTACCO: NO
[15:43:42][  SWAP] TRADER 0xa0Ee7A142d267C1f36714E4a8F75612F20a79720 | 117.17 USDC | prot: NESSUNA | stima: 114.4871 MEVI | ricevuti: 114.4871 MEVI | ATTACCO: NO
[15:43:49][  SWAP] TRADER 0x90F79bf6EB2c4f870365E785982E1f101E93b906 | 89.22 USDC | prot: HIGH | premio: 0.4906 MEVI | stima: 83.7212 MEVI | ricevuti: 83.7212 MEVI | ATTACCO: NO
[15:43:49][ATTACK] INSURED ATTACK | victim=0x3C44CdDdB6a900 | swap=90.8500 USDC | loss_sandwich=2.4971 MEVI (3.47%)
[15:43:50][  SWAP] TRADER 0x9965507D1a55bcC2695C58ba16FB37d819B0A4dc | 118.40 USDC | prot: HIGH | premio: 0.6511 MEVI | stima: 110.4836 MEVI | ricevuti: 106.7708 MEVI | ATTACCO: NO
[15:43:51][  SWAP] TRADER 0x23618e81E3f5cdF7f54C3d65f7FBc0aBf5B21E8f | 52.74 USDC | prot: NESSUNA | stima: 48.1537 MEVI | ricevuti: 44.5205 MEVI | ATTACCO: NO
[15:43:52][  SWAP] TRADER 0xBcd4042DE499D14e55001CcbB24a551F3b954096 | 90.92 USDC | prot: NESSUNA | stima: 82.4152 MEVI | ricevuti: 78.8209 MEVI | ATTACCO: NO
[15:43:53][  SWAP] TRADER 0x71bE63f3384f5fb98995898A86B02Fb2426c5788 | 102.76 USDC | prot: NESSUNA | stima: 88.8910 MEVI | ricevuti: 84.3238 MEVI | ATTACCO: NO
[15:43:58][  SWAP] TRADER 0x976EA74026E726554dB657fA54763abd0C3a0aa9 | 85.46 USDC | prot: HIGH | premio: 0.4699 MEVI | stima: 70.3461 MEVI | ricevuti: 65.7024 MEVI | ATTACCO: NO
[15:43:58][  SWAP] TRADER 0x14dC79964da2C08b23698B3D3cc7Ca32193d9955 | 128.49 USDC | prot: NESSUNA | stima: 101.1598 MEVI | ricevuti: 95.1860 MEVI | ATTACCO: NO
[15:43:58][  SWAP] TRADER 0x15d34AAf54267DB7D7c367839AAf71A00a2C6A65 | 99.80 USDC | prot: HIGH | premio: 0.5488 MEVI | stima: 81.9384 MEVI | ricevuti: 71.1069 MEVI | ATTACCO: NO
[15:44:01][ATTACK] NAKED ATTACK | victim=0xa0Ee7A142d267C | swap=115.4700 USDC | loss_sandwich=4.3346 MEVI (3.84%)
[15:44:05][  SWAP] TRADER 0x3C44CdDdB6a900fa2b585dd299e03d12FA4293BC | 90.85 USDC | prot: HIGH | premio: 0.4996 MEVI | stima: 78.7613 MEVI | ricevuti: 69.5043 MEVI | ATTACCO: SI | perdita: 2.4971 MEVI | rimborso: 2.5071 MEVI
[15:44:08][  SWAP] TRADER 0xa0Ee7A142d267C1f36714E4a8F75612F20a79720 | 115.47 USDC | prot: NESSUNA | stima: 112.8635 MEVI | ricevuti: 108.5289 MEVI | ATTACCO: SI | perdita: 4.3346 MEVI | rimborso: NON ASSICURATO
[15:44:12][  SWAP] TRADER 0x90F79bf6EB2c4f870365E785982E1f101E93b906 | 98.94 USDC | prot: HIGH | premio: 0.5441 MEVI | stima: 92.8563 MEVI | ricevuti: 92.8563 MEVI | ATTACCO: NO
[15:44:17][  SWAP] TRADER 0xBcd4042DE499D14e55001CcbB24a551F3b954096 | 79.44 USDC | prot: NESSUNA | stima: 72.0415 MEVI | ricevuti: 72.0415 MEVI | ATTACCO: NO
[15:44:17][  SWAP] TRADER 0x23618e81E3f5cdF7f54C3d65f7FBc0aBf5B21E8f | 83.43 USDC | prot: NESSUNA | stima: 75.6029 MEVI | ricevuti: 73.3668 MEVI | ATTACCO: NO
[15:44:18][  SWAP] TRADER 0x9965507D1a55bcC2695C58ba16FB37d819B0A4dc | 103.22 USDC | prot: HIGH | premio: 0.5676 MEVI | stima: 93.1879 MEVI | ricevuti: 83.9228 MEVI | ATTACCO: NO
[15:44:18][  SWAP] TRADER 0x71bE63f3384f5fb98995898A86B02Fb2426c5788 | 119.99 USDC | prot: NESSUNA | stima: 107.9872 MEVI | ricevuti: 101.6099 MEVI | ATTACCO: NO
[15:44:23][  SWAP] TRADER 0x14dC79964da2C08b23698B3D3cc7Ca32193d9955 | 148.03 USDC | prot: NESSUNA | stima: 115.0920 MEVI | ricevuti: 115.0920 MEVI | ATTACCO: NO
[15:44:26][  SWAP] TRADER 0x976EA74026E726554dB657fA54763abd0C3a0aa9 | 79.24 USDC | prot: HIGH | premio: 0.4357 MEVI | stima: 62.3550 MEVI | ricevuti: 58.0504 MEVI | ATTACCO: NO
[15:44:26][  SWAP] TRADER 0x15d34AAf54267DB7D7c367839AAf71A00a2C6A65 | 57.21 USDC | prot: HIGH | premio: 0.3146 MEVI | stima: 45.1947 MEVI | ricevuti: 42.9069 MEVI | ATTACCO: NO
[15:44:26][ATTACK] INSURED ATTACK | victim=0x3C44CdDdB6a900 | swap=84.6000 USDC | loss_sandwich=1.9847 MEVI (3.29%)
[15:44:34][  SWAP] TRADER 0xa0Ee7A142d267C1f36714E4a8F75612F20a79720 | 103.18 USDC | prot: NESSUNA | stima: 73.2845 MEVI | ricevuti: 68.9282 MEVI | ATTACCO: NO
[15:44:35][ATTACK] NAKED ATTACK | victim=0x23618e81E3f5cd | swap=89.5500 USDC | loss_sandwich=10.5115 MEVI (11.95%)
[15:44:43][  SWAP] TRADER 0x23618e81E3f5cdF7f54C3d65f7FBc0aBf5B21E8f | 89.55 USDC | prot: NESSUNA | stima: 87.9744 MEVI | ricevuti: 77.4629 MEVI | ATTACCO: SI | perdita: 10.5115 MEVI | rimborso: NON ASSICURATO
[15:44:43][  SWAP] TRADER 0x71bE63f3384f5fb98995898A86B02Fb2426c5788 | 137.90 USDC | prot: NESSUNA | stima: 134.1988 MEVI | ricevuti: 129.0556 MEVI | ATTACCO: NO
[15:44:43][  SWAP] TRADER 0xBcd4042DE499D14e55001CcbB24a551F3b954096 | 93.47 USDC | prot: NESSUNA | stima: 91.7547 MEVI | ricevuti: 83.6790 MEVI | ATTACCO: NO
[15:44:43][  SWAP] TRADER 0x3C44CdDdB6a900fa2b585dd299e03d12FA4293BC | 84.60 USDC | prot: HIGH | premio: 0.4652 MEVI | stima: 60.2750 MEVI | ricevuti: 58.2903 MEVI | ATTACCO: SI | perdita: 1.9847 MEVI | rimborso: 1.9947 MEVI
[15:44:45][  SWAP] TRADER 0x9965507D1a55bcC2695C58ba16FB37d819B0A4dc | 116.53 USDC | prot: HIGH | premio: 0.6408 MEVI | stima: 113.8760 MEVI | ricevuti: 101.1331 MEVI | ATTACCO: NO
[15:44:48][  SWAP] TRADER 0x14dC79964da2C08b23698B3D3cc7Ca32193d9955 | 110.27 USDC | prot: NESSUNA | stima: 91.7795 MEVI | ricevuti: 91.7795 MEVI | ATTACCO: NO
[15:44:54][  SWAP] TRADER 0x976EA74026E726554dB657fA54763abd0C3a0aa9 | 55.84 USDC | prot: HIGH | premio: 0.3071 MEVI | stima: 45.0959 MEVI | ricevuti: 42.8804 MEVI | ATTACCO: NO
[15:44:54][  SWAP] TRADER 0x90F79bf6EB2c4f870365E785982E1f101E93b906 | 67.97 USDC | prot: HIGH | premio: 0.3738 MEVI | stima: 54.7732 MEVI | ricevuti: 54.7732 MEVI | ATTACCO: NO
[15:44:54][  SWAP] TRADER 0x15d34AAf54267DB7D7c367839AAf71A00a2C6A65 | 73.95 USDC | prot: HIGH | premio: 0.4067 MEVI | stima: 59.5286 MEVI | ricevuti: 58.1026 MEVI | ATTACCO: NO
[15:44:59][  SWAP] TRADER 0xa0Ee7A142d267C1f36714E4a8F75612F20a79720 | 139.92 USDC | prot: NESSUNA | stima: 103.8658 MEVI | ricevuti: 103.8658 MEVI | ATTACCO: NO
[15:45:06][  SWAP] TRADER 0xBcd4042DE499D14e55001CcbB24a551F3b954096 | 82.58 USDC | prot: NESSUNA | stima: 59.0111 MEVI | ricevuti: 59.0111 MEVI | ATTACCO: NO
[15:45:06][  SWAP] TRADER 0x71bE63f3384f5fb98995898A86B02Fb2426c5788 | 137.18 USDC | prot: NESSUNA | stima: 97.1374 MEVI | ricevuti: 94.4924 MEVI | ATTACCO: NO
[15:45:06][  SWAP] TRADER 0x23618e81E3f5cdF7f54C3d65f7FBc0aBf5B21E8f | 89.75 USDC | prot: NESSUNA | stima: 64.0576 MEVI | ricevuti: 59.5527 MEVI | ATTACCO: NO
[15:45:09][  POOL] POOL UPDATE | mevi=122.7862 MEVI | eth=2.588000 ETH
[15:45:12][  SWAP] TRADER 0x3C44CdDdB6a900fa2b585dd299e03d12FA4293BC | 92.60 USDC | prot: HIGH | premio: 0.5092 MEVI | stima: 59.6585 MEVI | ricevuti: 90.9162 MEVI | ATTACCO: NO
[15:45:14][ATTACK] INSURED ATTACK | victim=0x15d34AAf54267D | swap=86.5000 USDC | loss_sandwich=2.7162 MEVI (3.62%)
[15:45:14][  SWAP] TRADER 0x14dC79964da2C08b23698B3D3cc7Ca32193d9955 | 109.42 USDC | prot: NESSUNA | stima: 107.0767 MEVI | ricevuti: 103.2583 MEVI | ATTACCO: NO
[15:45:15][  SWAP] TRADER 0x9965507D1a55bcC2695C58ba16FB37d819B0A4dc | 125.41 USDC | prot: HIGH | premio: 0.6896 MEVI | stima: 122.3414 MEVI | ricevuti: 113.1312 MEVI | ATTACCO: NO
[15:45:21][  SWAP] TRADER 0x976EA74026E726554dB657fA54763abd0C3a0aa9 | 90.42 USDC | prot: HIGH | premio: 0.4972 MEVI | stima: 78.3177 MEVI | ricevuti: 70.8485 MEVI | ATTACCO: NO
[15:45:21][  SWAP] TRADER 0x90F79bf6EB2c4f870365E785982E1f101E93b906 | 89.59 USDC | prot: HIGH | premio: 0.4927 MEVI | stima: 77.6107 MEVI | ricevuti: 72.4899 MEVI | ATTACCO: NO
[15:45:24][  SWAP] TRADER 0xa0Ee7A142d267C1f36714E4a8F75612F20a79720 | 111.70 USDC | prot: NESSUNA | stima: 87.7684 MEVI | ricevuti: 87.7684 MEVI | ATTACCO: NO
[15:45:24][ATTACK] NAKED ATTACK | victim=0x71bE63f3384f5f | swap=113.6200 USDC | loss_sandwich=4.7116 MEVI (5.49%)
[15:45:31][  SWAP] TRADER 0x15d34AAf54267DB7D7c367839AAf71A00a2C6A65 | 86.50 USDC | prot: HIGH | premio: 0.4757 MEVI | stima: 74.9766 MEVI | ricevuti: 72.2604 MEVI | ATTACCO: SI | perdita: 2.7162 MEVI | rimborso: 2.7262 MEVI
[15:45:32][  SWAP] TRADER 0xBcd4042DE499D14e55001CcbB24a551F3b954096 | 64.75 USDC | prot: NESSUNA | stima: 49.3192 MEVI | ricevuti: 47.6415 MEVI | ATTACCO: NO
[15:45:32][  SWAP] TRADER 0x71bE63f3384f5fb98995898A86B02Fb2426c5788 | 113.62 USDC | prot: NESSUNA | stima: 85.8149 MEVI | ricevuti: 81.1033 MEVI | ATTACCO: SI | perdita: 4.7116 MEVI | rimborso: NON ASSICURATO
[15:45:32][  SWAP] TRADER 0x23618e81E3f5cdF7f54C3d65f7FBc0aBf5B21E8f | 86.54 USDC | prot: NESSUNA | stima: 65.6680 MEVI | ricevuti: 59.7335 MEVI | ATTACCO: NO
[15:45:35][  SWAP] TRADER 0x3C44CdDdB6a900fa2b585dd299e03d12FA4293BC | 78.47 USDC | prot: HIGH | premio: 0.4315 MEVI | stima: 54.6280 MEVI | ricevuti: 54.6280 MEVI | ATTACCO: NO
[15:45:39][  SWAP] TRADER 0x14dC79964da2C08b23698B3D3cc7Ca32193d9955 | 127.84 USDC | prot: NESSUNA | stima: 86.0169 MEVI | ricevuti: 124.6529 MEVI | ATTACCO: NO
[15:45:43][  SWAP] TRADER 0x9965507D1a55bcC2695C58ba16FB37d819B0A4dc | 100.84 USDC | prot: HIGH | premio: 0.5545 MEVI | stima: 98.8465 MEVI | ricevuti: 94.0256 MEVI | ATTACCO: NO
[15:45:49][  SWAP] TRADER 0x90F79bf6EB2c4f870365E785982E1f101E93b906 | 70.54 USDC | prot: HIGH | premio: 0.3879 MEVI | stima: 63.6460 MEVI | ricevuti: 63.6460 MEVI | ATTACCO: NO
[15:45:49][  SWAP] TRADER 0x976EA74026E726554dB657fA54763abd0C3a0aa9 | 58.56 USDC | prot: HIGH | premio: 0.3220 MEVI | stima: 52.9566 MEVI | ricevuti: 51.5637 MEVI | ATTACCO: NO
[15:45:51][  SWAP] TRADER 0xa0Ee7A142d267C1f36714E4a8F75612F20a79720 | 142.26 USDC | prot: NESSUNA | stima: 126.6428 MEVI | ricevuti: 120.6902 MEVI | ATTACCO: NO
[15:45:57][  SWAP] TRADER 0xBcd4042DE499D14e55001CcbB24a551F3b954096 | 62.79 USDC | prot: NESSUNA | stima: 51.3061 MEVI | ricevuti: 51.3061 MEVI | ATTACCO: NO
[15:45:57][  SWAP] TRADER 0x23618e81E3f5cdF7f54C3d65f7FBc0aBf5B21E8f | 58.10 USDC | prot: NESSUNA | stima: 47.5139 MEVI | ricevuti: 46.4528 MEVI | ATTACCO: NO
[15:45:57][  SWAP] TRADER 0x71bE63f3384f5fb98995898A86B02Fb2426c5788 | 116.56 USDC | prot: NESSUNA | stima: 94.3301 MEVI | ricevuti: 90.3565 MEVI | ATTACCO: NO
[15:46:00][  SWAP] TRADER 0x15d34AAf54267DB7D7c367839AAf71A00a2C6A65 | 51.32 USDC | prot: HIGH | premio: 0.2822 MEVI | stima: 42.0205 MEVI | ricevuti: 38.6292 MEVI | ATTACCO: NO
[15:46:04][  SWAP] TRADER 0x3C44CdDdB6a900fa2b585dd299e03d12FA4293BC | 84.46 USDC | prot: HIGH | premio: 0.4644 MEVI | stima: 63.2122 MEVI | ricevuti: 59.0718 MEVI | ATTACCO: NO
[15:46:04][  SWAP] TRADER 0x14dC79964da2C08b23698B3D3cc7Ca32193d9955 | 147.79 USDC | prot: NESSUNA | stima: 107.5123 MEVI | ricevuti: 107.5123 MEVI | ATTACCO: NO
[15:46:07][  SWAP] TRADER 0x9965507D1a55bcC2695C58ba16FB37d819B0A4dc | 139.43 USDC | prot: HIGH | premio: 0.7667 MEVI | stima: 93.9741 MEVI | ricevuti: 93.9741 MEVI | ATTACCO: NO
[15:46:09][ATTACK] NAKED ATTACK | victim=0xa0Ee7A142d267C | swap=110.6100 USDC | loss_sandwich=4.1580 MEVI (3.84%)
[15:46:10][ATTACK] INSURED ATTACK | victim=0x90F79bf6EB2c4f | swap=83.7200 USDC | loss_sandwich=5.6592 MEVI (7.17%)
[15:46:16][  SWAP] TRADER 0xa0Ee7A142d267C1f36714E4a8F75612F20a79720 | 110.61 USDC | prot: NESSUNA | stima: 108.2160 MEVI | ricevuti: 104.0580 MEVI | ATTACCO: SI | perdita: 4.1580 MEVI | rimborso: NON ASSICURATO
[15:46:18][  SWAP] TRADER 0x976EA74026E726554dB657fA54763abd0C3a0aa9 | 95.10 USDC | prot: HIGH | premio: 0.5230 MEVI | stima: 93.3250 MEVI | ricevuti: 86.1067 MEVI | ATTACCO: NO
[15:46:22][  SWAP] TRADER 0xBcd4042DE499D14e55001CcbB24a551F3b954096 | 84.06 USDC | prot: NESSUNA | stima: 74.1928 MEVI | ricevuti: 69.1078 MEVI | ATTACCO: NO
[15:46:22][  SWAP] TRADER 0x23618e81E3f5cdF7f54C3d65f7FBc0aBf5B21E8f | 79.73 USDC | prot: NESSUNA | stima: 70.4279 MEVI | ricevuti: 70.4279 MEVI | ATTACCO: NO
[15:46:22][  SWAP] TRADER 0x71bE63f3384f5fb98995898A86B02Fb2426c5788 | 112.59 USDC | prot: NESSUNA | stima: 98.8482 MEVI | ricevuti: 95.9591 MEVI | ATTACCO: NO
[15:46:28][  SWAP] TRADER 0x90F79bf6EB2c4f870365E785982E1f101E93b906 | 83.72 USDC | prot: HIGH | premio: 0.4604 MEVI | stima: 82.3413 MEVI | ricevuti: 73.2862 MEVI | ATTACCO: SI | perdita: 5.6592 MEVI | rimborso: 5.6692 MEVI
[15:46:28][  SWAP] TRADER 0x15d34AAf54267DB7D7c367839AAf71A00a2C6A65 | 55.27 USDC | prot: HIGH | premio: 0.3039 MEVI | stima: 44.3107 MEVI | ricevuti: 44.3107 MEVI | ATTACCO: NO
[15:46:30][  SWAP] TRADER 0x14dC79964da2C08b23698B3D3cc7Ca32193d9955 | 144.22 USDC | prot: NESSUNA | stima: 113.8191 MEVI | ricevuti: 111.6160 MEVI | ATTACCO: NO
[15:46:32][  SWAP] TRADER 0x9965507D1a55bcC2695C58ba16FB37d819B0A4dc | 102.72 USDC | prot: HIGH | premio: 0.5649 MEVI | stima: 76.1473 MEVI | ricevuti: 73.9151 MEVI | ATTACCO: NO
[15:46:32][  SWAP] TRADER 0x3C44CdDdB6a900fa2b585dd299e03d12FA4293BC | 87.03 USDC | prot: HIGH | premio: 0.4786 MEVI | stima: 69.3805 MEVI | ricevuti: 64.6894 MEVI | ATTACCO: NO
[15:46:40][ATTACK] NAKED ATTACK | victim=0x23618e81E3f5cd | swap=54.4200 USDC | loss_sandwich=3.2186 MEVI (6.48%)
[15:46:41][  SWAP] TRADER 0xa0Ee7A142d267C1f36714E4a8F75612F20a79720 | 147.00 USDC | prot: NESSUNA | stima: 101.4427 MEVI | ricevuti: 142.8016 MEVI | ATTACCO: NO
[15:46:46][  SWAP] TRADER 0x976EA74026E726554dB657fA54763abd0C3a0aa9 | 59.60 USDC | prot: HIGH | premio: 0.3277 MEVI | stima: 58.8979 MEVI | ricevuti: 55.6004 MEVI | ATTACCO: NO
[15:46:47][  SWAP] TRADER 0xBcd4042DE499D14e55001CcbB24a551F3b954096 | 78.29 USDC | prot: NESSUNA | stima: 72.7749 MEVI | ricevuti: 68.4941 MEVI | ATTACCO: NO
[15:46:47][  SWAP] TRADER 0x23618e81E3f5cdF7f54C3d65f7FBc0aBf5B21E8f | 54.42 USDC | prot: NESSUNA | stima: 50.8186 MEVI | ricevuti: 46.4492 MEVI | ATTACCO: SI | perdita: 3.2186 MEVI | rimborso: NON ASSICURATO
[15:46:47][  SWAP] TRADER 0x71bE63f3384f5fb98995898A86B02Fb2426c5788 | 124.76 USDC | prot: NESSUNA | stima: 114.9491 MEVI | ricevuti: 103.0574 MEVI | ATTACCO: NO
[15:46:53][ATTACK] INSURED ATTACK | victim=0x9965507D1a55bc | swap=126.2600 USDC | loss_sandwich=3.1680 MEVI (3.37%)
[15:46:56][  SWAP] TRADER 0x14dC79964da2C08b23698B3D3cc7Ca32193d9955 | 120.00 USDC | prot: NESSUNA | stima: 98.6355 MEVI | ricevuti: 95.3719 MEVI | ATTACCO: NO
[15:46:56][  SWAP] TRADER 0x15d34AAf54267DB7D7c367839AAf71A00a2C6A65 | 59.70 USDC | prot: HIGH | premio: 0.3283 MEVI | stima: 49.6077 MEVI | ricevuti: 45.9591 MEVI | ATTACCO: NO
[15:46:56][  SWAP] TRADER 0x90F79bf6EB2c4f870365E785982E1f101E93b906 | 93.56 USDC | prot: HIGH | premio: 0.5145 MEVI | stima: 77.2692 MEVI | ricevuti: 77.2692 MEVI | ATTACCO: NO
[15:47:01][  SWAP] TRADER 0x3C44CdDdB6a900fa2b585dd299e03d12FA4293BC | 99.27 USDC | prot: HIGH | premio: 0.5459 MEVI | stima: 81.9007 MEVI | ricevuti: 68.8398 MEVI | ATTACCO: NO
[15:47:07][  SWAP] TRADER 0xa0Ee7A142d267C1f36714E4a8F75612F20a79720 | 101.68 USDC | prot: NESSUNA | stima: 70.6590 MEVI | ricevuti: 70.6590 MEVI | ATTACCO: NO
[15:47:09][  POOL] POOL UPDATE | mevi=124.2607 MEVI | eth=2.538000 ETH
[15:47:11][  SWAP] TRADER 0x9965507D1a55bcC2695C58ba16FB37d819B0A4dc | 126.26 USDC | prot: HIGH | premio: 0.6943 MEVI | stima: 103.6646 MEVI | ricevuti: 90.9441 MEVI | ATTACCO: SI | perdita: 3.1680 MEVI | rimborso: 3.1780 MEVI
[15:47:13][  SWAP] TRADER 0xBcd4042DE499D14e55001CcbB24a551F3b954096 | 94.15 USDC | prot: NESSUNA | stima: 92.4099 MEVI | ricevuti: 90.1406 MEVI | ATTACCO: NO
[15:47:13][  SWAP] TRADER 0x23618e81E3f5cdF7f54C3d65f7FBc0aBf5B21E8f | 63.13 USDC | prot: NESSUNA | stima: 62.3429 MEVI | ricevuti: 62.3429 MEVI | ATTACCO: NO
[15:47:14][ATTACK] NAKED ATTACK | victim=0x14dC79964da2C0 | swap=121.5500 USDC | loss_sandwich=3.6829 MEVI (3.58%)
[15:47:15][  SWAP] TRADER 0x976EA74026E726554dB657fA54763abd0C3a0aa9 | 82.48 USDC | prot: HIGH | premio: 0.4536 MEVI | stima: 55.5951 MEVI | ricevuti: 76.3056 MEVI | ATTACCO: NO
[15:47:15][  SWAP] TRADER 0x71bE63f3384f5fb98995898A86B02Fb2426c5788 | 135.24 USDC | prot: NESSUNA | stima: 131.6784 MEVI | ricevuti: 120.0481 MEVI | ATTACCO: NO
[15:47:21][  SWAP] TRADER 0x14dC79964da2C08b23698B3D3cc7Ca32193d9955 | 121.55 USDC | prot: NESSUNA | stima: 102.8552 MEVI | ricevuti: 99.1723 MEVI | ATTACCO: SI | perdita: 3.6829 MEVI | rimborso: NON ASSICURATO
[15:47:24][  SWAP] TRADER 0x15d34AAf54267DB7D7c367839AAf71A00a2C6A65 | 88.96 USDC | prot: HIGH | premio: 0.4892 MEVI | stima: 75.7267 MEVI | ricevuti: 72.5301 MEVI | ATTACCO: NO
[15:47:26][  SWAP] TRADER 0x90F79bf6EB2c4f870365E785982E1f101E93b906 | 75.71 USDC | prot: HIGH | premio: 0.4163 MEVI | stima: 64.6043 MEVI | ricevuti: 59.9307 MEVI | ATTACCO: NO
[15:47:30][  SWAP] TRADER 0x3C44CdDdB6a900fa2b585dd299e03d12FA4293BC | 91.09 USDC | prot: HIGH | premio: 0.5009 MEVI | stima: 71.9097 MEVI | ricevuti: 70.0131 MEVI | ATTACCO: NO
[15:47:33][  SWAP] TRADER 0xa0Ee7A142d267C1f36714E4a8F75612F20a79720 | 133.64 USDC | prot: NESSUNA | stima: 101.9630 MEVI | ricevuti: 98.7936 MEVI | ATTACCO: NO
[15:47:39][  SWAP] TRADER 0xBcd4042DE499D14e55001CcbB24a551F3b954096 | 98.76 USDC | prot: NESSUNA | stima: 70.1718 MEVI | ricevuti: 70.1718 MEVI | ATTACCO: NO
[15:47:39][  SWAP] TRADER 0x9965507D1a55bcC2695C58ba16FB37d819B0A4dc | 103.69 USDC | prot: HIGH | premio: 0.5702 MEVI | stima: 73.6140 MEVI | ricevuti: 71.2235 MEVI | ATTACCO: NO
[15:47:39][  SWAP] TRADER 0x23618e81E3f5cdF7f54C3d65f7FBc0aBf5B21E8f | 52.86 USDC | prot: NESSUNA | stima: 37.8490 MEVI | ricevuti: 35.3828 MEVI | ATTACCO: NO
[15:47:41][  SWAP] TRADER 0x71bE63f3384f5fb98995898A86B02Fb2426c5788 | 133.67 USDC | prot: NESSUNA | stima: 94.4252 MEVI | ricevuti: 86.8134 MEVI | ATTACCO: NO
[15:47:44][  SWAP] TRADER 0x976EA74026E726554dB657fA54763abd0C3a0aa9 | 57.69 USDC | prot: HIGH | premio: 0.3172 MEVI | stima: 41.2738 MEVI | ricevuti: 57.0320 MEVI | ATTACCO: NO
[15:47:45][ATTACK] INSURED ATTACK | victim=0x15d34AAf54267D | swap=88.1400 USDC | loss_sandwich=2.9951 MEVI (3.72%)
[15:47:47][  SWAP] TRADER 0x14dC79964da2C08b23698B3D3cc7Ca32193d9955 | 128.13 USDC | prot: NESSUNA | stima: 122.1297 MEVI | ricevuti: 122.1297 MEVI | ATTACCO: NO
[15:47:54][  SWAP] TRADER 0x90F79bf6EB2c4f870365E785982E1f101E93b906 | 99.82 USDC | prot: HIGH | premio: 0.5489 MEVI | stima: 91.0422 MEVI | ricevuti: 88.1290 MEVI | ATTACCO: NO
[15:47:57][ATTACK] NAKED ATTACK | victim=0x23618e81E3f5cd | swap=72.2100 USDC | loss_sandwich=1.9928 MEVI (3.47%)
[15:47:59][  SWAP] TRADER 0xa0Ee7A142d267C1f36714E4a8F75612F20a79720 | 148.29 USDC | prot: NESSUNA | stima: 125.0373 MEVI | ricevuti: 125.0373 MEVI | ATTACCO: NO
[15:47:59][  SWAP] TRADER 0x3C44CdDdB6a900fa2b585dd299e03d12FA4293BC | 53.08 USDC | prot: HIGH | premio: 0.2919 MEVI | stima: 47.2746 MEVI | ricevuti: 43.1395 MEVI | ATTACCO: NO
[15:48:05][  SWAP] TRADER 0x23618e81E3f5cdF7f54C3d65f7FBc0aBf5B21E8f | 72.21 USDC | prot: NESSUNA | stima: 57.3844 MEVI | ricevuti: 55.3916 MEVI | ATTACCO: SI | perdita: 1.9928 MEVI | rimborso: NON ASSICURATO
[15:48:06][  SWAP] TRADER 0xBcd4042DE499D14e55001CcbB24a551F3b954096 | 69.78 USDC | prot: NESSUNA | stima: 55.4772 MEVI | ricevuti: 54.1047 MEVI | ATTACCO: NO
[15:48:06][  SWAP] TRADER 0x71bE63f3384f5fb98995898A86B02Fb2426c5788 | 143.94 USDC | prot: NESSUNA | stima: 112.9521 MEVI | ricevuti: 107.5332 MEVI | ATTACCO: NO
[15:48:07][  SWAP] TRADER 0x9965507D1a55bcC2695C58ba16FB37d819B0A4dc | 134.92 USDC | prot: HIGH | premio: 0.7419 MEVI | stima: 106.0413 MEVI | ricevuti: 96.1039 MEVI | ATTACCO: NO
[15:48:07][  SWAP] TRADER 0x976EA74026E726554dB657fA54763abd0C3a0aa9 | 80.77 USDC | prot: HIGH | premio: 0.4442 MEVI | stima: 58.0574 MEVI | ricevuti: 55.4893 MEVI | ATTACCO: NO
[15:48:10][  SWAP] TRADER 0x14dC79964da2C08b23698B3D3cc7Ca32193d9955 | 119.39 USDC | prot: NESSUNA | stima: 79.3702 MEVI | ricevuti: 79.3702 MEVI | ATTACCO: NO
[15:49:09][  POOL] POOL UPDATE | mevi=127.9545 MEVI | eth=2.534000 ETH
[15:49:11][  SWAP] TRADER 0xa0Ee7A142d267C1f36714E4a8F75612F20a79720 | 134.95 USDC | prot: NESSUNA | stima: 131.4034 MEVI | ricevuti: 131.4034 MEVI | ATTACCO: NO
[15:49:11][  SWAP] TRADER 0x71bE63f3384f5fb98995898A86B02Fb2426c5788 | 131.01 USDC | prot: NESSUNA | stima: 127.6649 MEVI | ricevuti: 121.1241 MEVI | ATTACCO: NO
[15:49:11][  SWAP] TRADER 0x14dC79964da2C08b23698B3D3cc7Ca32193d9955 | 106.79 USDC | prot: NESSUNA | stima: 104.5569 MEVI | ricevuti: 94.3618 MEVI | ATTACCO: NO
[15:49:11][  SWAP] TRADER 0x23618e81E3f5cdF7f54C3d65f7FBc0aBf5B21E8f | 95.15 USDC | prot: NESSUNA | stima: 93.3731 MEVI | ricevuti: 80.9714 MEVI | ATTACCO: NO
[15:49:11][  SWAP] TRADER 0xBcd4042DE499D14e55001CcbB24a551F3b954096 | 53.45 USDC | prot: NESSUNA | stima: 52.8847 MEVI | ricevuti: 44.2611 MEVI | ATTACCO: NO
[15:49:11][  SWAP] TRADER 0x90F79bf6EB2c4f870365E785982E1f101E93b906 | 68.87 USDC | prot: HIGH | premio: 0.3787 MEVI | stima: 44.4080 MEVI | ricevuti: 55.7822 MEVI | ATTACCO: NO
[15:49:11][  SWAP] TRADER 0x3C44CdDdB6a900fa2b585dd299e03d12FA4293BC | 99.93 USDC | prot: HIGH | premio: 0.5495 MEVI | stima: 97.9719 MEVI | ricevuti: 78.5386 MEVI | ATTACCO: NO
[15:49:11][  SWAP] TRADER 0x9965507D1a55bcC2695C58ba16FB37d819B0A4dc | 130.35 USDC | prot: HIGH | premio: 0.7168 MEVI | stima: 127.0381 MEVI | ricevuti: 98.3936 MEVI | ATTACCO: NO
[15:49:11][  SWAP] TRADER 0x976EA74026E726554dB657fA54763abd0C3a0aa9 | 76.63 USDC | prot: HIGH | premio: 0.4214 MEVI | stima: 75.4733 MEVI | ricevuti: 55.8133 MEVI | ATTACCO: NO
[15:49:13][  SWAP] TRADER 0x15d34AAf54267DB7D7c367839AAf71A00a2C6A65 | 88.14 USDC | prot: HIGH | premio: 0.4847 MEVI | stima: 80.5673 MEVI | ricevuti: 77.5722 MEVI | ATTACCO: SI | perdita: 2.9951 MEVI | rimborso: 3.0051 MEVI
[15:49:31][ATTACK] NAKED ATTACK | victim=0x23618e81E3f5cd | swap=77.2000 USDC | loss_sandwich=2.1990 MEVI (3.51%)
[15:49:35][ATTACK] INSURED ATTACK | victim=0x15d34AAf54267D | swap=57.8600 USDC | loss_sandwich=1.3572 MEVI (3.29%)
[15:49:37][  SWAP] TRADER 0xBcd4042DE499D14e55001CcbB24a551F3b954096 | 98.86 USDC | prot: NESSUNA | stima: 96.9432 MEVI | ricevuti: 86.9990 MEVI | ATTACCO: NO
[15:49:37][  SWAP] TRADER 0xa0Ee7A142d267C1f36714E4a8F75612F20a79720 | 131.43 USDC | prot: NESSUNA | stima: 128.0637 MEVI | ricevuti: 110.8282 MEVI | ATTACCO: NO
[15:49:37][  SWAP] TRADER 0x14dC79964da2C08b23698B3D3cc7Ca32193d9955 | 141.26 USDC | prot: NESSUNA | stima: 137.3788 MEVI | ricevuti: 137.3788 MEVI | ATTACCO: NO
[15:49:37][  SWAP] TRADER 0x71bE63f3384f5fb98995898A86B02Fb2426c5788 | 139.49 USDC | prot: NESSUNA | stima: 135.7041 MEVI | ricevuti: 128.4452 MEVI | ATTACCO: NO
[15:49:38][  SWAP] TRADER 0x23618e81E3f5cdF7f54C3d65f7FBc0aBf5B21E8f | 77.20 USDC | prot: NESSUNA | stima: 76.0262 MEVI | ricevuti: 60.4695 MEVI | ATTACCO: SI | perdita: 2.1990 MEVI | rimborso: NON ASSICURATO
[15:49:40][  SWAP] TRADER 0x3C44CdDdB6a900fa2b585dd299e03d12FA4293BC | 95.32 USDC | prot: HIGH | premio: 0.5242 MEVI | stima: 93.5368 MEVI | ricevuti: 75.0752 MEVI | ATTACCO: NO
[15:49:40][  SWAP] TRADER 0x9965507D1a55bcC2695C58ba16FB37d819B0A4dc | 140.11 USDC | prot: HIGH | premio: 0.7705 MEVI | stima: 136.2909 MEVI | ricevuti: 105.8898 MEVI | ATTACCO: NO
[15:49:40][  SWAP] TRADER 0x90F79bf6EB2c4f870365E785982E1f101E93b906 | 73.10 USDC | prot: HIGH | premio: 0.4020 MEVI | stima: 72.0467 MEVI | ricevuti: 53.2481 MEVI | ATTACCO: NO
[15:49:53][  SWAP] TRADER 0x15d34AAf54267DB7D7c367839AAf71A00a2C6A65 | 57.86 USDC | prot: HIGH | premio: 0.3182 MEVI | stima: 47.1320 MEVI | ricevuti: 39.8624 MEVI | ATTACCO: SI | perdita: 1.3572 MEVI | rimborso: 1.3672 MEVI
[15:49:56][  SWAP] TRADER 0x976EA74026E726554dB657fA54763abd0C3a0aa9 | 72.69 USDC | prot: HIGH | premio: 0.3997 MEVI | stima: 50.6782 MEVI | ricevuti: 50.6782 MEVI | ATTACCO: NO
[15:50:01][  SWAP] TRADER 0xBcd4042DE499D14e55001CcbB24a551F3b954096 | 85.66 USDC | prot: NESSUNA | stima: 58.1730 MEVI | ricevuti: 53.9516 MEVI | ATTACCO: NO
[15:50:01][  SWAP] TRADER 0xa0Ee7A142d267C1f36714E4a8F75612F20a79720 | 100.25 USDC | prot: NESSUNA | stima: 67.9191 MEVI | ricevuti: 61.3191 MEVI | ATTACCO: NO
[15:50:01][  SWAP] TRADER 0x71bE63f3384f5fb98995898A86B02Fb2426c5788 | 114.16 USDC | prot: NESSUNA | stima: 77.1678 MEVI | ricevuti: 77.1678 MEVI | ATTACCO: NO
[15:50:01][  SWAP] TRADER 0x14dC79964da2C08b23698B3D3cc7Ca32193d9955 | 118.73 USDC | prot: NESSUNA | stima: 80.1972 MEVI | ricevuti: 77.2700 MEVI | ATTACCO: NO
[15:50:04][  SWAP] TRADER 0x23618e81E3f5cdF7f54C3d65f7FBc0aBf5B21E8f | 86.32 USDC | prot: NESSUNA | stima: 51.2901 MEVI | ricevuti: 51.2901 MEVI | ATTACCO: NO
[15:50:08][  SWAP] TRADER 0x3C44CdDdB6a900fa2b585dd299e03d12FA4293BC | 75.57 USDC | prot: HIGH | premio: 0.4156 MEVI | stima: 44.9766 MEVI | ricevuti: 43.8021 MEVI | ATTACCO: NO
[15:50:08][  SWAP] TRADER 0x90F79bf6EB2c4f870365E785982E1f101E93b906 | 98.10 USDC | prot: HIGH | premio: 0.5395 MEVI | stima: 58.1846 MEVI | ricevuti: 55.3878 MEVI | ATTACCO: NO
[15:50:10][  SWAP] TRADER 0x9965507D1a55bcC2695C58ba16FB37d819B0A4dc | 116.53 USDC | prot: HIGH | premio: 0.6408 MEVI | stima: 67.1272 MEVI | ricevuti: 63.7230 MEVI | ATTACCO: NO
[15:50:17][ATTACK] INSURED ATTACK | victim=0x976EA74026E726 | swap=81.1900 USDC | loss_sandwich=3.0783 MEVI (3.85%)
[15:50:19][ATTACK] NAKED ATTACK | victim=0xa0Ee7A142d267C | swap=144.8800 USDC | loss_sandwich=7.7377 MEVI (5.67%)
[15:50:20][  SWAP] TRADER 0x15d34AAf54267DB7D7c367839AAf71A00a2C6A65 | 55.49 USDC | prot: HIGH | premio: 0.3051 MEVI | stima: 29.5848 MEVI | ricevuti: 29.5848 MEVI | ATTACCO: NO
[15:50:26][  SWAP] TRADER 0x14dC79964da2C08b23698B3D3cc7Ca32193d9955 | 101.99 USDC | prot: NESSUNA | stima: 99.9512 MEVI | ricevuti: 86.5676 MEVI | ATTACCO: NO
[15:50:26][  SWAP] TRADER 0x71bE63f3384f5fb98995898A86B02Fb2426c5788 | 122.12 USDC | prot: NESSUNA | stima: 119.2085 MEVI | ricevuti: 99.5059 MEVI | ATTACCO: NO
[15:50:26][  SWAP] TRADER 0xBcd4042DE499D14e55001CcbB24a551F3b954096 | 52.48 USDC | prot: NESSUNA | stima: 51.9349 MEVI | ricevuti: 48.4238 MEVI | ATTACCO: NO
[15:50:26][  SWAP] TRADER 0xa0Ee7A142d267C1f36714E4a8F75612F20a79720 | 144.88 USDC | prot: NESSUNA | stima: 140.8002 MEVI | ricevuti: 128.7750 MEVI | ATTACCO: SI | perdita: 7.7377 MEVI | rimborso: NON ASSICURATO
[15:50:29][  SWAP] TRADER 0x23618e81E3f5cdF7f54C3d65f7FBc0aBf5B21E8f | 84.56 USDC | prot: NESSUNA | stima: 69.2031 MEVI | ricevuti: 69.2031 MEVI | ATTACCO: NO
[15:50:35][  SWAP] TRADER 0x976EA74026E726554dB657fA54763abd0C3a0aa9 | 81.19 USDC | prot: HIGH | premio: 0.4465 MEVI | stima: 43.1257 MEVI | ricevuti: 76.8144 MEVI | ATTACCO: SI | perdita: 3.0783 MEVI | rimborso: 3.0883 MEVI
[15:50:37][  SWAP] TRADER 0x3C44CdDdB6a900fa2b585dd299e03d12FA4293BC | 74.26 USDC | prot: HIGH | premio: 0.4084 MEVI | stima: 59.0635 MEVI | ricevuti: 57.9528 MEVI | ATTACCO: NO
[15:50:37][  SWAP] TRADER 0x90F79bf6EB2c4f870365E785982E1f101E93b906 | 53.47 USDC | prot: HIGH | premio: 0.2940 MEVI | stima: 42.6852 MEVI | ricevuti: 42.6852 MEVI | ATTACCO: NO
[15:50:38][  SWAP] TRADER 0x9965507D1a55bcC2695C58ba16FB37d819B0A4dc | 113.41 USDC | prot: HIGH | premio: 0.6236 MEVI | stima: 89.5804 MEVI | ricevuti: 85.6470 MEVI | ATTACCO: NO
[15:50:48][  SWAP] TRADER 0x15d34AAf54267DB7D7c367839AAf71A00a2C6A65 | 81.19 USDC | prot: HIGH | premio: 0.4465 MEVI | stima: 59.2894 MEVI | ricevuti: 59.2894 MEVI | ATTACCO: NO
[15:50:51][  SWAP] TRADER 0xBcd4042DE499D14e55001CcbB24a551F3b954096 | 66.60 USDC | prot: NESSUNA | stima: 47.4286 MEVI | ricevuti: 47.4286 MEVI | ATTACCO: NO
[15:50:51][  SWAP] TRADER 0xa0Ee7A142d267C1f36714E4a8F75612F20a79720 | 137.90 USDC | prot: NESSUNA | stima: 97.0431 MEVI | ricevuti: 94.9100 MEVI | ATTACCO: NO
[15:50:51][  SWAP] TRADER 0x71bE63f3384f5fb98995898A86B02Fb2426c5788 | 104.19 USDC | prot: NESSUNA | stima: 73.7329 MEVI | ricevuti: 68.9093 MEVI | ATTACCO: NO
[15:50:53][  SWAP] TRADER 0x14dC79964da2C08b23698B3D3cc7Ca32193d9955 | 128.33 USDC | prot: NESSUNA | stima: 90.4520 MEVI | ricevuti: 125.1187 MEVI | ATTACCO: NO
[15:50:54][  SWAP] TRADER 0x23618e81E3f5cdF7f54C3d65f7FBc0aBf5B21E8f | 97.81 USDC | prot: NESSUNA | stima: 95.9334 MEVI | ricevuti: 91.2360 MEVI | ATTACCO: NO
[15:50:57][ATTACK] INSURED ATTACK | victim=0x90F79bf6EB2c4f | swap=87.4300 USDC | loss_sandwich=4.6237 MEVI (6.10%)
[15:51:03][  SWAP] TRADER 0x976EA74026E726554dB657fA54763abd0C3a0aa9 | 99.33 USDC | prot: HIGH | premio: 0.5462 MEVI | stima: 89.2240 MEVI | ricevuti: 89.2240 MEVI | ATTACCO: NO
[15:51:05][  SWAP] TRADER 0x3C44CdDdB6a900fa2b585dd299e03d12FA4293BC | 71.58 USDC | prot: HIGH | premio: 0.3936 MEVI | stima: 64.6341 MEVI | ricevuti: 60.0019 MEVI | ATTACCO: NO
[15:51:06][  SWAP] TRADER 0x9965507D1a55bcC2695C58ba16FB37d819B0A4dc | 115.38 USDC | prot: HIGH | premio: 0.6345 MEVI | stima: 103.3296 MEVI | ricevuti: 94.0846 MEVI | ATTACCO: NO
[15:51:09][  POOL] POOL UPDATE | mevi=129.5066 MEVI | eth=2.480000 ETH
[15:51:09][ATTACK] NAKED ATTACK | victim=0xBcd4042DE499D1 | swap=53.0000 USDC | loss_sandwich=1.3953 MEVI (3.42%)
[15:51:14][  SWAP] TRADER 0x15d34AAf54267DB7D7c367839AAf71A00a2C6A65 | 76.95 USDC | prot: HIGH | premio: 0.4231 MEVI | stima: 60.6198 MEVI | ricevuti: 60.6198 MEVI | ATTACCO: NO
[15:51:15][  SWAP] TRADER 0x90F79bf6EB2c4f870365E785982E1f101E93b906 | 87.43 USDC | prot: HIGH | premio: 0.4808 MEVI | stima: 78.7106 MEVI | ricevuti: 71.2013 MEVI | ATTACCO: SI | perdita: 4.6237 MEVI | rimborso: 4.6337 MEVI
[15:51:17][  SWAP] TRADER 0xBcd4042DE499D14e55001CcbB24a551F3b954096 | 53.00 USDC | prot: NESSUNA | stima: 40.8047 MEVI | ricevuti: 39.4094 MEVI | ATTACCO: SI | perdita: 1.3953 MEVI | rimborso: NON ASSICURATO
[15:51:17][  SWAP] TRADER 0xa0Ee7A142d267C1f36714E4a8F75612F20a79720 | 100.16 USDC | prot: NESSUNA | stima: 76.4832 MEVI | ricevuti: 72.5512 MEVI | ATTACCO: NO
[15:51:18][  SWAP] TRADER 0x14dC79964da2C08b23698B3D3cc7Ca32193d9955 | 144.14 USDC | prot: NESSUNA | stima: 109.2345 MEVI | ricevuti: 103.7844 MEVI | ATTACCO: NO
[15:51:18][  SWAP] TRADER 0x71bE63f3384f5fb98995898A86B02Fb2426c5788 | 114.64 USDC | prot: NESSUNA | stima: 87.3212 MEVI | ricevuti: 79.0302 MEVI | ATTACCO: NO
[15:51:18][  SWAP] TRADER 0x23618e81E3f5cdF7f54C3d65f7FBc0aBf5B21E8f | 71.67 USDC | prot: NESSUNA | stima: 52.2389 MEVI | ricevuti: 47.9112 MEVI | ATTACCO: NO
[15:51:32][  SWAP] TRADER 0x976EA74026E726554dB657fA54763abd0C3a0aa9 | 89.85 USDC | prot: HIGH | premio: 0.4941 MEVI | stima: 88.2639 MEVI | ricevuti: 88.2639 MEVI | ATTACCO: NO
[15:51:34][  SWAP] TRADER 0x3C44CdDdB6a900fa2b585dd299e03d12FA4293BC | 96.62 USDC | prot: HIGH | premio: 0.5313 MEVI | stima: 94.7883 MEVI | ricevuti: 91.5019 MEVI | ATTACCO: NO
[15:51:35][  SWAP] TRADER 0x9965507D1a55bcC2695C58ba16FB37d819B0A4dc | 142.13 USDC | prot: HIGH | premio: 0.7816 MEVI | stima: 138.2015 MEVI | ricevuti: 128.5703 MEVI | ATTACCO: NO
[15:51:37][ATTACK] NAKED ATTACK | victim=0x14dC79964da2C0 | swap=111.4800 USDC | loss_sandwich=5.9675 MEVI (6.97%)
[15:51:43][  SWAP] TRADER 0xa0Ee7A142d267C1f36714E4a8F75612F20a79720 | 147.77 USDC | prot: NESSUNA | stima: 126.5961 MEVI | ricevuti: 118.7948 MEVI | ATTACCO: NO
[15:51:43][  SWAP] TRADER 0x15d34AAf54267DB7D7c367839AAf71A00a2C6A65 | 98.59 USDC | prot: HIGH | premio: 0.5421 MEVI | stima: 85.2285 MEVI | ricevuti: 82.8710 MEVI | ATTACCO: NO
[15:51:43][  SWAP] TRADER 0xBcd4042DE499D14e55001CcbB24a551F3b954096 | 75.95 USDC | prot: NESSUNA | stima: 65.9318 MEVI | ricevuti: 65.9318 MEVI | ATTACCO: NO
[15:51:44][  SWAP] TRADER 0x23618e81E3f5cdF7f54C3d65f7FBc0aBf5B21E8f | 94.83 USDC | prot: NESSUNA | stima: 82.0349 MEVI | ricevuti: 65.4263 MEVI | ATTACCO: NO
[15:51:44][  SWAP] TRADER 0x71bE63f3384f5fb98995898A86B02Fb2426c5788 | 109.97 USDC | prot: NESSUNA | stima: 94.8673 MEVI | ricevuti: 81.5671 MEVI | ATTACCO: NO
[15:51:44][  SWAP] TRADER 0x14dC79964da2C08b23698B3D3cc7Ca32193d9955 | 111.48 USDC | prot: NESSUNA | stima: 96.1432 MEVI | ricevuti: 79.6211 MEVI | ATTACCO: SI | perdita: 5.9675 MEVI | rimborso: NON ASSICURATO
[15:51:46][  SWAP] TRADER 0x90F79bf6EB2c4f870365E785982E1f101E93b906 | 54.88 USDC | prot: HIGH | premio: 0.3018 MEVI | stima: 47.8275 MEVI | ricevuti: 38.3093 MEVI | ATTACCO: NO
[15:51:53][ATTACK] INSURED ATTACK | victim=0x976EA74026E726 | swap=85.2800 USDC | loss_sandwich=3.2295 MEVI (3.85%)
[15:52:02][  SWAP] TRADER 0x3C44CdDdB6a900fa2b585dd299e03d12FA4293BC | 74.95 USDC | prot: HIGH | premio: 0.4122 MEVI | stima: 73.8431 MEVI | ricevuti: 71.4697 MEVI | ATTACCO: NO
[15:52:04][  SWAP] TRADER 0x9965507D1a55bcC2695C58ba16FB37d819B0A4dc | 134.19 USDC | prot: HIGH | premio: 0.7379 MEVI | stima: 130.6827 MEVI | ricevuti: 122.9021 MEVI | ATTACCO: NO
[15:52:08][  SWAP] TRADER 0xa0Ee7A142d267C1f36714E4a8F75612F20a79720 | 100.78 USDC | prot: NESSUNA | stima: 88.2808 MEVI | ricevuti: 88.2808 MEVI | ATTACCO: NO
[15:52:08][  SWAP] TRADER 0xBcd4042DE499D14e55001CcbB24a551F3b954096 | 62.12 USDC | prot: NESSUNA | stima: 54.8085 MEVI | ricevuti: 52.7906 MEVI | ATTACCO: NO
[15:52:10][  SWAP] TRADER 0x23618e81E3f5cdF7f54C3d65f7FBc0aBf5B21E8f | 58.63 USDC | prot: NESSUNA | stima: 51.7630 MEVI | ricevuti: 48.7336 MEVI | ATTACCO: NO
[15:52:10][  SWAP] TRADER 0x14dC79964da2C08b23698B3D3cc7Ca32193d9955 | 114.53 USDC | prot: NESSUNA | stima: 100.0704 MEVI | ricevuti: 92.2691 MEVI | ATTACCO: NO
[15:52:10][  SWAP] TRADER 0x71bE63f3384f5fb98995898A86B02Fb2426c5788 | 144.71 USDC | prot: NESSUNA | stima: 125.7382 MEVI | ricevuti: 111.3477 MEVI | ATTACCO: NO
[15:52:11][  SWAP] TRADER 0x976EA74026E726554dB657fA54763abd0C3a0aa9 | 85.28 USDC | prot: HIGH | premio: 0.4690 MEVI | stima: 83.8499 MEVI | ricevuti: 80.6204 MEVI | ATTACCO: SI | perdita: 3.2295 MEVI | rimborso: 3.2395 MEVI
[15:52:11][  SWAP] TRADER 0x15d34AAf54267DB7D7c367839AAf71A00a2C6A65 | 52.02 USDC | prot: HIGH | premio: 0.2861 MEVI | stima: 45.9840 MEVI | ricevuti: 38.6751 MEVI | ATTACCO: NO
[15:52:14][  SWAP] TRADER 0x90F79bf6EB2c4f870365E785982E1f101E93b906 | 86.28 USDC | prot: HIGH | premio: 0.4745 MEVI | stima: 71.3586 MEVI | ricevuti: 62.6455 MEVI | ATTACCO: NO
[15:52:25][ATTACK] INSURED ATTACK | victim=0x9965507D1a55bc | swap=108.2300 USDC | loss_sandwich=3.8971 MEVI (3.79%)
[15:52:26][ATTACK] NAKED ATTACK | victim=0xa0Ee7A142d267C | swap=106.2300 USDC | loss_sandwich=3.6034 MEVI (3.72%)
[15:52:31][  SWAP] TRADER 0x3C44CdDdB6a900fa2b585dd299e03d12FA4293BC | 74.93 USDC | prot: HIGH | premio: 0.4120 MEVI | stima: 73.8237 MEVI | ricevuti: 73.8237 MEVI | ATTACCO: NO
[15:52:34][  SWAP] TRADER 0xBcd4042DE499D14e55001CcbB24a551F3b954096 | 72.55 USDC | prot: NESSUNA | stima: 69.4309 MEVI | ricevuti: 61.6875 MEVI | ATTACCO: NO
[15:52:34][  SWAP] TRADER 0xa0Ee7A142d267C1f36714E4a8F75612F20a79720 | 106.23 USDC | prot: NESSUNA | stima: 101.0020 MEVI | ricevuti: 93.3832 MEVI | ATTACCO: SI | perdita: 3.6034 MEVI | rimborso: NON ASSICURATO
[15:52:35][  SWAP] TRADER 0x23618e81E3f5cdF7f54C3d65f7FBc0aBf5B21E8f | 96.29 USDC | prot: NESSUNA | stima: 88.0772 MEVI | ricevuti: 79.1023 MEVI | ATTACCO: NO
[15:52:35][  SWAP] TRADER 0x14dC79964da2C08b23698B3D3cc7Ca32193d9955 | 137.00 USDC | prot: NESSUNA | stima: 124.3554 MEVI | ricevuti: 107.9408 MEVI | ATTACCO: NO
[15:52:35][  SWAP] TRADER 0x71bE63f3384f5fb98995898A86B02Fb2426c5788 | 115.59 USDC | prot: NESSUNA | stima: 105.3457 MEVI | ricevuti: 98.7158 MEVI | ATTACCO: NO
[15:52:40][  SWAP] TRADER 0x15d34AAf54267DB7D7c367839AAf71A00a2C6A65 | 88.32 USDC | prot: HIGH | premio: 0.4857 MEVI | stima: 75.8048 MEVI | ricevuti: 65.0512 MEVI | ATTACCO: NO
[15:52:40][  SWAP] TRADER 0x976EA74026E726554dB657fA54763abd0C3a0aa9 | 80.14 USDC | prot: HIGH | premio: 0.4407 MEVI | stima: 68.8875 MEVI | ricevuti: 60.7702 MEVI | ATTACCO: NO
[15:52:43][  SWAP] TRADER 0x9965507D1a55bcC2695C58ba16FB37d819B0A4dc | 108.23 USDC | prot: HIGH | premio: 0.5952 MEVI | stima: 105.9369 MEVI | ricevuti: 98.9668 MEVI | ATTACCO: SI | perdita: 3.8971 MEVI | rimborso: 3.9071 MEVI
[15:52:43][  SWAP] TRADER 0x90F79bf6EB2c4f870365E785982E1f101E93b906 | 59.07 USDC | prot: HIGH | premio: 0.3248 MEVI | stima: 44.9566 MEVI | ricevuti: 42.4259 MEVI | ATTACCO: NO
[15:52:53][ATTACK] NAKED ATTACK | victim=0x23618e81E3f5cd | swap=55.0700 USDC | loss_sandwich=4.0829 MEVI (8.13%)
[15:52:59][  SWAP] TRADER 0xBcd4042DE499D14e55001CcbB24a551F3b954096 | 50.86 USDC | prot: NESSUNA | stima: 50.3479 MEVI | ricevuti: 50.3479 MEVI | ATTACCO: NO
[15:52:59][  SWAP] TRADER 0x3C44CdDdB6a900fa2b585dd299e03d12FA4293BC | 54.81 USDC | prot: HIGH | premio: 0.3014 MEVI | stima: 38.6171 MEVI | ricevuti: 53.1351 MEVI | ATTACCO: NO
[15:52:59][  SWAP] TRADER 0xa0Ee7A142d267C1f36714E4a8F75612F20a79720 | 101.77 USDC | prot: NESSUNA | stima: 99.7399 MEVI | ricevuti: 95.6936 MEVI | ATTACCO: NO
[15:53:01][  SWAP] TRADER 0x14dC79964da2C08b23698B3D3cc7Ca32193d9955 | 126.63 USDC | prot: NESSUNA | stima: 123.5022 MEVI | ricevuti: 109.7656 MEVI | ATTACCO: NO
[15:53:01][  SWAP] TRADER 0x23618e81E3f5cdF7f54C3d65f7FBc0aBf5B21E8f | 55.07 USDC | prot: NESSUNA | stima: 54.4701 MEVI | ricevuti: 46.1557 MEVI | ATTACCO: SI | perdita: 4.0829 MEVI | rimborso: NON ASSICURATO
[15:53:01][  SWAP] TRADER 0x71bE63f3384f5fb98995898A86B02Fb2426c5788 | 134.44 USDC | prot: NESSUNA | stima: 130.9198 MEVI | ricevuti: 108.8808 MEVI | ATTACCO: NO
[15:53:04][  SWAP] TRADER 0x976EA74026E726554dB657fA54763abd0C3a0aa9 | 70.82 USDC | prot: HIGH | premio: 0.3894 MEVI | stima: 57.5240 MEVI | ricevuti: 57.5240 MEVI | ATTACCO: NO
[15:53:04][  SWAP] TRADER 0x15d34AAf54267DB7D7c367839AAf71A00a2C6A65 | 95.44 USDC | prot: HIGH | premio: 0.5248 MEVI | stima: 77.1814 MEVI | ricevuti: 75.2521 MEVI | ATTACCO: NO
[15:53:09][  POOL] POOL UPDATE | mevi=127.1321 MEVI | eth=2.426000 ETH
[15:53:11][  SWAP] TRADER 0x9965507D1a55bcC2695C58ba16FB37d819B0A4dc | 107.77 USDC | prot: HIGH | premio: 0.5926 MEVI | stima: 81.9899 MEVI | ricevuti: 81.9899 MEVI | ATTACCO: NO
[15:53:11][  SWAP] TRADER 0x90F79bf6EB2c4f870365E785982E1f101E93b906 | 56.14 USDC | prot: HIGH | premio: 0.3087 MEVI | stima: 43.0950 MEVI | ricevuti: 41.5123 MEVI | ATTACCO: NO
[15:53:20][ATTACK] INSURED ATTACK | victim=0x3C44CdDdB6a900 | swap=57.3100 USDC | loss_sandwich=2.1881 MEVI (3.86%)
[15:53:25][  SWAP] TRADER 0xBcd4042DE499D14e55001CcbB24a551F3b954096 | 61.27 USDC | prot: NESSUNA | stima: 44.4047 MEVI | ricevuti: 44.4047 MEVI | ATTACCO: NO
[15:53:26][  SWAP] TRADER 0x23618e81E3f5cdF7f54C3d65f7FBc0aBf5B21E8f | 73.80 USDC | prot: NESSUNA | stima: 53.3724 MEVI | ricevuti: 47.8946 MEVI | ATTACCO: NO
[15:53:26][  SWAP] TRADER 0x14dC79964da2C08b23698B3D3cc7Ca32193d9955 | 144.93 USDC | prot: NESSUNA | stima: 103.5687 MEVI | ricevuti: 90.8361 MEVI | ATTACCO: NO
[15:53:26][  SWAP] TRADER 0x71bE63f3384f5fb98995898A86B02Fb2426c5788 | 147.50 USDC | prot: NESSUNA | stima: 105.3601 MEVI | ricevuti: 103.2110 MEVI | ATTACCO: NO
[15:53:26][  SWAP] TRADER 0xa0Ee7A142d267C1f36714E4a8F75612F20a79720 | 118.35 USDC | prot: NESSUNA | stima: 84.9515 MEVI | ricevuti: 79.2454 MEVI | ATTACCO: NO
[15:53:32][  SWAP] TRADER 0x976EA74026E726554dB657fA54763abd0C3a0aa9 | 93.63 USDC | prot: HIGH | premio: 0.5149 MEVI | stima: 91.9089 MEVI | ricevuti: 89.8999 MEVI | ATTACCO: NO
[15:53:32][  SWAP] TRADER 0x15d34AAf54267DB7D7c367839AAf71A00a2C6A65 | 74.04 USDC | prot: HIGH | premio: 0.4071 MEVI | stima: 72.9596 MEVI | ricevuti: 68.8085 MEVI | ATTACCO: NO
[15:53:38][  SWAP] TRADER 0x3C44CdDdB6a900fa2b585dd299e03d12FA4293BC | 57.31 USDC | prot: HIGH | premio: 0.3151 MEVI | stima: 41.5626 MEVI | ricevuti: 54.4725 MEVI | ATTACCO: SI | perdita: 2.1881 MEVI | rimborso: 2.1981 MEVI
[15:53:40][  SWAP] TRADER 0x90F79bf6EB2c4f870365E785982E1f101E93b906 | 58.04 USDC | prot: HIGH | premio: 0.3192 MEVI | stima: 52.5902 MEVI | ricevuti: 52.5902 MEVI | ATTACCO: NO
[15:53:40][  SWAP] TRADER 0x9965507D1a55bcC2695C58ba16FB37d819B0A4dc | 101.05 USDC | prot: HIGH | premio: 0.5557 MEVI | stima: 90.8221 MEVI | ricevuti: 88.8556 MEVI | ATTACCO: NO
[15:53:44][ATTACK] NAKED ATTACK | victim=0xa0Ee7A142d267C | swap=147.8400 USDC | loss_sandwich=4.2818 MEVI (3.53%)
[15:53:50][  SWAP] TRADER 0xBcd4042DE499D14e55001CcbB24a551F3b954096 | 62.36 USDC | prot: NESSUNA | stima: 53.1890 MEVI | ricevuti: 53.1890 MEVI | ATTACCO: NO
[15:53:52][  SWAP] TRADER 0x14dC79964da2C08b23698B3D3cc7Ca32193d9955 | 123.84 USDC | prot: NESSUNA | stima: 104.4481 MEVI | ricevuti: 90.8451 MEVI | ATTACCO: NO
[15:53:52][  SWAP] TRADER 0x71bE63f3384f5fb98995898A86B02Fb2426c5788 | 140.42 USDC | prot: NESSUNA | stima: 118.0763 MEVI | ricevuti: 98.5013 MEVI | ATTACCO: NO
[15:53:52][  SWAP] TRADER 0xa0Ee7A142d267C1f36714E4a8F75612F20a79720 | 147.84 USDC | prot: NESSUNA | stima: 124.1489 MEVI | ricevuti: 117.0769 MEVI | ATTACCO: SI | perdita: 4.2818 MEVI | rimborso: NON ASSICURATO
[15:53:52][  SWAP] TRADER 0x23618e81E3f5cdF7f54C3d65f7FBc0aBf5B21E8f | 83.18 USDC | prot: NESSUNA | stima: 70.6768 MEVI | ricevuti: 63.2371 MEVI | ATTACCO: NO
[15:53:59][ATTACK] INSURED ATTACK | victim=0x3C44CdDdB6a900 | swap=57.0300 USDC | loss_sandwich=1.9963 MEVI (3.75%)
[15:54:01][  SWAP] TRADER 0x15d34AAf54267DB7D7c367839AAf71A00a2C6A65 | 87.67 USDC | prot: HIGH | premio: 0.4821 MEVI | stima: 61.5605 MEVI | ricevuti: 84.0919 MEVI | ATTACCO: NO
[15:54:08][  SWAP] TRADER 0x90F79bf6EB2c4f870365E785982E1f101E93b906 | 77.99 USDC | prot: HIGH | premio: 0.4289 MEVI | stima: 72.4362 MEVI | ricevuti: 70.9010 MEVI | ATTACCO: NO
[15:54:10][  SWAP] TRADER 0x9965507D1a55bcC2695C58ba16FB37d819B0A4dc | 144.73 USDC | prot: HIGH | premio: 0.7959 MEVI | stima: 132.7289 MEVI | ricevuti: 126.1757 MEVI | ATTACCO: NO
[15:54:16][  SWAP] TRADER 0xBcd4042DE499D14e55001CcbB24a551F3b954096 | 92.93 USDC | prot: NESSUNA | stima: 77.5288 MEVI | ricevuti: 77.5288 MEVI | ATTACCO: NO
[15:54:17][  SWAP] TRADER 0x3C44CdDdB6a900fa2b585dd299e03d12FA4293BC | 57.03 USDC | prot: HIGH | premio: 0.3136 MEVI | stima: 53.1821 MEVI | ricevuti: 51.1858 MEVI | ATTACCO: SI | perdita: 1.9963 MEVI | rimborso: 2.0063 MEVI
[15:54:17][  SWAP] TRADER 0x23618e81E3f5cdF7f54C3d65f7FBc0aBf5B21E8f | 94.38 USDC | prot: NESSUNA | stima: 78.7178 MEVI | ricevuti: 69.6138 MEVI | ATTACCO: NO
[15:54:17][  SWAP] TRADER 0x71bE63f3384f5fb98995898A86B02Fb2426c5788 | 137.15 USDC | prot: NESSUNA | stima: 113.5111 MEVI | ricevuti: 109.7674 MEVI | ATTACCO: NO
[15:54:18][  SWAP] TRADER 0xa0Ee7A142d267C1f36714E4a8F75612F20a79720 | 116.91 USDC | prot: NESSUNA | stima: 97.1128 MEVI | ricevuti: 89.4519 MEVI | ATTACCO: NO
[15:54:18][  SWAP] TRADER 0x14dC79964da2C08b23698B3D3cc7Ca32193d9955 | 137.21 USDC | prot: NESSUNA | stima: 109.8143 MEVI | ricevuti: 97.3027 MEVI | ATTACCO: NO
[15:54:26][  SWAP] TRADER 0x15d34AAf54267DB7D7c367839AAf71A00a2C6A65 | 91.16 USDC | prot: HIGH | premio: 0.5013 MEVI | stima: 62.2251 MEVI | ricevuti: 62.2251 MEVI | ATTACCO: NO
[15:54:29][  SWAP] TRADER 0x976EA74026E726554dB657fA54763abd0C3a0aa9 | 76.71 USDC | prot: HIGH | premio: 0.4218 MEVI | stima: 52.4860 MEVI | ricevuti: 50.9380 MEVI | ATTACCO: NO
[15:54:31][ATTACK] INSURED ATTACK | victim=0x9965507D1a55bc | swap=121.9600 USDC | loss_sandwich=4.3631 MEVI (3.78%)
[15:54:33][ATTACK] NAKED ATTACK | victim=0xBcd4042DE499D1 | swap=57.6400 USDC | loss_sandwich=1.9623 MEVI (3.72%)
[15:54:36][  SWAP] TRADER 0x90F79bf6EB2c4f870365E785982E1f101E93b906 | 79.39 USDC | prot: HIGH | premio: 0.4366 MEVI | stima: 78.1491 MEVI | ricevuti: 78.1491 MEVI | ATTACCO: NO
[15:54:41][  SWAP] TRADER 0xBcd4042DE499D14e55001CcbB24a551F3b954096 | 57.64 USDC | prot: NESSUNA | stima: 52.7544 MEVI | ricevuti: 50.7921 MEVI | ATTACCO: SI | perdita: 1.9623 MEVI | rimborso: NON ASSICURATO
[15:54:43][  SWAP] TRADER 0xa0Ee7A142d267C1f36714E4a8F75612F20a79720 | 147.44 USDC | prot: NESSUNA | stima: 132.6758 MEVI | ricevuti: 129.8774 MEVI | ATTACCO: NO
[15:54:44][  SWAP] TRADER 0x14dC79964da2C08b23698B3D3cc7Ca32193d9955 | 113.24 USDC | prot: NESSUNA | stima: 100.3868 MEVI | ricevuti: 95.0361 MEVI | ATTACCO: NO
[15:54:47][  SWAP] TRADER 0x3C44CdDdB6a900fa2b585dd299e03d12FA4293BC | 64.21 USDC | prot: HIGH | premio: 0.3531 MEVI | stima: 57.4467 MEVI | ricevuti: 52.1739 MEVI | ATTACCO: NO
[15:54:48][  SWAP] TRADER 0x9965507D1a55bcC2695C58ba16FB37d819B0A4dc | 121.96 USDC | prot: HIGH | premio: 0.6707 MEVI | stima: 119.0560 MEVI | ricevuti: 111.0433 MEVI | ATTACCO: SI | perdita: 4.3631 MEVI | rimborso: 4.3731 MEVI
[15:54:52][  SWAP] TRADER 0x15d34AAf54267DB7D7c367839AAf71A00a2C6A65 | 63.20 USDC | prot: HIGH | premio: 0.3475 MEVI | stima: 50.1936 MEVI | ricevuti: 50.1936 MEVI | ATTACCO: NO
[15:54:52][  SWAP] TRADER 0x976EA74026E726554dB657fA54763abd0C3a0aa9 | 77.19 USDC | prot: HIGH | premio: 0.4245 MEVI | stima: 61.1529 MEVI | ricevuti: 59.7997 MEVI | ATTACCO: NO
[15:54:59][  SWAP] TRADER 0x23618e81E3f5cdF7f54C3d65f7FBc0aBf5B21E8f | 87.94 USDC | prot: NESSUNA | stima: 66.1906 MEVI | ricevuti: 66.1906 MEVI | ATTACCO: NO
[15:55:05][  SWAP] TRADER 0x90F79bf6EB2c4f870365E785982E1f101E93b906 | 61.24 USDC | prot: HIGH | premio: 0.3368 MEVI | stima: 44.9224 MEVI | ricevuti: 60.4990 MEVI | ATTACCO: NO
[15:55:06][ATTACK] NAKED ATTACK | victim=0x71bE63f3384f5f | swap=128.0000 USDC | loss_sandwich=3.8004 MEVI (3.56%)
[15:55:08][  SWAP] TRADER 0xBcd4042DE499D14e55001CcbB24a551F3b954096 | 70.15 USDC | prot: NESSUNA | stima: 67.5267 MEVI | ricevuti: 64.0753 MEVI | ATTACCO: NO
[15:55:08][  SWAP] TRADER 0xa0Ee7A142d267C1f36714E4a8F75612F20a79720 | 135.45 USDC | prot: NESSUNA | stima: 128.7465 MEVI | ricevuti: 128.7465 MEVI | ATTACCO: NO
[15:55:09][  POOL] POOL UPDATE | mevi=127.6131 MEVI | eth=2.372000 ETH
[15:55:09][  SWAP] TRADER 0x14dC79964da2C08b23698B3D3cc7Ca32193d9955 | 142.21 USDC | prot: NESSUNA | stima: 134.9963 MEVI | ricevuti: 124.7955 MEVI | ATTACCO: NO
[15:55:14][  SWAP] TRADER 0x71bE63f3384f5fb98995898A86B02Fb2426c5788 | 128.00 USDC | prot: NESSUNA | stima: 106.8441 MEVI | ricevuti: 103.0437 MEVI | ATTACCO: SI | perdita: 3.8004 MEVI | rimborso: NON ASSICURATO
[15:55:15][  SWAP] TRADER 0x3C44CdDdB6a900fa2b585dd299e03d12FA4293BC | 61.70 USDC | prot: HIGH | premio: 0.3393 MEVI | stima: 52.1263 MEVI | ricevuti: 49.8221 MEVI | ATTACCO: NO
[15:55:17][  SWAP] TRADER 0x9965507D1a55bcC2695C58ba16FB37d819B0A4dc | 137.42 USDC | prot: HIGH | premio: 0.7557 MEVI | stima: 114.5123 MEVI | ricevuti: 107.1108 MEVI | ATTACCO: NO
[15:55:17][  SWAP] TRADER 0x15d34AAf54267DB7D7c367839AAf71A00a2C6A65 | 85.25 USDC | prot: HIGH | premio: 0.4688 MEVI | stima: 67.0576 MEVI | ricevuti: 63.9042 MEVI | ATTACCO: NO
[15:55:17][  SWAP] TRADER 0x976EA74026E726554dB657fA54763abd0C3a0aa9 | 60.88 USDC | prot: HIGH | premio: 0.3348 MEVI | stima: 48.0945 MEVI | ricevuti: 44.5018 MEVI | ATTACCO: NO
[15:55:24][  SWAP] TRADER 0x23618e81E3f5cdF7f54C3d65f7FBc0aBf5B21E8f | 86.88 USDC | prot: NESSUNA | stima: 61.9341 MEVI | ricevuti: 61.9341 MEVI | ATTACCO: NO
[15:55:33][  SWAP] TRADER 0xa0Ee7A142d267C1f36714E4a8F75612F20a79720 | 126.81 USDC | prot: NESSUNA | stima: 87.2283 MEVI | ricevuti: 123.6734 MEVI | ATTACCO: NO
[15:55:33][  SWAP] TRADER 0x90F79bf6EB2c4f870365E785982E1f101E93b906 | 72.60 USDC | prot: HIGH | premio: 0.3992 MEVI | stima: 50.3874 MEVI | ricevuti: 68.0887 MEVI | ATTACCO: NO
[15:55:33][  SWAP] TRADER 0xBcd4042DE499D14e55001CcbB24a551F3b954096 | 50.28 USDC | prot: NESSUNA | stima: 35.0259 MEVI | ricevuti: 46.0519 MEVI | ATTACCO: NO
[15:55:35][  SWAP] TRADER 0x14dC79964da2C08b23698B3D3cc7Ca32193d9955 | 114.21 USDC | prot: NESSUNA | stima: 111.6595 MEVI | ricevuti: 101.3981 MEVI | ATTACCO: NO
[15:55:38][ATTACK] INSURED ATTACK | victim=0x976EA74026E726 | swap=51.5700 USDC | loss_sandwich=1.4418 MEVI (3.49%)
[15:55:39][  SWAP] TRADER 0x71bE63f3384f5fb98995898A86B02Fb2426c5788 | 108.60 USDC | prot: NESSUNA | stima: 92.4918 MEVI | ricevuti: 92.4918 MEVI | ATTACCO: NO
[15:55:44][  SWAP] TRADER 0x3C44CdDdB6a900fa2b585dd299e03d12FA4293BC | 86.10 USDC | prot: HIGH | premio: 0.4735 MEVI | stima: 73.6319 MEVI | ricevuti: 70.7607 MEVI | ATTACCO: NO
[15:55:46][  SWAP] TRADER 0x9965507D1a55bcC2695C58ba16FB37d819B0A4dc | 145.49 USDC | prot: HIGH | premio: 0.8000 MEVI | stima: 118.3059 MEVI | ricevuti: 108.7798 MEVI | ATTACCO: NO
[15:55:47][  SWAP] TRADER 0x15d34AAf54267DB7D7c367839AAf71A00a2C6A65 | 78.52 USDC | prot: HIGH | premio: 0.4318 MEVI | stima: 64.6192 MEVI | ricevuti: 58.5788 MEVI | ATTACCO: NO
[15:55:50][  SWAP] TRADER 0x23618e81E3f5cdF7f54C3d65f7FBc0aBf5B21E8f | 99.67 USDC | prot: NESSUNA | stima: 72.1223 MEVI | ricevuti: 72.1223 MEVI | ATTACCO: NO
[15:55:52][ATTACK] NAKED ATTACK | victim=0xa0Ee7A142d267C | swap=119.7100 USDC | loss_sandwich=2.7203 MEVI (3.26%)
[15:55:56][  SWAP] TRADER 0x976EA74026E726554dB657fA54763abd0C3a0aa9 | 51.57 USDC | prot: HIGH | premio: 0.2836 MEVI | stima: 42.6474 MEVI | ricevuti: 39.9006 MEVI | ATTACCO: SI | perdita: 1.4418 MEVI | rimborso: 1.4518 MEVI
[15:55:59][  SWAP] TRADER 0xBcd4042DE499D14e55001CcbB24a551F3b954096 | 99.04 USDC | prot: NESSUNA | stima: 69.3036 MEVI | ricevuti: 64.4763 MEVI | ATTACCO: NO
[15:55:59][  SWAP] TRADER 0xa0Ee7A142d267C1f36714E4a8F75612F20a79720 | 119.71 USDC | prot: NESSUNA | stima: 83.4812 MEVI | ricevuti: 80.7609 MEVI | ATTACCO: SI | perdita: 2.7203 MEVI | rimborso: NON ASSICURATO
[15:56:00][  SWAP] TRADER 0x90F79bf6EB2c4f870365E785982E1f101E93b906 | 65.71 USDC | prot: HIGH | premio: 0.3613 MEVI | stima: 46.2365 MEVI | ricevuti: 41.3314 MEVI | ATTACCO: NO
[15:56:00][  SWAP] TRADER 0x14dC79964da2C08b23698B3D3cc7Ca32193d9955 | 131.30 USDC | prot: NESSUNA | stima: 91.3885 MEVI | ricevuti: 85.2370 MEVI | ATTACCO: NO
[15:56:03][  SWAP] TRADER 0x71bE63f3384f5fb98995898A86B02Fb2426c5788 | 114.93 USDC | prot: NESSUNA | stima: 70.2667 MEVI | ricevuti: 112.3476 MEVI | ATTACCO: NO
[15:56:13][  SWAP] TRADER 0x3C44CdDdB6a900fa2b585dd299e03d12FA4293BC | 80.55 USDC | prot: HIGH | premio: 0.4429 MEVI | stima: 75.7775 MEVI | ricevuti: 75.7775 MEVI | ATTACCO: NO
[15:56:14][  SWAP] TRADER 0x9965507D1a55bcC2695C58ba16FB37d819B0A4dc | 144.44 USDC | prot: HIGH | premio: 0.7943 MEVI | stima: 134.2314 MEVI | ricevuti: 130.1569 MEVI | ATTACCO: NO
[15:56:15][  SWAP] TRADER 0x15d34AAf54267DB7D7c367839AAf71A00a2C6A65 | 95.60 USDC | prot: HIGH | premio: 0.5257 MEVI | stima: 89.6760 MEVI | ricevuti: 79.9240 MEVI | ATTACCO: NO
[15:56:16][  SWAP] TRADER 0x23618e81E3f5cdF7f54C3d65f7FBc0aBf5B21E8f | 80.89 USDC | prot: NESSUNA | stima: 73.7690 MEVI | ricevuti: 69.8612 MEVI | ATTACCO: NO
[15:56:19][ATTACK] NAKED ATTACK | victim=0x14dC79964da2C0 | swap=148.6400 USDC | loss_sandwich=3.5615 MEVI (3.32%)
[15:56:20][  SWAP] TRADER 0x976EA74026E726554dB657fA54763abd0C3a0aa9 | 99.33 USDC | prot: HIGH | premio: 0.5462 MEVI | stima: 80.1599 MEVI | ricevuti: 80.1599 MEVI | ATTACCO: NO
[15:56:25][  SWAP] TRADER 0xBcd4042DE499D14e55001CcbB24a551F3b954096 | 79.35 USDC | prot: NESSUNA | stima: 62.0268 MEVI | ricevuti: 59.6226 MEVI | ATTACCO: NO
[15:56:25][  SWAP] TRADER 0xa0Ee7A142d267C1f36714E4a8F75612F20a79720 | 112.89 USDC | prot: NESSUNA | stima: 87.7279 MEVI | ricevuti: 87.7279 MEVI | ATTACCO: NO
[15:56:26][  SWAP] TRADER 0x14dC79964da2C08b23698B3D3cc7Ca32193d9955 | 148.64 USDC | prot: NESSUNA | stima: 114.7932 MEVI | ricevuti: 103.8500 MEVI | ATTACCO: SI | perdita: 3.5615 MEVI | rimborso: NON ASSICURATO
[15:56:27][  SWAP] TRADER 0x71bE63f3384f5fb98995898A86B02Fb2426c5788 | 118.14 USDC | prot: NESSUNA | stima: 81.7313 MEVI | ricevuti: 81.7313 MEVI | ATTACCO: NO
[15:56:27][  SWAP] TRADER 0x90F79bf6EB2c4f870365E785982E1f101E93b906 | 60.55 USDC | prot: HIGH | premio: 0.3330 MEVI | stima: 47.4879 MEVI | ricevuti: 40.6687 MEVI | ATTACCO: NO
[15:56:37][ATTACK] INSURED ATTACK | victim=0x15d34AAf54267D | swap=79.4300 USDC | loss_sandwich=2.5397 MEVI (3.64%)
[15:56:41][  SWAP] TRADER 0x23618e81E3f5cdF7f54C3d65f7FBc0aBf5B21E8f | 87.23 USDC | prot: NESSUNA | stima: 85.7343 MEVI | ricevuti: 83.2733 MEVI | ATTACCO: NO
[15:56:41][  SWAP] TRADER 0x3C44CdDdB6a900fa2b585dd299e03d12FA4293BC | 73.98 USDC | prot: HIGH | premio: 0.4068 MEVI | stima: 72.9014 MEVI | ricevuti: 72.9014 MEVI | ATTACCO: NO
[15:56:43][  SWAP] TRADER 0x9965507D1a55bcC2695C58ba16FB37d819B0A4dc | 137.09 USDC | prot: HIGH | premio: 0.7539 MEVI | stima: 133.4316 MEVI | ricevuti: 125.3308 MEVI | ATTACCO: NO
[15:56:49][  SWAP] TRADER 0x976EA74026E726554dB657fA54763abd0C3a0aa9 | 52.35 USDC | prot: HIGH | premio: 0.2879 MEVI | stima: 46.1651 MEVI | ricevuti: 44.8499 MEVI | ATTACCO: NO
[15:56:50][  SWAP] TRADER 0xBcd4042DE499D14e55001CcbB24a551F3b954096 | 71.04 USDC | prot: NESSUNA | stima: 60.6533 MEVI | ricevuti: 59.4966 MEVI | ATTACCO: NO
[15:56:52][  SWAP] TRADER 0xa0Ee7A142d267C1f36714E4a8F75612F20a79720 | 135.74 USDC | prot: NESSUNA | stima: 112.3613 MEVI | ricevuti: 109.5116 MEVI | ATTACCO: NO
[15:56:52][  SWAP] TRADER 0x14dC79964da2C08b23698B3D3cc7Ca32193d9955 | 118.21 USDC | prot: NESSUNA | stima: 98.1598 MEVI | ricevuti: 91.1591 MEVI | ATTACCO: NO
[15:56:53][  SWAP] TRADER 0x71bE63f3384f5fb98995898A86B02Fb2426c5788 | 139.92 USDC | prot: NESSUNA | stima: 115.7345 MEVI | ricevuti: 103.1748 MEVI | ATTACCO: NO
[15:56:55][  SWAP] TRADER 0x15d34AAf54267DB7D7c367839AAf71A00a2C6A65 | 79.43 USDC | prot: HIGH | premio: 0.4368 MEVI | stima: 78.1879 MEVI | ricevuti: 67.1532 MEVI | ATTACCO: SI | perdita: 2.5397 MEVI | rimborso: 2.5497 MEVI
[15:56:56][  SWAP] TRADER 0x90F79bf6EB2c4f870365E785982E1f101E93b906 | 75.32 USDC | prot: HIGH | premio: 0.4142 MEVI | stima: 63.0320 MEVI | ricevuti: 53.5368 MEVI | ATTACCO: NO
[15:57:07][  SWAP] TRADER 0x23618e81E3f5cdF7f54C3d65f7FBc0aBf5B21E8f | 98.45 USDC | prot: NESSUNA | stima: 67.9731 MEVI | ricevuti: 96.5490 MEVI | ATTACCO: NO
[15:57:08][ATTACK] NAKED ATTACK | victim=0xBcd4042DE499D1 | swap=72.1700 USDC | loss_sandwich=2.2608 MEVI (3.62%)
[15:57:09][  POOL] POOL UPDATE | mevi=133.8038 MEVI | eth=2.336000 ETH
[15:57:10][  SWAP] TRADER 0x3C44CdDdB6a900fa2b585dd299e03d12FA4293BC | 92.18 USDC | prot: HIGH | premio: 0.5069 MEVI | stima: 63.7099 MEVI | ricevuti: 87.0800 MEVI | ATTACCO: NO
[15:57:11][  SWAP] TRADER 0x9965507D1a55bcC2695C58ba16FB37d819B0A4dc | 148.17 USDC | prot: HIGH | premio: 0.8148 MEVI | stima: 143.9055 MEVI | ricevuti: 133.6708 MEVI | ATTACCO: NO
[15:57:14][ATTACK] INSURED ATTACK | victim=0x15d34AAf54267D | swap=68.4200 USDC | loss_sandwich=1.5892 MEVI (3.28%)
[15:57:16][  SWAP] TRADER 0xBcd4042DE499D14e55001CcbB24a551F3b954096 | 72.17 USDC | prot: NESSUNA | stima: 62.4565 MEVI | ricevuti: 60.1957 MEVI | ATTACCO: SI | perdita: 2.2608 MEVI | rimborso: NON ASSICURATO
[15:57:17][  SWAP] TRADER 0x976EA74026E726554dB657fA54763abd0C3a0aa9 | 68.36 USDC | prot: HIGH | premio: 0.3759 MEVI | stima: 59.2010 MEVI | ricevuti: 57.6768 MEVI | ATTACCO: NO
[15:57:17][  SWAP] TRADER 0xa0Ee7A142d267C1f36714E4a8F75612F20a79720 | 145.79 USDC | prot: NESSUNA | stima: 124.4744 MEVI | ricevuti: 118.3219 MEVI | ATTACCO: NO
[15:57:17][  SWAP] TRADER 0x14dC79964da2C08b23698B3D3cc7Ca32193d9955 | 149.41 USDC | prot: NESSUNA | stima: 127.4810 MEVI | ricevuti: 115.0591 MEVI | ATTACCO: NO
[15:57:18][  SWAP] TRADER 0x71bE63f3384f5fb98995898A86B02Fb2426c5788 | 136.54 USDC | prot: NESSUNA | stima: 113.7854 MEVI | ricevuti: 100.0601 MEVI | ATTACCO: NO
[15:57:23][  SWAP] TRADER 0x90F79bf6EB2c4f870365E785982E1f101E93b906 | 66.24 USDC | prot: HIGH | premio: 0.3643 MEVI | stima: 46.8952 MEVI | ricevuti: 45.8529 MEVI | ATTACCO: NO
[15:57:32][  SWAP] TRADER 0x15d34AAf54267DB7D7c367839AAf71A00a2C6A65 | 68.42 USDC | prot: HIGH | premio: 0.3762 MEVI | stima: 50.7247 MEVI | ricevuti: 46.8317 MEVI | ATTACCO: SI | perdita: 1.5892 MEVI | rimborso: 1.5992 MEVI
[15:57:32][  SWAP] TRADER 0x23618e81E3f5cdF7f54C3d65f7FBc0aBf5B21E8f | 71.98 USDC | prot: NESSUNA | stima: 48.7000 MEVI | ricevuti: 48.7000 MEVI | ATTACCO: NO
[15:57:36][  SWAP] TRADER 0x3C44CdDdB6a900fa2b585dd299e03d12FA4293BC | 89.92 USDC | prot: HIGH | premio: 0.4945 MEVI | stima: 59.2504 MEVI | ricevuti: 59.2504 MEVI | ATTACCO: NO
[15:57:36][  SWAP] TRADER 0x9965507D1a55bcC2695C58ba16FB37d819B0A4dc | 128.30 USDC | prot: HIGH | premio: 0.7055 MEVI | stima: 84.0201 MEVI | ricevuti: 81.6268 MEVI | ATTACCO: NO
[15:57:37][ATTACK] NAKED ATTACK | victim=0x14dC79964da2C0 | swap=133.7700 USDC | loss_sandwich=2.2881 MEVI (2.97%)
[15:57:40][  SWAP] TRADER 0xBcd4042DE499D14e55001CcbB24a551F3b954096 | 68.45 USDC | prot: NESSUNA | stima: 42.2107 MEVI | ricevuti: 42.2107 MEVI | ATTACCO: NO
[15:57:43][  SWAP] TRADER 0xa0Ee7A142d267C1f36714E4a8F75612F20a79720 | 119.04 USDC | prot: NESSUNA | stima: 71.2969 MEVI | ricevuti: 71.2969 MEVI | ATTACCO: NO
[15:57:44][  SWAP] TRADER 0x14dC79964da2C08b23698B3D3cc7Ca32193d9955 | 133.77 USDC | prot: NESSUNA | stima: 79.9386 MEVI | ricevuti: 74.7872 MEVI | ATTACCO: SI | perdita: 2.2881 MEVI | rimborso: NON ASSICURATO
[15:57:44][  SWAP] TRADER 0x71bE63f3384f5fb98995898A86B02Fb2426c5788 | 133.60 USDC | prot: NESSUNA | stima: 79.8391 MEVI | ricevuti: 71.7928 MEVI | ATTACCO: NO
[15:57:46][  SWAP] TRADER 0x976EA74026E726554dB657fA54763abd0C3a0aa9 | 65.17 USDC | prot: HIGH | premio: 0.3584 MEVI | stima: 39.3576 MEVI | ricevuti: 35.0974 MEVI | ATTACCO: NO
[15:57:52][  SWAP] TRADER 0x90F79bf6EB2c4f870365E785982E1f101E93b906 | 57.80 USDC | prot: HIGH | premio: 0.3178 MEVI | stima: 30.5738 MEVI | ricevuti: 30.5738 MEVI | ATTACCO: NO
[15:57:58][  SWAP] TRADER 0x23618e81E3f5cdF7f54C3d65f7FBc0aBf5B21E8f | 59.98 USDC | prot: NESSUNA | stima: 31.1903 MEVI | ricevuti: 31.1903 MEVI | ATTACCO: NO
[15:58:01][  SWAP] TRADER 0x15d34AAf54267DB7D7c367839AAf71A00a2C6A65 | 63.89 USDC | prot: HIGH | premio: 0.3513 MEVI | stima: 33.2049 MEVI | ricevuti: 32.6380 MEVI | ATTACCO: NO
[15:58:05][  SWAP] TRADER 0xBcd4042DE499D14e55001CcbB24a551F3b954096 | 93.60 USDC | prot: NESSUNA | stima: 46.7577 MEVI | ricevuti: 44.2752 MEVI | ATTACCO: NO
[15:58:05][  SWAP] TRADER 0x3C44CdDdB6a900fa2b585dd299e03d12FA4293BC | 75.31 USDC | prot: HIGH | premio: 0.4141 MEVI | stima: 38.4094 MEVI | ricevuti: 37.7179 MEVI | ATTACCO: NO
[15:58:05][  SWAP] TRADER 0x9965507D1a55bcC2695C58ba16FB37d819B0A4dc | 120.31 USDC | prot: HIGH | premio: 0.6616 MEVI | stima: 60.9704 MEVI | ricevuti: 58.6236 MEVI | ATTACCO: NO
[15:58:07][ATTACK] INSURED ATTACK | victim=0x976EA74026E726 | swap=97.9800 USDC | loss_sandwich=2.9607 MEVI (3.58%)
[15:58:08][  SWAP] TRADER 0xa0Ee7A142d267C1f36714E4a8F75612F20a79720 | 116.98 USDC | prot: NESSUNA | stima: 53.7671 MEVI | ricevuti: 114.3057 MEVI | ATTACCO: NO
[15:58:10][  SWAP] TRADER 0x14dC79964da2C08b23698B3D3cc7Ca32193d9955 | 131.68 USDC | prot: NESSUNA | stima: 128.3011 MEVI | ricevuti: 122.5738 MEVI | ATTACCO: NO
[15:58:10][  SWAP] TRADER 0x71bE63f3384f5fb98995898A86B02Fb2426c5788 | 142.95 USDC | prot: NESSUNA | stima: 138.9767 MEVI | ricevuti: 126.2866 MEVI | ATTACCO: NO
[15:58:15][ATTACK] NAKED ATTACK | victim=0x23618e81E3f5cd | swap=77.6900 USDC | loss_sandwich=2.1380 MEVI (3.47%)
[15:58:19][  SWAP] TRADER 0x90F79bf6EB2c4f870365E785982E1f101E93b906 | 88.41 USDC | prot: HIGH | premio: 0.4862 MEVI | stima: 72.2476 MEVI | ricevuti: 72.2476 MEVI | ATTACCO: NO
[15:58:22][  SWAP] TRADER 0x23618e81E3f5cdF7f54C3d65f7FBc0aBf5B21E8f | 77.69 USDC | prot: NESSUNA | stima: 61.6220 MEVI | ricevuti: 59.4840 MEVI | ATTACCO: SI | perdita: 2.1380 MEVI | rimborso: NON ASSICURATO
[15:58:24][  SWAP] TRADER 0x976EA74026E726554dB657fA54763abd0C3a0aa9 | 97.98 USDC | prot: HIGH | premio: 0.5388 MEVI | stima: 91.7937 MEVI | ricevuti: 79.7991 MEVI | ATTACCO: SI | perdita: 2.9607 MEVI | rimborso: 2.9707 MEVI
[15:58:28][  SWAP] TRADER 0x15d34AAf54267DB7D7c367839AAf71A00a2C6A65 | 93.70 USDC | prot: HIGH | premio: 0.5153 MEVI | stima: 72.1478 MEVI | ricevuti: 72.1478 MEVI | ATTACCO: NO
[15:58:28][  SWAP] TRADER 0xBcd4042DE499D14e55001CcbB24a551F3b954096 | 62.60 USDC | prot: NESSUNA | stima: 46.9040 MEVI | ricevuti: 46.9040 MEVI | ATTACCO: NO
[15:58:28][  SWAP] TRADER 0x3C44CdDdB6a900fa2b585dd299e03d12FA4293BC | 92.51 USDC | prot: HIGH | premio: 0.5087 MEVI | stima: 67.4923 MEVI | ricevuti: 67.4923 MEVI | ATTACCO: NO
[15:58:28][  SWAP] TRADER 0x9965507D1a55bcC2695C58ba16FB37d819B0A4dc | 102.51 USDC | prot: HIGH | premio: 0.5637 MEVI | stima: 74.6615 MEVI | ricevuti: 72.3583 MEVI | ATTACCO: NO
[15:58:34][  SWAP] TRADER 0xa0Ee7A142d267C1f36714E4a8F75612F20a79720 | 113.45 USDC | prot: NESSUNA | stima: 77.2528 MEVI | ricevuti: 77.2528 MEVI | ATTACCO: NO
[15:58:36][  SWAP] TRADER 0x14dC79964da2C08b23698B3D3cc7Ca32193d9955 | 121.46 USDC | prot: NESSUNA | stima: 82.5990 MEVI | ricevuti: 79.5924 MEVI | ATTACCO: NO
[15:58:37][  SWAP] TRADER 0x71bE63f3384f5fb98995898A86B02Fb2426c5788 | 140.04 USDC | prot: NESSUNA | stima: 91.4953 MEVI | ricevuti: 88.0051 MEVI | ATTACCO: NO
[15:58:48][  SWAP] TRADER 0x23618e81E3f5cdF7f54C3d65f7FBc0aBf5B21E8f | 72.34 USDC | prot: NESSUNA | stima: 71.3083 MEVI | ricevuti: 71.3083 MEVI | ATTACCO: NO
[15:58:49][  SWAP] TRADER 0x90F79bf6EB2c4f870365E785982E1f101E93b906 | 78.62 USDC | prot: HIGH | premio: 0.4323 MEVI | stima: 77.4029 MEVI | ricevuti: 75.2275 MEVI | ATTACCO: NO
[15:58:52][  SWAP] TRADER 0x976EA74026E726554dB657fA54763abd0C3a0aa9 | 71.31 USDC | prot: HIGH | premio: 0.3921 MEVI | stima: 70.3073 MEVI | ricevuti: 66.2740 MEVI | ATTACCO: NO
[15:58:54][  SWAP] TRADER 0xBcd4042DE499D14e55001CcbB24a551F3b954096 | 88.25 USDC | prot: NESSUNA | stima: 81.7524 MEVI | ricevuti: 79.5533 MEVI | ATTACCO: NO
[15:58:54][ATTACK] NAKED ATTACK | victim=0x14dC79964da2C0 | swap=116.3800 USDC | loss_sandwich=2.9641 MEVI (3.38%)
[15:58:57][  SWAP] TRADER 0x3C44CdDdB6a900fa2b585dd299e03d12FA4293BC | 58.01 USDC | prot: HIGH | premio: 0.3190 MEVI | stima: 54.0509 MEVI | ricevuti: 47.2472 MEVI | ATTACCO: NO
[15:58:57][  SWAP] TRADER 0x9965507D1a55bcC2695C58ba16FB37d819B0A4dc | 115.31 USDC | prot: HIGH | premio: 0.6341 MEVI | stima: 106.2712 MEVI | ricevuti: 100.0469 MEVI | ATTACCO: NO
[15:58:57][  SWAP] TRADER 0x15d34AAf54267DB7D7c367839AAf71A00a2C6A65 | 85.54 USDC | prot: HIGH | premio: 0.4704 MEVI | stima: 79.2830 MEVI | ricevuti: 71.5128 MEVI | ATTACCO: NO
[15:59:00][  SWAP] TRADER 0xa0Ee7A142d267C1f36714E4a8F75612F20a79720 | 135.01 USDC | prot: NESSUNA | stima: 106.2404 MEVI | ricevuti: 106.2404 MEVI | ATTACCO: NO
[15:59:01][  SWAP] TRADER 0x14dC79964da2C08b23698B3D3cc7Ca32193d9955 | 116.38 USDC | prot: NESSUNA | stima: 91.8804 MEVI | ricevuti: 84.6610 MEVI | ATTACCO: SI | perdita: 2.9641 MEVI | rimborso: NON ASSICURATO
[15:59:03][  SWAP] TRADER 0x71bE63f3384f5fb98995898A86B02Fb2426c5788 | 110.23 USDC | prot: NESSUNA | stima: 83.0824 MEVI | ricevuti: 79.9050 MEVI | ATTACCO: NO
[15:59:09][  POOL] POOL UPDATE | mevi=138.6795 MEVI | eth=2.300000 ETH
[15:59:10][ATTACK] INSURED ATTACK | victim=0x90F79bf6EB2c4f | swap=98.4300 USDC | loss_sandwich=3.5127 MEVI (3.78%)
[15:59:13][  SWAP] TRADER 0x23618e81E3f5cdF7f54C3d65f7FBc0aBf5B21E8f | 95.22 USDC | prot: NESSUNA | stima: 93.4405 MEVI | ricevuti: 93.4405 MEVI | ATTACCO: NO
[15:59:18][  SWAP] TRADER 0xBcd4042DE499D14e55001CcbB24a551F3b954096 | 64.73 USDC | prot: NESSUNA | stima: 61.5513 MEVI | ricevuti: 59.3173 MEVI | ATTACCO: NO
[15:59:19][  SWAP] TRADER 0x976EA74026E726554dB657fA54763abd0C3a0aa9 | 98.94 USDC | prot: HIGH | premio: 0.5441 MEVI | stima: 93.4617 MEVI | ricevuti: 87.8953 MEVI | ATTACCO: NO
[15:59:25][  SWAP] TRADER 0xa0Ee7A142d267C1f36714E4a8F75612F20a79720 | 105.69 USDC | prot: NESSUNA | stima: 90.3731 MEVI | ricevuti: 82.1441 MEVI | ATTACCO: NO
[15:59:25][  SWAP] TRADER 0x3C44CdDdB6a900fa2b585dd299e03d12FA4293BC | 70.51 USDC | prot: HIGH | premio: 0.3877 MEVI | stima: 60.6825 MEVI | ricevuti: 60.6825 MEVI | ATTACCO: NO
[15:59:26][  SWAP] TRADER 0x15d34AAf54267DB7D7c367839AAf71A00a2C6A65 | 51.62 USDC | prot: HIGH | premio: 0.2839 MEVI | stima: 44.5805 MEVI | ricevuti: 43.4346 MEVI | ATTACCO: NO
[15:59:26][  SWAP] TRADER 0x9965507D1a55bcC2695C58ba16FB37d819B0A4dc | 142.23 USDC | prot: HIGH | premio: 0.7821 MEVI | stima: 120.8091 MEVI | ricevuti: 115.5478 MEVI | ATTACCO: NO
[15:59:27][  SWAP] TRADER 0x14dC79964da2C08b23698B3D3cc7Ca32193d9955 | 130.29 USDC | prot: NESSUNA | stima: 110.9083 MEVI | ricevuti: 97.1823 MEVI | ATTACCO: NO
[15:59:28][  SWAP] TRADER 0x90F79bf6EB2c4f870365E785982E1f101E93b906 | 98.43 USDC | prot: HIGH | premio: 0.5413 MEVI | stima: 96.5297 MEVI | ricevuti: 89.4764 MEVI | ATTACCO: SI | perdita: 3.5127 MEVI | rimborso: 3.5227 MEVI
[15:59:28][  SWAP] TRADER 0x71bE63f3384f5fb98995898A86B02Fb2426c5788 | 113.36 USDC | prot: NESSUNA | stima: 84.7995 MEVI | ricevuti: 81.1025 MEVI | ATTACCO: NO
[15:59:31][ATTACK] NAKED ATTACK | victim=0x23618e81E3f5cd | swap=74.4900 USDC | loss_sandwich=1.6777 MEVI (3.25%)
[15:59:39][  SWAP] TRADER 0x23618e81E3f5cdF7f54C3d65f7FBc0aBf5B21E8f | 74.49 USDC | prot: NESSUNA | stima: 51.6365 MEVI | ricevuti: 73.3965 MEVI | ATTACCO: SI | perdita: 1.6777 MEVI | rimborso: NON ASSICURATO
[15:59:43][  SWAP] TRADER 0xBcd4042DE499D14e55001CcbB24a551F3b954096 | 79.06 USDC | prot: NESSUNA | stima: 77.6732 MEVI | ricevuti: 77.6732 MEVI | ATTACCO: NO
[15:59:46][ATTACK] INSURED ATTACK | victim=0x9965507D1a55bc | swap=121.9700 USDC | loss_sandwich=8.6257 MEVI (8.41%)
[15:59:48][  SWAP] TRADER 0x976EA74026E726554dB657fA54763abd0C3a0aa9 | 86.02 USDC | prot: HIGH | premio: 0.4730 MEVI | stima: 84.3956 MEVI | ricevuti: 81.8127 MEVI | ATTACCO: NO
[15:59:51][  SWAP] TRADER 0xa0Ee7A142d267C1f36714E4a8F75612F20a79720 | 121.20 USDC | prot: NESSUNA | stima: 110.7577 MEVI | ricevuti: 110.7577 MEVI | ATTACCO: NO
[15:59:52][  SWAP] TRADER 0x14dC79964da2C08b23698B3D3cc7Ca32193d9955 | 100.11 USDC | prot: NESSUNA | stima: 91.8509 MEVI | ricevuti: 87.7295 MEVI | ATTACCO: NO
[15:59:54][  SWAP] TRADER 0x71bE63f3384f5fb98995898A86B02Fb2426c5788 | 144.76 USDC | prot: NESSUNA | stima: 125.8157 MEVI | ricevuti: 116.9267 MEVI | ATTACCO: NO
[15:59:54][  SWAP] TRADER 0x15d34AAf54267DB7D7c367839AAf71A00a2C6A65 | 50.30 USDC | prot: HIGH | premio: 0.2766 MEVI | stima: 46.5906 MEVI | ricevuti: 37.5976 MEVI | ATTACCO: NO
[15:59:54][  SWAP] TRADER 0x3C44CdDdB6a900fa2b585dd299e03d12FA4293BC | 62.98 USDC | prot: HIGH | premio: 0.3463 MEVI | stima: 58.1941 MEVI | ricevuti: 46.1672 MEVI | ATTACCO: NO
[15:59:55][  SWAP] TRADER 0x90F79bf6EB2c4f870365E785982E1f101E93b906 | 62.24 USDC | prot: HIGH | premio: 0.3423 MEVI | stima: 54.9287 MEVI | ricevuti: 46.4233 MEVI | ATTACCO: NO
[16:00:00][ATTACK] NAKED ATTACK | victim=0xBcd4042DE499D1 | swap=97.3700 USDC | loss_sandwich=2.2724 MEVI (3.29%)
[16:00:04][  SWAP] TRADER 0x9965507D1a55bcC2695C58ba16FB37d819B0A4dc | 121.97 USDC | prot: HIGH | premio: 0.6707 MEVI | stima: 111.4452 MEVI | ricevuti: 93.9551 MEVI | ATTACCO: SI | perdita: 8.6257 MEVI | rimborso: 8.6357 MEVI
[16:00:06][  SWAP] TRADER 0x23618e81E3f5cdF7f54C3d65f7FBc0aBf5B21E8f | 64.88 USDC | prot: NESSUNA | stima: 47.3472 MEVI | ricevuti: 47.3472 MEVI | ATTACCO: NO
[16:00:08][  SWAP] TRADER 0xBcd4042DE499D14e55001CcbB24a551F3b954096 | 97.37 USDC | prot: NESSUNA | stima: 69.1303 MEVI | ricevuti: 66.8578 MEVI | ATTACCO: SI | perdita: 2.2724 MEVI | rimborso: NON ASSICURATO
[16:00:16][  SWAP] TRADER 0x976EA74026E726554dB657fA54763abd0C3a0aa9 | 76.75 USDC | prot: HIGH | premio: 0.4220 MEVI | stima: 75.5897 MEVI | ricevuti: 75.5897 MEVI | ATTACCO: NO
[16:00:17][  SWAP] TRADER 0xa0Ee7A142d267C1f36714E4a8F75612F20a79720 | 116.94 USDC | prot: NESSUNA | stima: 114.2675 MEVI | ricevuti: 110.8770 MEVI | ATTACCO: NO
[16:00:17][  SWAP] TRADER 0x14dC79964da2C08b23698B3D3cc7Ca32193d9955 | 103.37 USDC | prot: NESSUNA | stima: 101.2762 MEVI | ricevuti: 93.9342 MEVI | ATTACCO: NO
[16:00:18][  SWAP] TRADER 0x71bE63f3384f5fb98995898A86B02Fb2426c5788 | 138.52 USDC | prot: NESSUNA | stima: 130.7946 MEVI | ricevuti: 120.2740 MEVI | ATTACCO: NO
[16:00:20][  SWAP] TRADER 0x3C44CdDdB6a900fa2b585dd299e03d12FA4293BC | 60.09 USDC | prot: HIGH | premio: 0.3304 MEVI | stima: 57.6050 MEVI | ricevuti: 50.2893 MEVI | ATTACCO: NO
[16:00:20][  SWAP] TRADER 0x15d34AAf54267DB7D7c367839AAf71A00a2C6A65 | 76.43 USDC | prot: HIGH | premio: 0.4203 MEVI | stima: 73.0370 MEVI | ricevuti: 62.3971 MEVI | ATTACCO: NO
[16:00:22][  SWAP] TRADER 0x90F79bf6EB2c4f870365E785982E1f101E93b906 | 64.81 USDC | prot: HIGH | premio: 0.3564 MEVI | stima: 57.0467 MEVI | ricevuti: 51.5848 MEVI | ATTACCO: NO
[16:00:31][  SWAP] TRADER 0x23618e81E3f5cdF7f54C3d65f7FBc0aBf5B21E8f | 84.38 USDC | prot: NESSUNA | stima: 65.4100 MEVI | ricevuti: 65.4100 MEVI | ATTACCO: NO
[16:00:32][  SWAP] TRADER 0x9965507D1a55bcC2695C58ba16FB37d819B0A4dc | 128.93 USDC | prot: HIGH | premio: 0.7090 MEVI | stima: 99.1723 MEVI | ricevuti: 96.3003 MEVI | ATTACCO: NO
[16:00:36][ATTACK] NAKED ATTACK | victim=0x14dC79964da2C0 | swap=126.9100 USDC | loss_sandwich=9.7824 MEVI (7.90%)
[16:00:36][  SWAP] TRADER 0xBcd4042DE499D14e55001CcbB24a551F3b954096 | 55.45 USDC | prot: NESSUNA | stima: 40.1236 MEVI | ricevuti: 40.1236 MEVI | ATTACCO: NO
[16:00:43][  SWAP] TRADER 0x71bE63f3384f5fb98995898A86B02Fb2426c5788 | 128.08 USDC | prot: NESSUNA | stima: 124.8810 MEVI | ricevuti: 109.6722 MEVI | ATTACCO: NO
[16:00:43][  SWAP] TRADER 0xa0Ee7A142d267C1f36714E4a8F75612F20a79720 | 112.77 USDC | prot: NESSUNA | stima: 110.2827 MEVI | ricevuti: 106.0461 MEVI | ATTACCO: NO
[16:00:43][  SWAP] TRADER 0x14dC79964da2C08b23698B3D3cc7Ca32193d9955 | 126.91 USDC | prot: NESSUNA | stima: 123.7685 MEVI | ricevuti: 113.9861 MEVI | ATTACCO: SI | perdita: 9.7824 MEVI | rimborso: NON ASSICURATO
[16:00:45][  SWAP] TRADER 0x976EA74026E726554dB657fA54763abd0C3a0aa9 | 57.71 USDC | prot: HIGH | premio: 0.3173 MEVI | stima: 40.9666 MEVI | ricevuti: 49.7922 MEVI | ATTACCO: NO
[16:00:45][  SWAP] TRADER 0x15d34AAf54267DB7D7c367839AAf71A00a2C6A65 | 73.02 USDC | prot: HIGH | premio: 0.4015 MEVI | stima: 62.8240 MEVI | ricevuti: 61.5000 MEVI | ATTACCO: NO
[16:00:45][  SWAP] TRADER 0x3C44CdDdB6a900fa2b585dd299e03d12FA4293BC | 80.49 USDC | prot: HIGH | premio: 0.4426 MEVI | stima: 67.6993 MEVI | ricevuti: 65.9216 MEVI | ATTACCO: NO
[16:00:45][  SWAP] TRADER 0x90F79bf6EB2c4f870365E785982E1f101E93b906 | 83.08 USDC | prot: HIGH | premio: 0.4569 MEVI | stima: 69.8448 MEVI | ricevuti: 66.0724 MEVI | ATTACCO: NO
[16:00:54][ATTACK] INSURED ATTACK | victim=0x9965507D1a55bc | swap=143.0700 USDC | loss_sandwich=3.5962 MEVI (3.37%)
[16:00:57][  SWAP] TRADER 0x23618e81E3f5cdF7f54C3d65f7FBc0aBf5B21E8f | 68.40 USDC | prot: NESSUNA | stima: 52.9562 MEVI | ricevuti: 52.9562 MEVI | ATTACCO: NO
[16:01:01][  SWAP] TRADER 0xBcd4042DE499D14e55001CcbB24a551F3b954096 | 61.77 USDC | prot: NESSUNA | stima: 46.7459 MEVI | ricevuti: 43.0294 MEVI | ATTACCO: NO
[16:01:09][  SWAP] TRADER 0x71bE63f3384f5fb98995898A86B02Fb2426c5788 | 117.89 USDC | prot: NESSUNA | stima: 82.5753 MEVI | ricevuti: 79.5805 MEVI | ATTACCO: NO
[16:01:09][  SWAP] TRADER 0xa0Ee7A142d267C1f36714E4a8F75612F20a79720 | 111.37 USDC | prot: NESSUNA | stima: 78.0928 MEVI | ricevuti: 78.0928 MEVI | ATTACCO: NO
[16:01:09][  POOL] POOL UPDATE | mevi=136.9784 MEVI | eth=2.250000 ETH
[16:01:10][  SWAP] TRADER 0x14dC79964da2C08b23698B3D3cc7Ca32193d9955 | 130.56 USDC | prot: NESSUNA | stima: 91.2583 MEVI | ricevuti: 84.6440 MEVI | ATTACCO: NO
[16:01:11][  SWAP] TRADER 0x9965507D1a55bcC2695C58ba16FB37d819B0A4dc | 143.07 USDC | prot: HIGH | premio: 0.7867 MEVI | stima: 109.3386 MEVI | ricevuti: 103.1732 MEVI | ATTACCO: SI | perdita: 3.5962 MEVI | rimborso: 3.6062 MEVI
[16:01:13][  SWAP] TRADER 0x90F79bf6EB2c4f870365E785982E1f101E93b906 | 82.25 USDC | prot: HIGH | premio: 0.4523 MEVI | stima: 57.9539 MEVI | ricevuti: 76.4157 MEVI | ATTACCO: NO
[16:01:13][  SWAP] TRADER 0x3C44CdDdB6a900fa2b585dd299e03d12FA4293BC | 81.83 USDC | prot: HIGH | premio: 0.4500 MEVI | stima: 57.6620 MEVI | ricevuti: 73.6765 MEVI | ATTACCO: NO
[16:01:13][  SWAP] TRADER 0x976EA74026E726554dB657fA54763abd0C3a0aa9 | 63.93 USDC | prot: HIGH | premio: 0.3516 MEVI | stima: 45.1835 MEVI | ricevuti: 63.1229 MEVI | ATTACCO: NO
[16:01:13][  SWAP] TRADER 0x15d34AAf54267DB7D7c367839AAf71A00a2C6A65 | 82.47 USDC | prot: HIGH | premio: 0.4535 MEVI | stima: 58.1067 MEVI | ricevuti: 79.1124 MEVI | ATTACCO: NO
[16:01:22][  SWAP] TRADER 0x23618e81E3f5cdF7f54C3d65f7FBc0aBf5B21E8f | 94.91 USDC | prot: NESSUNA | stima: 82.6592 MEVI | ricevuti: 82.6592 MEVI | ATTACCO: NO
[16:01:26][  SWAP] TRADER 0xBcd4042DE499D14e55001CcbB24a551F3b954096 | 63.42 USDC | prot: NESSUNA | stima: 53.6348 MEVI | ricevuti: 53.6348 MEVI | ATTACCO: NO
[16:01:27][ATTACK] NAKED ATTACK | victim=0xa0Ee7A142d267C | swap=126.2500 USDC | loss_sandwich=3.6310 MEVI (3.52%)
[16:01:34][  SWAP] TRADER 0xa0Ee7A142d267C1f36714E4a8F75612F20a79720 | 126.25 USDC | prot: NESSUNA | stima: 103.1511 MEVI | ricevuti: 99.5201 MEVI | ATTACCO: SI | perdita: 3.6310 MEVI | rimborso: NON ASSICURATO
[16:01:34][ATTACK] INSURED ATTACK | victim=0x9965507D1a55bc | swap=147.8500 USDC | loss_sandwich=3.4165 MEVI (3.28%)
[16:01:36][  SWAP] TRADER 0x71bE63f3384f5fb98995898A86B02Fb2426c5788 | 149.65 USDC | prot: NESSUNA | stima: 121.7606 MEVI | ricevuti: 111.0180 MEVI | ATTACCO: NO
[16:01:36][  SWAP] TRADER 0x14dC79964da2C08b23698B3D3cc7Ca32193d9955 | 139.24 USDC | prot: NESSUNA | stima: 113.5009 MEVI | ricevuti: 108.6321 MEVI | ATTACCO: NO
[16:01:42][  SWAP] TRADER 0x15d34AAf54267DB7D7c367839AAf71A00a2C6A65 | 84.30 USDC | prot: HIGH | premio: 0.4636 MEVI | stima: 60.0852 MEVI | ricevuti: 74.2270 MEVI | ATTACCO: NO
[16:01:42][  SWAP] TRADER 0x90F79bf6EB2c4f870365E785982E1f101E93b906 | 52.67 USDC | prot: HIGH | premio: 0.2896 MEVI | stima: 37.7409 MEVI | ricevuti: 45.2052 MEVI | ATTACCO: NO
[16:01:42][  SWAP] TRADER 0x3C44CdDdB6a900fa2b585dd299e03d12FA4293BC | 87.19 USDC | prot: HIGH | premio: 0.4795 MEVI | stima: 62.1149 MEVI | ricevuti: 85.6956 MEVI | ATTACCO: NO
[16:01:42][  SWAP] TRADER 0x976EA74026E726554dB657fA54763abd0C3a0aa9 | 51.45 USDC | prot: HIGH | premio: 0.2829 MEVI | stima: 36.8743 MEVI | ricevuti: 49.2039 MEVI | ATTACCO: NO
[16:01:48][  SWAP] TRADER 0x23618e81E3f5cdF7f54C3d65f7FBc0aBf5B21E8f | 98.02 USDC | prot: NESSUNA | stima: 84.3269 MEVI | ricevuti: 84.3269 MEVI | ATTACCO: NO
[16:01:51][  SWAP] TRADER 0xBcd4042DE499D14e55001CcbB24a551F3b954096 | 63.37 USDC | prot: NESSUNA | stima: 52.9186 MEVI | ricevuti: 52.9186 MEVI | ATTACCO: NO
[16:01:52][  SWAP] TRADER 0x9965507D1a55bcC2695C58ba16FB37d819B0A4dc | 147.85 USDC | prot: HIGH | premio: 0.8130 MEVI | stima: 104.2698 MEVI | ricevuti: 136.0648 MEVI | ATTACCO: SI | perdita: 3.4165 MEVI | rimborso: 3.4265 MEVI
[16:01:52][ATTACK] NAKED ATTACK | victim=0x14dC79964da2C0 | swap=104.9200 USDC | loss_sandwich=5.6312 MEVI (6.96%)
[16:01:57][  SWAP] TRADER 0xa0Ee7A142d267C1f36714E4a8F75612F20a79720 | 137.87 USDC | prot: NESSUNA | stima: 111.0244 MEVI | ricevuti: 111.0244 MEVI | ATTACCO: NO
[16:02:00][  SWAP] TRADER 0x14dC79964da2C08b23698B3D3cc7Ca32193d9955 | 104.92 USDC | prot: NESSUNA | stima: 80.9204 MEVI | ricevuti: 75.2891 MEVI | ATTACCO: SI | perdita: 5.6312 MEVI | rimborso: NON ASSICURATO
[16:02:00][  SWAP] TRADER 0x71bE63f3384f5fb98995898A86B02Fb2426c5788 | 109.07 USDC | prot: NESSUNA | stima: 84.0604 MEVI | ricevuti: 81.1844 MEVI | ATTACCO: NO
[16:02:10][  SWAP] TRADER 0x90F79bf6EB2c4f870365E785982E1f101E93b906 | 79.89 USDC | prot: HIGH | premio: 0.4393 MEVI | stima: 57.6002 MEVI | ricevuti: 54.4550 MEVI | ATTACCO: NO
[16:02:10][  SWAP] TRADER 0x976EA74026E726554dB657fA54763abd0C3a0aa9 | 92.14 USDC | prot: HIGH | premio: 0.5067 MEVI | stima: 66.2954 MEVI | ricevuti: 66.2954 MEVI | ATTACCO: NO
[16:02:10][  SWAP] TRADER 0x3C44CdDdB6a900fa2b585dd299e03d12FA4293BC | 75.52 USDC | prot: HIGH | premio: 0.4153 MEVI | stima: 54.4896 MEVI | ricevuti: 52.8229 MEVI | ATTACCO: NO
[16:02:12][  SWAP] TRADER 0x15d34AAf54267DB7D7c367839AAf71A00a2C6A65 | 93.59 USDC | prot: HIGH | premio: 0.5147 MEVI | stima: 67.3222 MEVI | ricevuti: 62.0054 MEVI | ATTACCO: NO
[16:02:13][  SWAP] TRADER 0x23618e81E3f5cdF7f54C3d65f7FBc0aBf5B21E8f | 83.04 USDC | prot: NESSUNA | stima: 55.1097 MEVI | ricevuti: 81.6834 MEVI | ATTACCO: NO
[16:02:16][  SWAP] TRADER 0xBcd4042DE499D14e55001CcbB24a551F3b954096 | 56.83 USDC | prot: NESSUNA | stima: 54.3804 MEVI | ricevuti: 54.3804 MEVI | ATTACCO: NO
[16:02:19][  SWAP] TRADER 0x9965507D1a55bcC2695C58ba16FB37d819B0A4dc | 101.08 USDC | prot: HIGH | premio: 0.5558 MEVI | stima: 95.8974 MEVI | ricevuti: 93.8087 MEVI | ATTACCO: NO
[16:02:22][  SWAP] TRADER 0xa0Ee7A142d267C1f36714E4a8F75612F20a79720 | 132.46 USDC | prot: NESSUNA | stima: 117.5885 MEVI | ricevuti: 117.5885 MEVI | ATTACCO: NO
[16:02:25][  SWAP] TRADER 0x14dC79964da2C08b23698B3D3cc7Ca32193d9955 | 127.86 USDC | prot: NESSUNA | stima: 108.1339 MEVI | ricevuti: 108.1339 MEVI | ATTACCO: NO
[16:02:25][  SWAP] TRADER 0x71bE63f3384f5fb98995898A86B02Fb2426c5788 | 124.69 USDC | prot: NESSUNA | stima: 105.5137 MEVI | ricevuti: 100.7191 MEVI | ATTACCO: NO
[16:02:31][ATTACK] INSURED ATTACK | victim=0x90F79bf6EB2c4f | swap=90.6300 USDC | loss_sandwich=2.4204 MEVI (3.44%)
[16:02:39][  SWAP] TRADER 0x23618e81E3f5cdF7f54C3d65f7FBc0aBf5B21E8f | 88.18 USDC | prot: NESSUNA | stima: 68.5745 MEVI | ricevuti: 64.1858 MEVI | ATTACCO: NO
[16:02:39][  SWAP] TRADER 0x3C44CdDdB6a900fa2b585dd299e03d12FA4293BC | 63.75 USDC | prot: HIGH | premio: 0.3506 MEVI | stima: 49.7890 MEVI | ricevuti: 45.2221 MEVI | ATTACCO: NO
[16:02:40][  SWAP] TRADER 0x976EA74026E726554dB657fA54763abd0C3a0aa9 | 93.90 USDC | prot: HIGH | premio: 0.5164 MEVI | stima: 72.9497 MEVI | ricevuti: 65.4267 MEVI | ATTACCO: NO
[16:02:40][  SWAP] TRADER 0x15d34AAf54267DB7D7c367839AAf71A00a2C6A65 | 82.20 USDC | prot: HIGH | premio: 0.4520 MEVI | stima: 63.9910 MEVI | ricevuti: 58.9953 MEVI | ATTACCO: NO
[16:02:41][  SWAP] TRADER 0xBcd4042DE499D14e55001CcbB24a551F3b954096 | 92.16 USDC | prot: NESSUNA | stima: 66.0330 MEVI | ricevuti: 62.2650 MEVI | ATTACCO: NO
[16:02:43][ATTACK] NAKED ATTACK | victim=0x14dC79964da2C0 | swap=143.4100 USDC | loss_sandwich=4.5622 MEVI (3.64%)
[16:02:48][  SWAP] TRADER 0xa0Ee7A142d267C1f36714E4a8F75612F20a79720 | 143.61 USDC | prot: NESSUNA | stima: 139.6004 MEVI | ricevuti: 139.6004 MEVI | ATTACCO: NO
[16:02:48][  SWAP] TRADER 0x9965507D1a55bcC2695C58ba16FB37d819B0A4dc | 132.30 USDC | prot: HIGH | premio: 0.7275 MEVI | stima: 86.1801 MEVI | ricevuti: 121.8806 MEVI | ATTACCO: NO
[16:02:49][  SWAP] TRADER 0x90F79bf6EB2c4f870365E785982E1f101E93b906 | 90.63 USDC | prot: HIGH | premio: 0.4984 MEVI | stima: 70.4496 MEVI | ricevuti: 68.0292 MEVI | ATTACCO: SI | perdita: 2.4204 MEVI | rimborso: 2.4304 MEVI
[16:02:51][  SWAP] TRADER 0x14dC79964da2C08b23698B3D3cc7Ca32193d9955 | 143.41 USDC | prot: NESSUNA | stima: 125.3941 MEVI | ricevuti: 120.8320 MEVI | ATTACCO: SI | perdita: 4.5622 MEVI | rimborso: NON ASSICURATO
[16:02:51][  SWAP] TRADER 0x71bE63f3384f5fb98995898A86B02Fb2426c5788 | 118.81 USDC | prot: NESSUNA | stima: 104.3582 MEVI | ricevuti: 95.4492 MEVI | ATTACCO: NO
[16:03:04][  SWAP] TRADER 0x23618e81E3f5cdF7f54C3d65f7FBc0aBf5B21E8f | 79.03 USDC | prot: NESSUNA | stima: 63.7127 MEVI | ricevuti: 63.7127 MEVI | ATTACCO: NO
[16:03:05][  SWAP] TRADER 0xBcd4042DE499D14e55001CcbB24a551F3b954096 | 89.26 USDC | prot: NESSUNA | stima: 71.8289 MEVI | ricevuti: 69.8345 MEVI | ATTACCO: NO
[16:03:07][  SWAP] TRADER 0x3C44CdDdB6a900fa2b585dd299e03d12FA4293BC | 67.14 USDC | prot: HIGH | premio: 0.3692 MEVI | stima: 54.2422 MEVI | ricevuti: 51.1033 MEVI | ATTACCO: NO
[16:03:08][  SWAP] TRADER 0x15d34AAf54267DB7D7c367839AAf71A00a2C6A65 | 58.81 USDC | prot: HIGH | premio: 0.3234 MEVI | stima: 47.5832 MEVI | ricevuti: 43.7948 MEVI | ATTACCO: NO
[16:03:08][  SWAP] TRADER 0x976EA74026E726554dB657fA54763abd0C3a0aa9 | 95.18 USDC | prot: HIGH | premio: 0.5234 MEVI | stima: 76.5123 MEVI | ricevuti: 69.0349 MEVI | ATTACCO: NO
[16:03:09][ATTACK] INSURED ATTACK | victim=0x9965507D1a55bc | swap=124.5600 USDC | loss_sandwich=6.4385 MEVI (7.67%)
[16:03:09][  POOL] POOL UPDATE | mevi=137.0381 MEVI | eth=2.210000 ETH
[16:03:13][  SWAP] TRADER 0xa0Ee7A142d267C1f36714E4a8F75612F20a79720 | 109.18 USDC | prot: NESSUNA | stima: 76.5045 MEVI | ricevuti: 76.5045 MEVI | ATTACCO: NO
[16:03:16][  SWAP] TRADER 0x14dC79964da2C08b23698B3D3cc7Ca32193d9955 | 140.76 USDC | prot: NESSUNA | stima: 94.6369 MEVI | ricevuti: 84.0566 MEVI | ATTACCO: NO
[16:03:16][  SWAP] TRADER 0x71bE63f3384f5fb98995898A86B02Fb2426c5788 | 147.82 USDC | prot: NESSUNA | stima: 99.2699 MEVI | ricevuti: 96.0939 MEVI | ATTACCO: NO
[16:03:17][  SWAP] TRADER 0x90F79bf6EB2c4f870365E785982E1f101E93b906 | 57.58 USDC | prot: HIGH | premio: 0.3166 MEVI | stima: 40.6958 MEVI | ricevuti: 58.4514 MEVI | ATTACCO: NO
[16:03:23][ATTACK] NAKED ATTACK | victim=0xBcd4042DE499D1 | swap=74.0700 USDC | loss_sandwich=2.7168 MEVI (3.81%)
[16:03:26][  SWAP] TRADER 0x9965507D1a55bcC2695C58ba16FB37d819B0A4dc | 124.56 USDC | prot: HIGH | premio: 0.6850 MEVI | stima: 87.0595 MEVI | ricevuti: 77.5272 MEVI | ATTACCO: SI | perdita: 6.4385 MEVI | rimborso: 6.4485 MEVI
[16:03:28][  SWAP] TRADER 0x23618e81E3f5cdF7f54C3d65f7FBc0aBf5B21E8f | 68.57 USDC | prot: NESSUNA | stima: 67.8724 MEVI | ricevuti: 67.8724 MEVI | ATTACCO: NO
[16:03:30][  SWAP] TRADER 0xBcd4042DE499D14e55001CcbB24a551F3b954096 | 74.07 USDC | prot: NESSUNA | stima: 71.2795 MEVI | ricevuti: 68.5627 MEVI | ATTACCO: SI | perdita: 2.7168 MEVI | rimborso: NON ASSICURATO
[16:03:31][  SWAP] TRADER 0x3C44CdDdB6a900fa2b585dd299e03d12FA4293BC | 73.18 USDC | prot: HIGH | premio: 0.4024 MEVI | stima: 70.4352 MEVI | ricevuti: 68.4807 MEVI | ATTACCO: NO
[16:03:31][  SWAP] TRADER 0x15d34AAf54267DB7D7c367839AAf71A00a2C6A65 | 84.53 USDC | prot: HIGH | premio: 0.4648 MEVI | stima: 76.7436 MEVI | ricevuti: 76.7436 MEVI | ATTACCO: NO
[16:03:32][  SWAP] TRADER 0x976EA74026E726554dB657fA54763abd0C3a0aa9 | 97.96 USDC | prot: HIGH | premio: 0.5387 MEVI | stima: 88.7113 MEVI | ricevuti: 85.9242 MEVI | ATTACCO: NO
[16:03:40][  SWAP] TRADER 0xa0Ee7A142d267C1f36714E4a8F75612F20a79720 | 109.27 USDC | prot: NESSUNA | stima: 92.2315 MEVI | ricevuti: 92.2315 MEVI | ATTACCO: NO
[16:03:41][  SWAP] TRADER 0x71bE63f3384f5fb98995898A86B02Fb2426c5788 | 140.74 USDC | prot: NESSUNA | stima: 118.1182 MEVI | ricevuti: 113.5265 MEVI | ATTACCO: NO
[16:03:41][  SWAP] TRADER 0x14dC79964da2C08b23698B3D3cc7Ca32193d9955 | 120.36 USDC | prot: NESSUNA | stima: 101.3877 MEVI | ricevuti: 92.6849 MEVI | ATTACCO: NO
[16:03:46][  SWAP] TRADER 0x90F79bf6EB2c4f870365E785982E1f101E93b906 | 79.20 USDC | prot: HIGH | premio: 0.4355 MEVI | stima: 64.5909 MEVI | ricevuti: 58.9041 MEVI | ATTACCO: NO
[16:03:54][  SWAP] TRADER 0x23618e81E3f5cdF7f54C3d65f7FBc0aBf5B21E8f | 90.67 USDC | prot: NESSUNA | stima: 89.0551 MEVI | ricevuti: 89.0551 MEVI | ATTACCO: NO
[16:03:55][  SWAP] TRADER 0x9965507D1a55bcC2695C58ba16FB37d819B0A4dc | 101.80 USDC | prot: HIGH | premio: 0.5598 MEVI | stima: 99.7687 MEVI | ricevuti: 96.2806 MEVI | ATTACCO: NO
[16:03:56][  SWAP] TRADER 0xBcd4042DE499D14e55001CcbB24a551F3b954096 | 55.17 USDC | prot: NESSUNA | stima: 52.6516 MEVI | ricevuti: 50.6180 MEVI | ATTACCO: NO
[16:03:58][ATTACK] NAKED ATTACK | victim=0xa0Ee7A142d267C | swap=108.0300 USDC | loss_sandwich=3.1932 MEVI (3.55%)
[16:04:00][  SWAP] TRADER 0x976EA74026E726554dB657fA54763abd0C3a0aa9 | 67.21 USDC | prot: HIGH | premio: 0.3696 MEVI | stima: 63.9923 MEVI | ricevuti: 59.0295 MEVI | ATTACCO: NO
[16:04:00][  SWAP] TRADER 0x3C44CdDdB6a900fa2b585dd299e03d12FA4293BC | 54.08 USDC | prot: HIGH | premio: 0.2974 MEVI | stima: 51.6223 MEVI | ricevuti: 48.5955 MEVI | ATTACCO: NO
[16:04:00][  SWAP] TRADER 0x15d34AAf54267DB7D7c367839AAf71A00a2C6A65 | 58.18 USDC | prot: HIGH | premio: 0.3199 MEVI | stima: 55.4918 MEVI | ricevuti: 49.9180 MEVI | ATTACCO: NO
[16:04:06][  SWAP] TRADER 0xa0Ee7A142d267C1f36714E4a8F75612F20a79720 | 108.03 USDC | prot: NESSUNA | stima: 89.9057 MEVI | ricevuti: 86.7125 MEVI | ATTACCO: SI | perdita: 3.1932 MEVI | rimborso: NON ASSICURATO
[16:04:07][  SWAP] TRADER 0x71bE63f3384f5fb98995898A86B02Fb2426c5788 | 124.53 USDC | prot: NESSUNA | stima: 103.3294 MEVI | ricevuti: 99.4816 MEVI | ATTACCO: NO
[16:04:07][ATTACK] INSURED ATTACK | victim=0x90F79bf6EB2c4f | swap=78.3600 USDC | loss_sandwich=1.9252 MEVI (3.34%)
[16:04:07][  SWAP] TRADER 0x14dC79964da2C08b23698B3D3cc7Ca32193d9955 | 136.56 USDC | prot: NESSUNA | stima: 108.8604 MEVI | ricevuti: 104.1754 MEVI | ATTACCO: NO
[16:04:18][  SWAP] TRADER 0x23618e81E3f5cdF7f54C3d65f7FBc0aBf5B21E8f | 95.73 USDC | prot: NESSUNA | stima: 68.3405 MEVI | ricevuti: 93.9316 MEVI | ATTACCO: NO
[16:04:22][  SWAP] TRADER 0x9965507D1a55bcC2695C58ba16FB37d819B0A4dc | 114.77 USDC | prot: HIGH | premio: 0.6311 MEVI | stima: 112.1947 MEVI | ricevuti: 105.0931 MEVI | ATTACCO: NO
[16:04:22][  SWAP] TRADER 0xBcd4042DE499D14e55001CcbB24a551F3b954096 | 72.33 USDC | prot: NESSUNA | stima: 68.6633 MEVI | ricevuti: 68.6633 MEVI | ATTACCO: NO
[16:04:28][  SWAP] TRADER 0x976EA74026E726554dB657fA54763abd0C3a0aa9 | 78.61 USDC | prot: HIGH | premio: 0.4323 MEVI | stima: 69.3857 MEVI | ricevuti: 65.4364 MEVI | ATTACCO: NO
[16:04:28][  SWAP] TRADER 0x3C44CdDdB6a900fa2b585dd299e03d12FA4293BC | 90.26 USDC | prot: HIGH | premio: 0.4963 MEVI | stima: 79.4959 MEVI | ricevuti: 79.4959 MEVI | ATTACCO: NO
[16:04:28][  SWAP] TRADER 0x15d34AAf54267DB7D7c367839AAf71A00a2C6A65 | 67.98 USDC | prot: HIGH | premio: 0.3738 MEVI | stima: 60.1222 MEVI | ricevuti: 58.1317 MEVI | ATTACCO: NO
[16:04:29][  SWAP] TRADER 0xa0Ee7A142d267C1f36714E4a8F75612F20a79720 | 100.72 USDC | prot: NESSUNA | stima: 81.1661 MEVI | ricevuti: 81.1661 MEVI | ATTACCO: NO
[16:04:30][  SWAP] TRADER 0x71bE63f3384f5fb98995898A86B02Fb2426c5788 | 103.95 USDC | prot: NESSUNA | stima: 80.7739 MEVI | ricevuti: 80.7739 MEVI | ATTACCO: NO
[16:05:09][  POOL] POOL UPDATE | mevi=136.3422 MEVI | eth=2.192000 ETH
[16:05:13][ATTACK] NAKED ATTACK | victim=0xa0Ee7A142d267C | swap=140.4100 USDC | loss_sandwich=6.9568 MEVI (5.09%)
[16:05:13][  SWAP] TRADER 0x90F79bf6EB2c4f870365E785982E1f101E93b906 | 78.36 USDC | prot: HIGH | premio: 0.4309 MEVI | stima: 57.5893 MEVI | ricevuti: 55.6641 MEVI | ATTACCO: SI | perdita: 1.9252 MEVI | rimborso: 1.9352 MEVI
[16:05:18][  SWAP] TRADER 0x14dC79964da2C08b23698B3D3cc7Ca32193d9955 | 103.28 USDC | prot: NESSUNA | stima: 77.3995 MEVI | ricevuti: 91.0215 MEVI | ATTACCO: NO
[16:05:18][  SWAP] TRADER 0xBcd4042DE499D14e55001CcbB24a551F3b954096 | 69.51 USDC | prot: NESSUNA | stima: 52.3954 MEVI | ricevuti: 68.5569 MEVI | ATTACCO: NO
[16:05:18][  SWAP] TRADER 0x23618e81E3f5cdF7f54C3d65f7FBc0aBf5B21E8f | 64.75 USDC | prot: NESSUNA | stima: 48.8475 MEVI | ricevuti: 62.1922 MEVI | ATTACCO: NO
[16:05:18][  SWAP] TRADER 0xa0Ee7A142d267C1f36714E4a8F75612F20a79720 | 140.41 USDC | prot: NESSUNA | stima: 104.5590 MEVI | ricevuti: 129.6179 MEVI | ATTACCO: SI | perdita: 6.9568 MEVI | rimborso: NON ASSICURATO
[16:05:21][  SWAP] TRADER 0x9965507D1a55bcC2695C58ba16FB37d819B0A4dc | 124.34 USDC | prot: HIGH | premio: 0.6837 MEVI | stima: 92.8466 MEVI | ricevuti: 99.3260 MEVI | ATTACCO: NO
[16:05:21][  SWAP] TRADER 0x976EA74026E726554dB657fA54763abd0C3a0aa9 | 99.63 USDC | prot: HIGH | premio: 0.5479 MEVI | stima: 74.7109 MEVI | ricevuti: 76.4905 MEVI | ATTACCO: NO
[16:05:21][  SWAP] TRADER 0x3C44CdDdB6a900fa2b585dd299e03d12FA4293BC | 67.18 USDC | prot: HIGH | premio: 0.3694 MEVI | stima: 50.6595 MEVI | ricevuti: 57.3320 MEVI | ATTACCO: NO
[16:05:21][  SWAP] TRADER 0x15d34AAf54267DB7D7c367839AAf71A00a2C6A65 | 86.34 USDC | prot: HIGH | premio: 0.4748 MEVI | stima: 64.8930 MEVI | ricevuti: 71.6387 MEVI | ATTACCO: NO
[16:05:27][  SWAP] TRADER 0x71bE63f3384f5fb98995898A86B02Fb2426c5788 | 112.86 USDC | prot: NESSUNA | stima: 83.5108 MEVI | ricevuti: 83.5108 MEVI | ATTACCO: NO
[16:05:42][  SWAP] TRADER 0x90F79bf6EB2c4f870365E785982E1f101E93b906 | 83.54 USDC | prot: HIGH | premio: 0.4594 MEVI | stima: 59.7760 MEVI | ricevuti: 59.7760 MEVI | ATTACCO: NO
[16:05:42][ATTACK] INSURED ATTACK | victim=0x9965507D1a55bc | swap=110.8700 USDC | loss_sandwich=2.0595 MEVI (3.05%)
[16:05:43][  SWAP] TRADER 0x14dC79964da2C08b23698B3D3cc7Ca32193d9955 | 113.99 USDC | prot: NESSUNA | stima: 81.1490 MEVI | ricevuti: 74.1229 MEVI | ATTACCO: NO
[16:05:43][  SWAP] TRADER 0xBcd4042DE499D14e55001CcbB24a551F3b954096 | 72.65 USDC | prot: NESSUNA | stima: 52.0790 MEVI | ricevuti: 50.6363 MEVI | ATTACCO: NO
[16:05:43][  SWAP] TRADER 0xa0Ee7A142d267C1f36714E4a8F75612F20a79720 | 118.30 USDC | prot: NESSUNA | stima: 84.1566 MEVI | ricevuti: 79.8911 MEVI | ATTACCO: NO
[16:05:45][  SWAP] TRADER 0x23618e81E3f5cdF7f54C3d65f7FBc0aBf5B21E8f | 94.07 USDC | prot: NESSUNA | stima: 65.3335 MEVI | ricevuti: 59.1661 MEVI | ATTACCO: NO
[16:05:49][  SWAP] TRADER 0x976EA74026E726554dB657fA54763abd0C3a0aa9 | 92.94 USDC | prot: HIGH | premio: 0.5111 MEVI | stima: 58.4658 MEVI | ricevuti: 53.1949 MEVI | ATTACCO: NO
[16:05:49][  SWAP] TRADER 0x3C44CdDdB6a900fa2b585dd299e03d12FA4293BC | 90.12 USDC | prot: HIGH | premio: 0.4956 MEVI | stima: 56.7170 MEVI | ricevuti: 50.1811 MEVI | ATTACCO: NO
[16:05:49][  SWAP] TRADER 0x15d34AAf54267DB7D7c367839AAf71A00a2C6A65 | 83.88 USDC | prot: HIGH | premio: 0.4613 MEVI | stima: 52.8418 MEVI | ricevuti: 45.5166 MEVI | ATTACCO: NO
[16:05:52][  SWAP] TRADER 0x71bE63f3384f5fb98995898A86B02Fb2426c5788 | 118.05 USDC | prot: NESSUNA | stima: 118.0971 MEVI | ricevuti: 118.0971 MEVI | ATTACCO: NO
[16:06:00][  SWAP] TRADER 0x9965507D1a55bcC2695C58ba16FB37d819B0A4dc | 110.87 USDC | prot: HIGH | premio: 0.6097 MEVI | stima: 69.5487 MEVI | ricevuti: 65.4619 MEVI | ATTACCO: SI | perdita: 2.0595 MEVI | rimborso: 2.0695 MEVI
[16:06:00][ATTACK] NAKED ATTACK | victim=0xa0Ee7A142d267C | swap=107.5500 USDC | loss_sandwich=3.7849 MEVI (3.76%)
[16:06:05][  SWAP] TRADER 0x90F79bf6EB2c4f870365E785982E1f101E93b906 | 56.60 USDC | prot: HIGH | premio: 0.3112 MEVI | stima: 54.6892 MEVI | ricevuti: 54.6892 MEVI | ATTACCO: NO
[16:06:07][  SWAP] TRADER 0x14dC79964da2C08b23698B3D3cc7Ca32193d9955 | 129.92 USDC | prot: NESSUNA | stima: 121.0697 MEVI | ricevuti: 109.7003 MEVI | ATTACCO: NO
[16:06:07][  SWAP] TRADER 0xBcd4042DE499D14e55001CcbB24a551F3b954096 | 54.22 USDC | prot: NESSUNA | stima: 51.2664 MEVI | ricevuti: 47.3655 MEVI | ATTACCO: NO
[16:06:07][  SWAP] TRADER 0xa0Ee7A142d267C1f36714E4a8F75612F20a79720 | 107.55 USDC | prot: NESSUNA | stima: 100.6528 MEVI | ricevuti: 96.8680 MEVI | ATTACCO: SI | perdita: 3.7849 MEVI | rimborso: NON ASSICURATO
[16:06:10][  SWAP] TRADER 0x23618e81E3f5cdF7f54C3d65f7FBc0aBf5B21E8f | 95.70 USDC | prot: NESSUNA | stima: 80.7259 MEVI | ricevuti: 80.7259 MEVI | ATTACCO: NO
[16:06:18][  SWAP] TRADER 0x976EA74026E726554dB657fA54763abd0C3a0aa9 | 71.45 USDC | prot: HIGH | premio: 0.3929 MEVI | stima: 58.4595 MEVI | ricevuti: 58.4595 MEVI | ATTACCO: NO
[16:06:18][  SWAP] TRADER 0x3C44CdDdB6a900fa2b585dd299e03d12FA4293BC | 80.38 USDC | prot: HIGH | premio: 0.4420 MEVI | stima: 65.6605 MEVI | ricevuti: 63.9967 MEVI | ATTACCO: NO
[16:06:18][  SWAP] TRADER 0x15d34AAf54267DB7D7c367839AAf71A00a2C6A65 | 97.06 USDC | prot: HIGH | premio: 0.5337 MEVI | stima: 79.0494 MEVI | ricevuti: 74.8885 MEVI | ATTACCO: NO
[16:06:18][  SWAP] TRADER 0x71bE63f3384f5fb98995898A86B02Fb2426c5788 | 123.61 USDC | prot: NESSUNA | stima: 100.1968 MEVI | ricevuti: 91.7850 MEVI | ATTACCO: NO
[16:06:28][ATTACK] NAKED ATTACK | victim=0x23618e81E3f5cd | swap=64.9500 USDC | loss_sandwich=1.8812 MEVI (3.53%)
[16:06:30][  SWAP] TRADER 0x9965507D1a55bcC2695C58ba16FB37d819B0A4dc | 123.61 USDC | prot: HIGH | premio: 0.6797 MEVI | stima: 120.6278 MEVI | ricevuti: 120.6278 MEVI | ATTACCO: NO
[16:06:32][  SWAP] TRADER 0xa0Ee7A142d267C1f36714E4a8F75612F20a79720 | 102.54 USDC | prot: NESSUNA | stima: 95.7360 MEVI | ricevuti: 88.6403 MEVI | ATTACCO: NO
[16:06:32][  SWAP] TRADER 0xBcd4042DE499D14e55001CcbB24a551F3b954096 | 56.80 USDC | prot: NESSUNA | stima: 53.4993 MEVI | ricevuti: 47.6744 MEVI | ATTACCO: NO
[16:06:32][  SWAP] TRADER 0x90F79bf6EB2c4f870365E785982E1f101E93b906 | 76.68 USDC | prot: HIGH | premio: 0.4217 MEVI | stima: 75.5218 MEVI | ricevuti: 71.9480 MEVI | ATTACCO: NO
[16:06:32][  SWAP] TRADER 0x14dC79964da2C08b23698B3D3cc7Ca32193d9955 | 126.44 USDC | prot: NESSUNA | stima: 117.5128 MEVI | ricevuti: 114.1133 MEVI | ATTACCO: NO
[16:06:36][  SWAP] TRADER 0x23618e81E3f5cdF7f54C3d65f7FBc0aBf5B21E8f | 64.95 USDC | prot: NESSUNA | stima: 53.3194 MEVI | ricevuti: 51.4382 MEVI | ATTACCO: SI | perdita: 1.8812 MEVI | rimborso: NON ASSICURATO
[16:06:39][ATTACK] INSURED ATTACK | victim=0x976EA74026E726 | swap=92.7500 USDC | loss_sandwich=4.3140 MEVI (6.07%)
[16:06:43][  SWAP] TRADER 0x71bE63f3384f5fb98995898A86B02Fb2426c5788 | 118.10 USDC | prot: NESSUNA | stima: 93.8652 MEVI | ricevuti: 93.8652 MEVI | ATTACCO: NO
[16:06:46][  SWAP] TRADER 0x15d34AAf54267DB7D7c367839AAf71A00a2C6A65 | 77.94 USDC | prot: HIGH | premio: 0.4286 MEVI | stima: 62.3883 MEVI | ricevuti: 54.4645 MEVI | ATTACCO: NO
[16:06:47][  SWAP] TRADER 0x3C44CdDdB6a900fa2b585dd299e03d12FA4293BC | 81.87 USDC | prot: HIGH | premio: 0.4502 MEVI | stima: 65.4884 MEVI | ricevuti: 60.6628 MEVI | ATTACCO: NO
[16:06:57][  SWAP] TRADER 0x976EA74026E726554dB657fA54763abd0C3a0aa9 | 92.75 USDC | prot: HIGH | premio: 0.5100 MEVI | stima: 74.0484 MEVI | ricevuti: 66.7050 MEVI | ATTACCO: SI | perdita: 4.3140 MEVI | rimborso: 4.3240 MEVI
[16:06:57][  SWAP] TRADER 0x14dC79964da2C08b23698B3D3cc7Ca32193d9955 | 132.54 USDC | prot: NESSUNA | stima: 129.1174 MEVI | ricevuti: 118.8904 MEVI | ATTACCO: NO
[16:06:57][  SWAP] TRADER 0xa0Ee7A142d267C1f36714E4a8F75612F20a79720 | 120.68 USDC | prot: NESSUNA | stima: 117.8359 MEVI | ricevuti: 117.8359 MEVI | ATTACCO: NO
[16:06:57][  SWAP] TRADER 0xBcd4042DE499D14e55001CcbB24a551F3b954096 | 92.69 USDC | prot: NESSUNA | stima: 91.0030 MEVI | ricevuti: 86.8014 MEVI | ATTACCO: NO
[16:06:59][  SWAP] TRADER 0x9965507D1a55bcC2695C58ba16FB37d819B0A4dc | 136.70 USDC | prot: HIGH | premio: 0.7517 MEVI | stima: 133.0621 MEVI | ricevuti: 116.6003 MEVI | ATTACCO: NO
[16:07:00][  SWAP] TRADER 0x90F79bf6EB2c4f870365E785982E1f101E93b906 | 77.37 USDC | prot: HIGH | premio: 0.4255 MEVI | stima: 76.1910 MEVI | ricevuti: 63.4530 MEVI | ATTACCO: NO
[16:07:01][  SWAP] TRADER 0x23618e81E3f5cdF7f54C3d65f7FBc0aBf5B21E8f | 64.33 USDC | prot: NESSUNA | stima: 52.8826 MEVI | ricevuti: 51.4294 MEVI | ATTACCO: NO
[16:07:09][  SWAP] TRADER 0x71bE63f3384f5fb98995898A86B02Fb2426c5788 | 137.45 USDC | prot: NESSUNA | stima: 106.0377 MEVI | ricevuti: 106.0377 MEVI | ATTACCO: NO
[16:07:09][  POOL] POOL UPDATE | mevi=138.7623 MEVI | eth=2.138000 ETH
[16:07:15][  SWAP] TRADER 0x15d34AAf54267DB7D7c367839AAf71A00a2C6A65 | 75.41 USDC | prot: HIGH | premio: 0.4147 MEVI | stima: 56.0546 MEVI | ricevuti: 54.7626 MEVI | ATTACCO: NO
[16:07:15][ATTACK] NAKED ATTACK | victim=0x14dC79964da2C0 | swap=102.8300 USDC | loss_sandwich=3.8743 MEVI (3.85%)
[16:07:15][  SWAP] TRADER 0x3C44CdDdB6a900fa2b585dd299e03d12FA4293BC | 68.01 USDC | prot: HIGH | premio: 0.3740 MEVI | stima: 50.6181 MEVI | ricevuti: 50.6181 MEVI | ATTACCO: NO
[16:07:21][ATTACK] INSURED ATTACK | victim=0x90F79bf6EB2c4f | swap=89.9200 USDC | loss_sandwich=2.5790 MEVI (3.52%)
[16:07:22][  SWAP] TRADER 0xa0Ee7A142d267C1f36714E4a8F75612F20a79720 | 115.14 USDC | prot: NESSUNA | stima: 80.9680 MEVI | ricevuti: 104.0353 MEVI | ATTACCO: NO
[16:07:22][  SWAP] TRADER 0x14dC79964da2C08b23698B3D3cc7Ca32193d9955 | 102.83 USDC | prot: NESSUNA | stima: 72.4596 MEVI | ricevuti: 96.8835 MEVI | ATTACCO: SI | perdita: 3.8743 MEVI | rimborso: NON ASSICURATO
[16:07:25][  SWAP] TRADER 0x976EA74026E726554dB657fA54763abd0C3a0aa9 | 61.48 USDC | prot: HIGH | premio: 0.3381 MEVI | stima: 43.6224 MEVI | ricevuti: 55.9549 MEVI | ATTACCO: NO
[16:07:27][  SWAP] TRADER 0x23618e81E3f5cdF7f54C3d65f7FBc0aBf5B21E8f | 83.37 USDC | prot: NESSUNA | stima: 75.5639 MEVI | ricevuti: 73.8253 MEVI | ATTACCO: NO
[16:07:27][  SWAP] TRADER 0x9965507D1a55bcC2695C58ba16FB37d819B0A4dc | 136.66 USDC | prot: HIGH | premio: 0.7515 MEVI | stima: 133.0242 MEVI | ricevuti: 116.1660 MEVI | ATTACCO: NO
[16:07:33][  SWAP] TRADER 0x71bE63f3384f5fb98995898A86B02Fb2426c5788 | 123.30 USDC | prot: NESSUNA | stima: 96.8724 MEVI | ricevuti: 96.8724 MEVI | ATTACCO: NO
[16:07:38][  SWAP] TRADER 0x90F79bf6EB2c4f870365E785982E1f101E93b906 | 89.92 USDC | prot: HIGH | premio: 0.4945 MEVI | stima: 81.3999 MEVI | ricevuti: 70.7536 MEVI | ATTACCO: SI | perdita: 2.5790 MEVI | rimborso: 2.5890 MEVI
[16:07:39][  SWAP] TRADER 0xBcd4042DE499D14e55001CcbB24a551F3b954096 | 83.79 USDC | prot: NESSUNA | stima: 63.4749 MEVI | ricevuti: 63.4749 MEVI | ATTACCO: NO
[16:07:42][  SWAP] TRADER 0x3C44CdDdB6a900fa2b585dd299e03d12FA4293BC | 93.56 USDC | prot: HIGH | premio: 0.5145 MEVI | stima: 68.7385 MEVI | ricevuti: 66.4602 MEVI | ATTACCO: NO
[16:07:42][  SWAP] TRADER 0x15d34AAf54267DB7D7c367839AAf71A00a2C6A65 | 99.14 USDC | prot: HIGH | premio: 0.5452 MEVI | stima: 74.9046 MEVI | ricevuti: 72.7691 MEVI | ATTACCO: NO
[16:07:47][  SWAP] TRADER 0x14dC79964da2C08b23698B3D3cc7Ca32193d9955 | 100.23 USDC | prot: NESSUNA | stima: 68.9288 MEVI | ricevuti: 68.9288 MEVI | ATTACCO: NO
[16:07:49][  SWAP] TRADER 0xa0Ee7A142d267C1f36714E4a8F75612F20a79720 | 148.35 USDC | prot: NESSUNA | stima: 101.2201 MEVI | ricevuti: 97.9492 MEVI | ATTACCO: NO
[16:07:52][ATTACK] NAKED ATTACK | victim=0x71bE63f3384f5f | swap=108.1300 USDC | loss_sandwich=3.6512 MEVI (3.71%)
[16:07:52][  SWAP] TRADER 0x23618e81E3f5cdF7f54C3d65f7FBc0aBf5B21E8f | 58.38 USDC | prot: NESSUNA | stima: 37.2782 MEVI | ricevuti: 37.2782 MEVI | ATTACCO: NO
[16:07:53][  SWAP] TRADER 0x976EA74026E726554dB657fA54763abd0C3a0aa9 | 70.44 USDC | prot: HIGH | premio: 0.3873 MEVI | stima: 47.0977 MEVI | ricevuti: 69.4614 MEVI | ATTACCO: NO
[16:07:55][  SWAP] TRADER 0x9965507D1a55bcC2695C58ba16FB37d819B0A4dc | 116.65 USDC | prot: HIGH | premio: 0.6415 MEVI | stima: 73.8021 MEVI | ricevuti: 110.8805 MEVI | ATTACCO: NO
[16:07:59][  SWAP] TRADER 0x71bE63f3384f5fb98995898A86B02Fb2426c5788 | 108.13 USDC | prot: NESSUNA | stima: 98.4189 MEVI | ricevuti: 94.7677 MEVI | ATTACCO: SI | perdita: 3.6512 MEVI | rimborso: NON ASSICURATO
[16:08:04][  SWAP] TRADER 0xBcd4042DE499D14e55001CcbB24a551F3b954096 | 71.33 USDC | prot: NESSUNA | stima: 62.8252 MEVI | ricevuti: 62.8252 MEVI | ATTACCO: NO
[16:08:04][ATTACK] INSURED ATTACK | victim=0x15d34AAf54267D | swap=56.0100 USDC | loss_sandwich=2.9151 MEVI (6.27%)
[16:08:07][  SWAP] TRADER 0x90F79bf6EB2c4f870365E785982E1f101E93b906 | 95.21 USDC | prot: HIGH | premio: 0.5236 MEVI | stima: 83.4862 MEVI | ricevuti: 81.2995 MEVI | ATTACCO: NO
[16:08:11][  SWAP] TRADER 0x3C44CdDdB6a900fa2b585dd299e03d12FA4293BC | 80.45 USDC | prot: HIGH | premio: 0.4424 MEVI | stima: 68.8822 MEVI | ricevuti: 64.1624 MEVI | ATTACCO: NO
[16:08:13][  SWAP] TRADER 0x14dC79964da2C08b23698B3D3cc7Ca32193d9955 | 145.99 USDC | prot: NESSUNA | stima: 119.2955 MEVI | ricevuti: 113.7759 MEVI | ATTACCO: NO
[16:08:14][  SWAP] TRADER 0xa0Ee7A142d267C1f36714E4a8F75612F20a79720 | 147.94 USDC | prot: NESSUNA | stima: 115.2565 MEVI | ricevuti: 109.5373 MEVI | ATTACCO: NO
[16:08:17][  SWAP] TRADER 0x23618e81E3f5cdF7f54C3d65f7FBc0aBf5B21E8f | 64.44 USDC | prot: NESSUNA | stima: 46.0093 MEVI | ricevuti: 46.0093 MEVI | ATTACCO: NO
[16:08:20][  SWAP] TRADER 0x976EA74026E726554dB657fA54763abd0C3a0aa9 | 84.65 USDC | prot: HIGH | premio: 0.4655 MEVI | stima: 60.2344 MEVI | ricevuti: 58.9457 MEVI | ATTACCO: NO
[16:08:22][  SWAP] TRADER 0x15d34AAf54267DB7D7c367839AAf71A00a2C6A65 | 56.01 USDC | prot: HIGH | premio: 0.3080 MEVI | stima: 48.1727 MEVI | ricevuti: 43.6001 MEVI | ATTACCO: SI | perdita: 2.9151 MEVI | rimborso: 2.9251 MEVI
[16:08:22][  SWAP] TRADER 0x9965507D1a55bcC2695C58ba16FB37d819B0A4dc | 100.98 USDC | prot: HIGH | premio: 0.5553 MEVI | stima: 70.1273 MEVI | ricevuti: 68.1895 MEVI | ATTACCO: NO
[16:08:25][  SWAP] TRADER 0x71bE63f3384f5fb98995898A86B02Fb2426c5788 | 140.30 USDC | prot: NESSUNA | stima: 136.4706 MEVI | ricevuti: 136.4706 MEVI | ATTACCO: NO
[16:08:27][  SWAP] TRADER 0xBcd4042DE499D14e55001CcbB24a551F3b954096 | 81.57 USDC | prot: NESSUNA | stima: 75.9724 MEVI | ricevuti: 75.9724 MEVI | ATTACCO: NO
[16:08:31][ATTACK] NAKED ATTACK | victim=0xa0Ee7A142d267C | swap=110.0000 USDC | loss_sandwich=3.4096 MEVI (3.61%)
[16:08:35][  SWAP] TRADER 0x90F79bf6EB2c4f870365E785982E1f101E93b906 | 57.49 USDC | prot: HIGH | premio: 0.3161 MEVI | stima: 52.1345 MEVI | ricevuti: 52.1345 MEVI | ATTACCO: NO
[16:08:35][  SWAP] TRADER 0x3C44CdDdB6a900fa2b585dd299e03d12FA4293BC | 59.94 USDC | prot: HIGH | premio: 0.3296 MEVI | stima: 53.1608 MEVI | ricevuti: 53.1608 MEVI | ATTACCO: NO
[16:08:39][  SWAP] TRADER 0xa0Ee7A142d267C1f36714E4a8F75612F20a79720 | 110.00 USDC | prot: NESSUNA | stima: 94.5165 MEVI | ricevuti: 91.1069 MEVI | ATTACCO: SI | perdita: 3.4096 MEVI | rimborso: NON ASSICURATO
[16:08:40][  SWAP] TRADER 0x14dC79964da2C08b23698B3D3cc7Ca32193d9955 | 112.30 USDC | prot: NESSUNA | stima: 96.4520 MEVI | ricevuti: 92.7378 MEVI | ATTACCO: NO
[16:08:42][  SWAP] TRADER 0x23618e81E3f5cdF7f54C3d65f7FBc0aBf5B21E8f | 57.69 USDC | prot: NESSUNA | stima: 46.1987 MEVI | ricevuti: 46.1987 MEVI | ATTACCO: NO
[16:08:51][  SWAP] TRADER 0x976EA74026E726554dB657fA54763abd0C3a0aa9 | 71.85 USDC | prot: HIGH | premio: 0.3951 MEVI | stima: 56.2278 MEVI | ricevuti: 56.2278 MEVI | ATTACCO: NO
[16:08:51][  SWAP] TRADER 0x9965507D1a55bcC2695C58ba16FB37d819B0A4dc | 129.55 USDC | prot: HIGH | premio: 0.7124 MEVI | stima: 100.3641 MEVI | ricevuti: 97.8724 MEVI | ATTACCO: NO
[16:08:52][  SWAP] TRADER 0x71bE63f3384f5fb98995898A86B02Fb2426c5788 | 130.59 USDC | prot: NESSUNA | stima: 101.1515 MEVI | ricevuti: 89.9751 MEVI | ATTACCO: NO
[16:08:52][  SWAP] TRADER 0xBcd4042DE499D14e55001CcbB24a551F3b954096 | 74.40 USDC | prot: NESSUNA | stima: 58.1972 MEVI | ricevuti: 54.2621 MEVI | ATTACCO: NO
[16:08:52][  SWAP] TRADER 0x15d34AAf54267DB7D7c367839AAf71A00a2C6A65 | 66.70 USDC | prot: HIGH | premio: 0.3668 MEVI | stima: 52.2448 MEVI | ricevuti: 47.4944 MEVI | ATTACCO: NO
[16:08:55][ATTACK] INSURED ATTACK | victim=0x90F79bf6EB2c4f | swap=55.2200 USDC | loss_sandwich=2.1096 MEVI (3.86%)
[16:09:03][  SWAP] TRADER 0x3C44CdDdB6a900fa2b585dd299e03d12FA4293BC | 71.86 USDC | prot: HIGH | premio: 0.3952 MEVI | stima: 70.8419 MEVI | ricevuti: 66.6685 MEVI | ATTACCO: NO
[16:09:04][  SWAP] TRADER 0xa0Ee7A142d267C1f36714E4a8F75612F20a79720 | 106.44 USDC | prot: NESSUNA | stima: 104.2213 MEVI | ricevuti: 99.3221 MEVI | ATTACCO: NO
[16:09:06][  SWAP] TRADER 0x14dC79964da2C08b23698B3D3cc7Ca32193d9955 | 105.64 USDC | prot: NESSUNA | stima: 98.5907 MEVI | ricevuti: 94.6571 MEVI | ATTACCO: NO
[16:09:07][  SWAP] TRADER 0x23618e81E3f5cdF7f54C3d65f7FBc0aBf5B21E8f | 55.57 USDC | prot: NESSUNA | stima: 50.2644 MEVI | ricevuti: 48.3036 MEVI | ATTACCO: NO
[16:09:09][  POOL] POOL UPDATE | mevi=143.4108 MEVI | eth=2.102000 ETH
[16:09:09][ATTACK] NAKED ATTACK | victim=0xBcd4042DE499D1 | swap=86.5100 USDC | loss_sandwich=2.6234 MEVI (3.58%)
[16:09:13][  SWAP] TRADER 0x90F79bf6EB2c4f870365E785982E1f101E93b906 | 55.22 USDC | prot: HIGH | premio: 0.3037 MEVI | stima: 54.6168 MEVI | ricevuti: 52.5072 MEVI | ATTACCO: SI | perdita: 2.1096 MEVI | rimborso: 2.1196 MEVI
[16:09:17][  SWAP] TRADER 0x15d34AAf54267DB7D7c367839AAf71A00a2C6A65 | 50.33 USDC | prot: HIGH | premio: 0.2768 MEVI | stima: 42.8973 MEVI | ricevuti: 39.9824 MEVI | ATTACCO: NO
[16:09:17][  SWAP] TRADER 0x976EA74026E726554dB657fA54763abd0C3a0aa9 | 98.85 USDC | prot: HIGH | premio: 0.5436 MEVI | stima: 83.5073 MEVI | ricevuti: 76.4839 MEVI | ATTACCO: NO
[16:09:17][  SWAP] TRADER 0x71bE63f3384f5fb98995898A86B02Fb2426c5788 | 113.74 USDC | prot: NESSUNA | stima: 95.8263 MEVI | ricevuti: 89.5863 MEVI | ATTACCO: NO
[16:09:17][  SWAP] TRADER 0xBcd4042DE499D14e55001CcbB24a551F3b954096 | 86.51 USDC | prot: NESSUNA | stima: 73.2473 MEVI | ricevuti: 70.6239 MEVI | ATTACCO: SI | perdita: 2.6234 MEVI | rimborso: NON ASSICURATO
[16:09:17][  SWAP] TRADER 0x9965507D1a55bcC2695C58ba16FB37d819B0A4dc | 101.14 USDC | prot: HIGH | premio: 0.5562 MEVI | stima: 85.4062 MEVI | ricevuti: 75.5736 MEVI | ATTACCO: NO
[16:09:29][  SWAP] TRADER 0xa0Ee7A142d267C1f36714E4a8F75612F20a79720 | 122.36 USDC | prot: NESSUNA | stima: 119.4371 MEVI | ricevuti: 119.4371 MEVI | ATTACCO: NO
[16:09:31][  SWAP] TRADER 0x14dC79964da2C08b23698B3D3cc7Ca32193d9955 | 140.97 USDC | prot: NESSUNA | stima: 137.1045 MEVI | ricevuti: 130.7182 MEVI | ATTACCO: NO
[16:09:31][  SWAP] TRADER 0x3C44CdDdB6a900fa2b585dd299e03d12FA4293BC | 97.50 USDC | prot: HIGH | premio: 0.5362 MEVI | stima: 95.6351 MEVI | ricevuti: 86.3877 MEVI | ATTACCO: NO
[16:09:32][  SWAP] TRADER 0x23618e81E3f5cdF7f54C3d65f7FBc0aBf5B21E8f | 92.76 USDC | prot: NESSUNA | stima: 86.8093 MEVI | ricevuti: 79.3206 MEVI | ATTACCO: NO
[16:09:36][  SWAP] TRADER 0x90F79bf6EB2c4f870365E785982E1f101E93b906 | 63.55 USDC | prot: HIGH | premio: 0.3495 MEVI | stima: 52.8031 MEVI | ricevuti: 52.8031 MEVI | ATTACCO: NO
[16:09:43][  SWAP] TRADER 0x71bE63f3384f5fb98995898A86B02Fb2426c5788 | 130.90 USDC | prot: NESSUNA | stima: 105.0190 MEVI | ricevuti: 105.0190 MEVI | ATTACCO: NO
[16:09:43][  SWAP] TRADER 0xBcd4042DE499D14e55001CcbB24a551F3b954096 | 51.94 USDC | prot: NESSUNA | stima: 42.2615 MEVI | ricevuti: 40.3340 MEVI | ATTACCO: NO
[16:09:46][  SWAP] TRADER 0x976EA74026E726554dB657fA54763abd0C3a0aa9 | 70.11 USDC | prot: HIGH | premio: 0.3855 MEVI | stima: 56.8601 MEVI | ricevuti: 51.0408 MEVI | ATTACCO: NO
[16:09:46][  SWAP] TRADER 0x15d34AAf54267DB7D7c367839AAf71A00a2C6A65 | 72.12 USDC | prot: HIGH | premio: 0.3966 MEVI | stima: 58.4692 MEVI | ricevuti: 51.2527 MEVI | ATTACCO: NO
[16:09:46][  SWAP] TRADER 0x9965507D1a55bcC2695C58ba16FB37d819B0A4dc | 125.12 USDC | prot: HIGH | premio: 0.6880 MEVI | stima: 100.4846 MEVI | ricevuti: 94.2085 MEVI | ATTACCO: NO
[16:09:49][ATTACK] NAKED ATTACK | victim=0x14dC79964da2C0 | swap=119.0700 USDC | loss_sandwich=4.1728 MEVI (3.76%)
[16:09:55][  SWAP] TRADER 0xa0Ee7A142d267C1f36714E4a8F75612F20a79720 | 116.59 USDC | prot: NESSUNA | stima: 80.2856 MEVI | ricevuti: 113.9333 MEVI | ATTACCO: NO
[16:09:56][  SWAP] TRADER 0x14dC79964da2C08b23698B3D3cc7Ca32193d9955 | 119.07 USDC | prot: NESSUNA | stima: 81.9600 MEVI | ricevuti: 106.9467 MEVI | ATTACCO: SI | perdita: 4.1728 MEVI | rimborso: NON ASSICURATO
[16:09:58][  SWAP] TRADER 0x23618e81E3f5cdF7f54C3d65f7FBc0aBf5B21E8f | 52.01 USDC | prot: NESSUNA | stima: 49.1670 MEVI | ricevuti: 47.0302 MEVI | ATTACCO: NO
[16:09:59][  SWAP] TRADER 0x3C44CdDdB6a900fa2b585dd299e03d12FA4293BC | 75.09 USDC | prot: HIGH | premio: 0.4129 MEVI | stima: 52.0632 MEVI | ricevuti: 66.2900 MEVI | ATTACCO: NO
[16:10:04][  SWAP] TRADER 0x90F79bf6EB2c4f870365E785982E1f101E93b906 | 96.42 USDC | prot: HIGH | premio: 0.5302 MEVI | stima: 84.7828 MEVI | ricevuti: 82.4443 MEVI | ATTACCO: NO
[16:10:07][ATTACK] INSURED ATTACK | victim=0x15d34AAf54267D | swap=57.7400 USDC | loss_sandwich=1.5261 MEVI (3.42%)
[16:10:08][  SWAP] TRADER 0x71bE63f3384f5fb98995898A86B02Fb2426c5788 | 116.65 USDC | prot: NESSUNA | stima: 95.9282 MEVI | ricevuti: 95.9282 MEVI | ATTACCO: NO
[16:10:08][  SWAP] TRADER 0xBcd4042DE499D14e55001CcbB24a551F3b954096 | 89.83 USDC | prot: NESSUNA | stima: 74.2298 MEVI | ricevuti: 71.1786 MEVI | ATTACCO: NO
[16:10:14][  SWAP] TRADER 0x976EA74026E726554dB657fA54763abd0C3a0aa9 | 83.00 USDC | prot: HIGH | premio: 0.4564 MEVI | stima: 63.7883 MEVI | ricevuti: 60.4010 MEVI | ATTACCO: NO
[16:10:14][  SWAP] TRADER 0x9965507D1a55bcC2695C58ba16FB37d819B0A4dc | 103.45 USDC | prot: HIGH | premio: 0.5689 MEVI | stima: 79.2228 MEVI | ricevuti: 72.9459 MEVI | ATTACCO: NO
[16:10:16][ATTACK] NAKED ATTACK | victim=0x23618e81E3f5cd | swap=76.6800 USDC | loss_sandwich=1.5755 MEVI (3.15%)
[16:10:19][  SWAP] TRADER 0xa0Ee7A142d267C1f36714E4a8F75612F20a79720 | 121.11 USDC | prot: NESSUNA | stima: 85.2643 MEVI | ricevuti: 85.2643 MEVI | ATTACCO: NO
[16:10:22][  SWAP] TRADER 0x14dC79964da2C08b23698B3D3cc7Ca32193d9955 | 135.41 USDC | prot: NESSUNA | stima: 91.3589 MEVI | ricevuti: 91.3589 MEVI | ATTACCO: NO
[16:10:23][  SWAP] TRADER 0x23618e81E3f5cdF7f54C3d65f7FBc0aBf5B21E8f | 76.68 USDC | prot: NESSUNA | stima: 52.2331 MEVI | ricevuti: 48.3986 MEVI | ATTACCO: SI | perdita: 1.5755 MEVI | rimborso: NON ASSICURATO
[16:10:24][  SWAP] TRADER 0x15d34AAf54267DB7D7c367839AAf71A00a2C6A65 | 57.74 USDC | prot: HIGH | premio: 0.3175 MEVI | stima: 44.5711 MEVI | ricevuti: 43.0450 MEVI | ATTACCO: SI | perdita: 1.5261 MEVI | rimborso: 1.5361 MEVI
[16:10:26][  SWAP] TRADER 0x3C44CdDdB6a900fa2b585dd299e03d12FA4293BC | 66.58 USDC | prot: HIGH | premio: 0.3661 MEVI | stima: 43.4621 MEVI | ricevuti: 65.7051 MEVI | ATTACCO: NO
[16:10:29][  SWAP] TRADER 0x90F79bf6EB2c4f870365E785982E1f101E93b906 | 71.42 USDC | prot: HIGH | premio: 0.3844 MEVI | stima: 68.5884 MEVI | ricevuti: 68.5884 MEVI | ATTACCO: NO
[16:10:32][  SWAP] TRADER 0x71bE63f3384f5fb98995898A86B02Fb2426c5788 | 143.39 USDC | prot: NESSUNA | stima: 132.1042 MEVI | ricevuti: 132.1042 MEVI | ATTACCO: NO
[16:10:32][  SWAP] TRADER 0xBcd4042DE499D14e55001CcbB24a551F3b954096 | 95.74 USDC | prot: NESSUNA | stima: 89.0076 MEVI | ricevuti: 84.2820 MEVI | ATTACCO: NO
[16:10:43][  SWAP] TRADER 0x976EA74026E726554dB657fA54763abd0C3a0aa9 | 81.10 USDC | prot: HIGH | premio: 0.4365 MEVI | stima: 69.0810 MEVI | ricevuti: 69.0810 MEVI | ATTACCO: NO
[16:10:44][  SWAP] TRADER 0xa0Ee7A142d267C1f36714E4a8F75612F20a79720 | 101.31 USDC | prot: NESSUNA | stima: 85.9775 MEVI | ricevuti: 83.4645 MEVI | ATTACCO: NO
[16:10:44][  SWAP] TRADER 0x9965507D1a55bcC2695C58ba16FB37d819B0A4dc | 120.43 USDC | prot: HIGH | premio: 0.6482 MEVI | stima: 101.8484 MEVI | ricevuti: 95.3432 MEVI | ATTACCO: NO
[16:10:47][  SWAP] TRADER 0x14dC79964da2C08b23698B3D3cc7Ca32193d9955 | 145.89 USDC | prot: NESSUNA | stima: 110.2198 MEVI | ricevuti: 110.2198 MEVI | ATTACCO: NO
[16:10:49][  SWAP] TRADER 0x23618e81E3f5cdF7f54C3d65f7FBc0aBf5B21E8f | 65.98 USDC | prot: NESSUNA | stima: 50.5411 MEVI | ricevuti: 48.0553 MEVI | ATTACCO: NO
[16:10:53][  SWAP] TRADER 0x15d34AAf54267DB7D7c367839AAf71A00a2C6A65 | 85.97 USDC | prot: HIGH | premio: 0.4627 MEVI | stima: 62.4029 MEVI | ricevuti: 61.0230 MEVI | ATTACCO: NO
[16:10:53][  SWAP] TRADER 0x3C44CdDdB6a900fa2b585dd299e03d12FA4293BC | 92.16 USDC | prot: HIGH | premio: 0.4960 MEVI | stima: 66.8261 MEVI | ricevuti: 63.4971 MEVI | ATTACCO: NO
[16:10:58][  SWAP] TRADER 0x71bE63f3384f5fb98995898A86B02Fb2426c5788 | 116.76 USDC | prot: NESSUNA | stima: 77.7296 MEVI | ricevuti: 114.0956 MEVI | ATTACCO: NO
[16:10:58][  SWAP] TRADER 0xBcd4042DE499D14e55001CcbB24a551F3b954096 | 66.95 USDC | prot: NESSUNA | stima: 44.9318 MEVI | ricevuti: 63.1037 MEVI | ATTACCO: NO
[16:10:58][  SWAP] TRADER 0x90F79bf6EB2c4f870365E785982E1f101E93b906 | 67.96 USDC | prot: HIGH | premio: 0.3658 MEVI | stima: 48.3850 MEVI | ricevuti: 62.4102 MEVI | ATTACCO: NO
[16:11:04][ATTACK] INSURED ATTACK | victim=0x976EA74026E726 | swap=67.5000 USDC | loss_sandwich=2.2227 MEVI (3.68%)
[16:11:07][ATTACK] NAKED ATTACK | victim=0x23618e81E3f5cd | swap=79.6100 USDC | loss_sandwich=2.1169 MEVI (3.43%)
[16:11:09][  POOL] POOL UPDATE | mevi=148.4834 MEVI | eth=2.066000 ETH
[16:11:11][  SWAP] TRADER 0xa0Ee7A142d267C1f36714E4a8F75612F20a79720 | 119.50 USDC | prot: NESSUNA | stima: 105.9111 MEVI | ricevuti: 99.5336 MEVI | ATTACCO: NO
[16:11:13][  SWAP] TRADER 0x9965507D1a55bcC2695C58ba16FB37d819B0A4dc | 104.74 USDC | prot: HIGH | premio: 0.5637 MEVI | stima: 93.0854 MEVI | ricevuti: 87.0425 MEVI | ATTACCO: NO
[16:11:13][  SWAP] TRADER 0x14dC79964da2C08b23698B3D3cc7Ca32193d9955 | 102.23 USDC | prot: NESSUNA | stima: 90.8972 MEVI | ricevuti: 81.8387 MEVI | ATTACCO: NO
[16:11:14][  SWAP] TRADER 0x23618e81E3f5cdF7f54C3d65f7FBc0aBf5B21E8f | 79.61 USDC | prot: NESSUNA | stima: 66.4602 MEVI | ricevuti: 59.5874 MEVI | ATTACCO: SI | perdita: 2.1169 MEVI | rimborso: NON ASSICURATO
[16:11:20][  SWAP] TRADER 0x15d34AAf54267DB7D7c367839AAf71A00a2C6A65 | 97.46 USDC | prot: HIGH | premio: 0.5245 MEVI | stima: 73.2847 MEVI | ricevuti: 73.2847 MEVI | ATTACCO: NO
[16:11:20][  SWAP] TRADER 0x3C44CdDdB6a900fa2b585dd299e03d12FA4293BC | 63.28 USDC | prot: HIGH | premio: 0.3406 MEVI | stima: 47.8645 MEVI | ricevuti: 46.2820 MEVI | ATTACCO: NO
[16:11:21][  SWAP] TRADER 0x976EA74026E726554dB657fA54763abd0C3a0aa9 | 67.50 USDC | prot: HIGH | premio: 0.3633 MEVI | stima: 60.4091 MEVI | ricevuti: 58.1864 MEVI | ATTACCO: SI | perdita: 2.2227 MEVI | rimborso: 2.2327 MEVI
[16:11:23][  SWAP] TRADER 0x71bE63f3384f5fb98995898A86B02Fb2426c5788 | 111.90 USDC | prot: NESSUNA | stima: 79.4485 MEVI | ricevuti: 79.4485 MEVI | ATTACCO: NO
[16:11:23][  SWAP] TRADER 0xBcd4042DE499D14e55001CcbB24a551F3b954096 | 73.28 USDC | prot: NESSUNA | stima: 52.3661 MEVI | ricevuti: 50.4395 MEVI | ATTACCO: NO
[16:11:25][  SWAP] TRADER 0x90F79bf6EB2c4f870365E785982E1f101E93b906 | 70.05 USDC | prot: HIGH | premio: 0.3770 MEVI | stima: 50.0851 MEVI | ricevuti: 47.0895 MEVI | ATTACCO: NO
[16:11:36][  SWAP] TRADER 0xa0Ee7A142d267C1f36714E4a8F75612F20a79720 | 101.13 USDC | prot: NESSUNA | stima: 99.1251 MEVI | ricevuti: 99.1251 MEVI | ATTACCO: NO
[16:11:38][  SWAP] TRADER 0x14dC79964da2C08b23698B3D3cc7Ca32193d9955 | 136.02 USDC | prot: NESSUNA | stima: 132.4177 MEVI | ricevuti: 127.2862 MEVI | ATTACCO: NO
[16:11:38][  SWAP] TRADER 0x23618e81E3f5cdF7f54C3d65f7FBc0aBf5B21E8f | 56.54 USDC | prot: NESSUNA | stima: 50.9850 MEVI | ricevuti: 50.9850 MEVI | ATTACCO: NO
[16:11:38][  SWAP] TRADER 0x9965507D1a55bcC2695C58ba16FB37d819B0A4dc | 112.15 USDC | prot: HIGH | premio: 0.6036 MEVI | stima: 109.6897 MEVI | ricevuti: 97.9755 MEVI | ATTACCO: NO
[16:11:42][ATTACK] INSURED ATTACK | victim=0x976EA74026E726 | swap=72.1100 USDC | loss_sandwich=1.7948 MEVI (3.36%)
[16:11:48][  SWAP] TRADER 0x3C44CdDdB6a900fa2b585dd299e03d12FA4293BC | 74.43 USDC | prot: HIGH | premio: 0.4006 MEVI | stima: 62.8091 MEVI | ricevuti: 58.3718 MEVI | ATTACCO: NO
[16:11:48][  SWAP] TRADER 0x15d34AAf54267DB7D7c367839AAf71A00a2C6A65 | 87.65 USDC | prot: HIGH | premio: 0.4717 MEVI | stima: 73.7871 MEVI | ricevuti: 66.8090 MEVI | ATTACCO: NO
[16:11:48][  SWAP] TRADER 0xBcd4042DE499D14e55001CcbB24a551F3b954096 | 96.85 USDC | prot: NESSUNA | stima: 81.3957 MEVI | ricevuti: 81.3957 MEVI | ATTACCO: NO
[16:11:48][  SWAP] TRADER 0x71bE63f3384f5fb98995898A86B02Fb2426c5788 | 106.24 USDC | prot: NESSUNA | stima: 89.1352 MEVI | ricevuti: 86.0544 MEVI | ATTACCO: NO
[16:11:54][  SWAP] TRADER 0x90F79bf6EB2c4f870365E785982E1f101E93b906 | 54.49 USDC | prot: HIGH | premio: 0.2933 MEVI | stima: 40.5202 MEVI | ricevuti: 39.5503 MEVI | ATTACCO: NO
[16:11:54][ATTACK] NAKED ATTACK | victim=0xa0Ee7A142d267C | swap=103.8600 USDC | loss_sandwich=3.9119 MEVI (3.84%)
[16:12:00][  SWAP] TRADER 0x976EA74026E726554dB657fA54763abd0C3a0aa9 | 72.11 USDC | prot: HIGH | premio: 0.3881 MEVI | stima: 60.8771 MEVI | ricevuti: 51.6664 MEVI | ATTACCO: SI | perdita: 1.7948 MEVI | rimborso: 1.8048 MEVI
[16:12:02][  SWAP] TRADER 0xa0Ee7A142d267C1f36714E4a8F75612F20a79720 | 103.86 USDC | prot: NESSUNA | stima: 101.7465 MEVI | ricevuti: 97.8346 MEVI | ATTACCO: SI | perdita: 3.9119 MEVI | rimborso: NON ASSICURATO
[16:12:03][  SWAP] TRADER 0x23618e81E3f5cdF7f54C3d65f7FBc0aBf5B21E8f | 78.58 USDC | prot: NESSUNA | stima: 77.3641 MEVI | ricevuti: 74.3592 MEVI | ATTACCO: NO
[16:12:04][  SWAP] TRADER 0x9965507D1a55bcC2695C58ba16FB37d819B0A4dc | 140.51 USDC | prot: HIGH | premio: 0.7562 MEVI | stima: 136.6693 MEVI | ricevuti: 120.6937 MEVI | ATTACCO: NO
[16:12:04][  SWAP] TRADER 0x14dC79964da2C08b23698B3D3cc7Ca32193d9955 | 145.69 USDC | prot: NESSUNA | stima: 136.1010 MEVI | ricevuti: 132.0582 MEVI | ATTACCO: NO
[16:12:13][  SWAP] TRADER 0xBcd4042DE499D14e55001CcbB24a551F3b954096 | 80.34 USDC | prot: NESSUNA | stima: 66.2614 MEVI | ricevuti: 63.7781 MEVI | ATTACCO: NO
[16:12:13][  SWAP] TRADER 0x71bE63f3384f5fb98995898A86B02Fb2426c5788 | 106.16 USDC | prot: NESSUNA | stima: 87.1511 MEVI | ricevuti: 87.1511 MEVI | ATTACCO: NO
[16:12:16][  SWAP] TRADER 0x3C44CdDdB6a900fa2b585dd299e03d12FA4293BC | 58.67 USDC | prot: HIGH | premio: 0.3158 MEVI | stima: 48.5786 MEVI | ricevuti: 44.1556 MEVI | ATTACCO: NO
[16:12:16][  SWAP] TRADER 0x15d34AAf54267DB7D7c367839AAf71A00a2C6A65 | 82.14 USDC | prot: HIGH | premio: 0.4421 MEVI | stima: 67.7240 MEVI | ricevuti: 63.3594 MEVI | ATTACCO: NO
[16:12:21][  SWAP] TRADER 0x90F79bf6EB2c4f870365E785982E1f101E93b906 | 59.90 USDC | prot: HIGH | premio: 0.3224 MEVI | stima: 44.1680 MEVI | ricevuti: 44.1680 MEVI | ATTACCO: NO
[16:12:21][ATTACK] NAKED ATTACK | victim=0x23618e81E3f5cd | swap=72.7400 USDC | loss_sandwich=1.6231 MEVI (3.24%)
[16:12:27][  SWAP] TRADER 0xa0Ee7A142d267C1f36714E4a8F75612F20a79720 | 135.18 USDC | prot: NESSUNA | stima: 96.4293 MEVI | ricevuti: 96.4293 MEVI | ATTACCO: NO
[16:12:28][  SWAP] TRADER 0x23618e81E3f5cdF7f54C3d65f7FBc0aBf5B21E8f | 72.74 USDC | prot: NESSUNA | stima: 52.4351 MEVI | ricevuti: 48.4852 MEVI | ATTACCO: SI | perdita: 1.6231 MEVI | rimborso: NON ASSICURATO
[16:12:28][  SWAP] TRADER 0x976EA74026E726554dB657fA54763abd0C3a0aa9 | 75.78 USDC | prot: HIGH | premio: 0.4078 MEVI | stima: 54.5985 MEVI | ricevuti: 49.3086 MEVI | ATTACCO: NO
[16:12:30][  SWAP] TRADER 0x14dC79964da2C08b23698B3D3cc7Ca32193d9955 | 107.28 USDC | prot: NESSUNA | stima: 73.4830 MEVI | ricevuti: 107.8674 MEVI | ATTACCO: NO
[16:12:30][  SWAP] TRADER 0x9965507D1a55bcC2695C58ba16FB37d819B0A4dc | 111.00 USDC | prot: HIGH | premio: 0.5974 MEVI | stima: 75.9846 MEVI | ricevuti: 106.8785 MEVI | ATTACCO: NO
[16:12:40][  SWAP] TRADER 0x71bE63f3384f5fb98995898A86B02Fb2426c5788 | 103.28 USDC | prot: NESSUNA | stima: 95.3898 MEVI | ricevuti: 95.3898 MEVI | ATTACCO: NO
[16:12:43][ATTACK] INSURED ATTACK | victim=0x90F79bf6EB2c4f | swap=76.9700 USDC | loss_sandwich=2.3170 MEVI (3.57%)
[16:12:45][  SWAP] TRADER 0x3C44CdDdB6a900fa2b585dd299e03d12FA4293BC | 77.00 USDC | prot: HIGH | premio: 0.4144 MEVI | stima: 71.4750 MEVI | ricevuti: 66.7466 MEVI | ATTACCO: NO
[16:12:45][  SWAP] TRADER 0x15d34AAf54267DB7D7c367839AAf71A00a2C6A65 | 77.39 USDC | prot: HIGH | premio: 0.4165 MEVI | stima: 71.8316 MEVI | ricevuti: 69.0557 MEVI | ATTACCO: NO
[16:12:52][  SWAP] TRADER 0xa0Ee7A142d267C1f36714E4a8F75612F20a79720 | 113.77 USDC | prot: NESSUNA | stima: 95.2136 MEVI | ricevuti: 92.6468 MEVI | ATTACCO: NO
[16:12:54][  SWAP] TRADER 0x23618e81E3f5cdF7f54C3d65f7FBc0aBf5B21E8f | 57.04 USDC | prot: NESSUNA | stima: 46.9252 MEVI | ricevuti: 45.0466 MEVI | ATTACCO: NO
[16:12:55][  SWAP] TRADER 0x14dC79964da2C08b23698B3D3cc7Ca32193d9955 | 129.82 USDC | prot: NESSUNA | stima: 101.2209 MEVI | ricevuti: 99.2119 MEVI | ATTACCO: NO
[16:12:55][  SWAP] TRADER 0xBcd4042DE499D14e55001CcbB24a551F3b954096 | 58.39 USDC | prot: NESSUNA | stima: 46.1017 MEVI | ricevuti: 43.1859 MEVI | ATTACCO: NO
[16:12:57][  SWAP] TRADER 0x976EA74026E726554dB657fA54763abd0C3a0aa9 | 94.18 USDC | prot: HIGH | premio: 0.5069 MEVI | stima: 76.9633 MEVI | ricevuti: 67.8666 MEVI | ATTACCO: NO
[16:12:58][ATTACK] NAKED ATTACK | victim=0x71bE63f3384f5f | swap=108.4600 USDC | loss_sandwich=4.0797 MEVI (3.84%)
[16:12:58][  SWAP] TRADER 0x9965507D1a55bcC2695C58ba16FB37d819B0A4dc | 135.16 USDC | prot: HIGH | premio: 0.7274 MEVI | stima: 105.2864 MEVI | ricevuti: 93.7187 MEVI | ATTACCO: NO
[16:13:01][  SWAP] TRADER 0x90F79bf6EB2c4f870365E785982E1f101E93b906 | 76.97 USDC | prot: HIGH | premio: 0.4143 MEVI | stima: 64.8480 MEVI | ricevuti: 62.5310 MEVI | ATTACCO: SI | perdita: 2.3170 MEVI | rimborso: 2.3270 MEVI
[16:13:05][  SWAP] TRADER 0x71bE63f3384f5fb98995898A86B02Fb2426c5788 | 108.46 USDC | prot: NESSUNA | stima: 106.1572 MEVI | ricevuti: 102.0775 MEVI | ATTACCO: SI | perdita: 4.0797 MEVI | rimborso: NON ASSICURATO
[16:13:09][  SWAP] TRADER 0x3C44CdDdB6a900fa2b585dd299e03d12FA4293BC | 98.19 USDC | prot: HIGH | premio: 0.5285 MEVI | stima: 92.4067 MEVI | ricevuti: 92.4067 MEVI | ATTACCO: NO
[16:13:09][  SWAP] TRADER 0x15d34AAf54267DB7D7c367839AAf71A00a2C6A65 | 78.64 USDC | prot: HIGH | premio: 0.4232 MEVI | stima: 74.2873 MEVI | ricevuti: 71.5306 MEVI | ATTACCO: NO
[16:13:09][  POOL] POOL UPDATE | mevi=151.7912 MEVI | eth=2.012000 ETH
[16:13:18][  SWAP] TRADER 0xa0Ee7A142d267C1f36714E4a8F75612F20a79720 | 145.84 USDC | prot: NESSUNA | stima: 127.1692 MEVI | ricevuti: 127.1692 MEVI | ATTACCO: NO
[16:13:19][  SWAP] TRADER 0x23618e81E3f5cdF7f54C3d65f7FBc0aBf5B21E8f | 62.54 USDC | prot: NESSUNA | stima: 55.3834 MEVI | ricevuti: 52.4638 MEVI | ATTACCO: NO
[16:13:21][  SWAP] TRADER 0x14dC79964da2C08b23698B3D3cc7Ca32193d9955 | 121.95 USDC | prot: NESSUNA | stima: 98.9390 MEVI | ricevuti: 95.6604 MEVI | ATTACCO: NO
[16:13:21][  SWAP] TRADER 0xBcd4042DE499D14e55001CcbB24a551F3b954096 | 94.32 USDC | prot: NESSUNA | stima: 76.9011 MEVI | ricevuti: 76.9011 MEVI | ATTACCO: NO
[16:13:26][  SWAP] TRADER 0x976EA74026E726554dB657fA54763abd0C3a0aa9 | 57.89 USDC | prot: HIGH | premio: 0.3116 MEVI | stima: 47.5089 MEVI | ricevuti: 43.9936 MEVI | ATTACCO: NO
[16:13:27][  SWAP] TRADER 0x9965507D1a55bcC2695C58ba16FB37d819B0A4dc | 142.06 USDC | prot: HIGH | premio: 0.7646 MEVI | stima: 106.4050 MEVI | ricevuti: 104.3040 MEVI | ATTACCO: NO
[16:13:30][  SWAP] TRADER 0x90F79bf6EB2c4f870365E785982E1f101E93b906 | 62.32 USDC | prot: HIGH | premio: 0.3354 MEVI | stima: 47.3238 MEVI | ricevuti: 44.1902 MEVI | ATTACCO: NO
[16:13:30][ATTACK] INSURED ATTACK | victim=0x15d34AAf54267D | swap=74.7900 USDC | loss_sandwich=2.6444 MEVI (3.77%)
[16:13:32][  SWAP] TRADER 0x71bE63f3384f5fb98995898A86B02Fb2426c5788 | 122.98 USDC | prot: NESSUNA | stima: 86.3260 MEVI | ricevuti: 120.0278 MEVI | ATTACCO: NO
[16:13:36][ATTACK] NAKED ATTACK | victim=0xa0Ee7A142d267C | swap=135.7300 USDC | loss_sandwich=6.6620 MEVI (5.64%)
[16:13:39][  SWAP] TRADER 0x3C44CdDdB6a900fa2b585dd299e03d12FA4293BC | 94.83 USDC | prot: HIGH | premio: 0.5104 MEVI | stima: 88.6900 MEVI | ricevuti: 86.2394 MEVI | ATTACCO: NO
[16:13:44][  SWAP] TRADER 0x23618e81E3f5cdF7f54C3d65f7FBc0aBf5B21E8f | 57.70 USDC | prot: NESSUNA | stima: 50.9765 MEVI | ricevuti: 49.1126 MEVI | ATTACCO: NO
[16:13:44][  SWAP] TRADER 0xa0Ee7A142d267C1f36714E4a8F75612F20a79720 | 135.73 USDC | prot: NESSUNA | stima: 118.1898 MEVI | ricevuti: 111.5278 MEVI | ATTACCO: SI | perdita: 6.6620 MEVI | rimborso: NON ASSICURATO
[16:13:45][  SWAP] TRADER 0x14dC79964da2C08b23698B3D3cc7Ca32193d9955 | 143.52 USDC | prot: NESSUNA | stima: 116.5136 MEVI | ricevuti: 116.5136 MEVI | ATTACCO: NO
[16:13:45][  SWAP] TRADER 0xBcd4042DE499D14e55001CcbB24a551F3b954096 | 69.69 USDC | prot: NESSUNA | stima: 57.3292 MEVI | ricevuti: 54.4568 MEVI | ATTACCO: NO
[16:13:48][  SWAP] TRADER 0x15d34AAf54267DB7D7c367839AAf71A00a2C6A65 | 74.79 USDC | prot: HIGH | premio: 0.4025 MEVI | stima: 70.2173 MEVI | ricevuti: 67.5728 MEVI | ATTACCO: SI | perdita: 2.6444 MEVI | rimborso: 2.6544 MEVI
[16:13:52][  SWAP] TRADER 0x976EA74026E726554dB657fA54763abd0C3a0aa9 | 80.95 USDC | prot: HIGH | premio: 0.4357 MEVI | stima: 61.6047 MEVI | ricevuti: 61.6047 MEVI | ATTACCO: NO
[16:13:52][  SWAP] TRADER 0x9965507D1a55bcC2695C58ba16FB37d819B0A4dc | 147.21 USDC | prot: HIGH | premio: 0.7923 MEVI | stima: 110.7585 MEVI | ricevuti: 107.7118 MEVI | ATTACCO: NO
[16:13:53][  SWAP] TRADER 0x90F79bf6EB2c4f870365E785982E1f101E93b906 | 64.43 USDC | prot: HIGH | premio: 0.3468 MEVI | stima: 45.4753 MEVI | ricevuti: 45.4753 MEVI | ATTACCO: NO
[16:13:55][  SWAP] TRADER 0x71bE63f3384f5fb98995898A86B02Fb2426c5788 | 107.05 USDC | prot: NESSUNA | stima: 73.4297 MEVI | ricevuti: 73.4297 MEVI | ATTACCO: NO
[16:14:08][  SWAP] TRADER 0x3C44CdDdB6a900fa2b585dd299e03d12FA4293BC | 88.67 USDC | prot: HIGH | premio: 0.4772 MEVI | stima: 87.1249 MEVI | ricevuti: 87.1249 MEVI | ATTACCO: NO
[16:14:09][  SWAP] TRADER 0x23618e81E3f5cdF7f54C3d65f7FBc0aBf5B21E8f | 53.80 USDC | prot: NESSUNA | stima: 53.2273 MEVI | ricevuti: 48.9442 MEVI | ATTACCO: NO
[16:14:09][  SWAP] TRADER 0xa0Ee7A142d267C1f36714E4a8F75612F20a79720 | 126.66 USDC | prot: NESSUNA | stima: 123.5307 MEVI | ricevuti: 119.3146 MEVI | ATTACCO: NO
[16:14:11][  SWAP] TRADER 0x14dC79964da2C08b23698B3D3cc7Ca32193d9955 | 121.68 USDC | prot: NESSUNA | stima: 114.7329 MEVI | ricevuti: 103.2038 MEVI | ATTACCO: NO
[16:14:11][  SWAP] TRADER 0xBcd4042DE499D14e55001CcbB24a551F3b954096 | 99.52 USDC | prot: NESSUNA | stima: 94.2389 MEVI | ricevuti: 87.9521 MEVI | ATTACCO: NO
[16:14:12][ATTACK] NAKED ATTACK | victim=0x71bE63f3384f5f | swap=123.9700 USDC | loss_sandwich=3.4123 MEVI (3.47%)
[16:14:17][  SWAP] TRADER 0x15d34AAf54267DB7D7c367839AAf71A00a2C6A65 | 61.88 USDC | prot: HIGH | premio: 0.3330 MEVI | stima: 50.7488 MEVI | ricevuti: 50.7488 MEVI | ATTACCO: NO
[16:14:20][  SWAP] TRADER 0x71bE63f3384f5fb98995898A86B02Fb2426c5788 | 123.97 USDC | prot: NESSUNA | stima: 98.3410 MEVI | ricevuti: 94.9287 MEVI | ATTACCO: SI | perdita: 3.4123 MEVI | rimborso: NON ASSICURATO
[16:14:20][  SWAP] TRADER 0x976EA74026E726554dB657fA54763abd0C3a0aa9 | 71.55 USDC | prot: HIGH | premio: 0.3851 MEVI | stima: 58.5773 MEVI | ricevuti: 52.9568 MEVI | ATTACCO: NO
[16:14:20][  SWAP] TRADER 0x90F79bf6EB2c4f870365E785982E1f101E93b906 | 67.28 USDC | prot: HIGH | premio: 0.3621 MEVI | stima: 55.1238 MEVI | ricevuti: 48.6276 MEVI | ATTACCO: NO
[16:14:21][  SWAP] TRADER 0x9965507D1a55bcC2695C58ba16FB37d819B0A4dc | 138.56 USDC | prot: HIGH | premio: 0.7457 MEVI | stima: 109.6329 MEVI | ricevuti: 100.3422 MEVI | ATTACCO: NO
[16:14:35][  SWAP] TRADER 0x23618e81E3f5cdF7f54C3d65f7FBc0aBf5B21E8f | 64.14 USDC | prot: NESSUNA | stima: 63.3276 MEVI | ricevuti: 63.3276 MEVI | ATTACCO: NO
[16:14:36][  SWAP] TRADER 0x14dC79964da2C08b23698B3D3cc7Ca32193d9955 | 101.38 USDC | prot: NESSUNA | stima: 99.3653 MEVI | ricevuti: 93.0259 MEVI | ATTACCO: NO
[16:14:36][  SWAP] TRADER 0xBcd4042DE499D14e55001CcbB24a551F3b954096 | 86.72 USDC | prot: NESSUNA | stima: 85.2416 MEVI | ricevuti: 76.7800 MEVI | ATTACCO: NO
[16:14:36][  SWAP] TRADER 0x3C44CdDdB6a900fa2b585dd299e03d12FA4293BC | 54.11 USDC | prot: HIGH | premio: 0.2912 MEVI | stima: 37.9269 MEVI | ricevuti: 46.6611 MEVI | ATTACCO: NO
[16:14:36][  SWAP] TRADER 0xa0Ee7A142d267C1f36714E4a8F75612F20a79720 | 105.10 USDC | prot: NESSUNA | stima: 102.9363 MEVI | ricevuti: 100.3715 MEVI | ATTACCO: NO
[16:14:41][ATTACK] INSURED ATTACK | victim=0x976EA74026E726 | swap=50.9900 USDC | loss_sandwich=2.1999 MEVI (5.44%)
[16:14:41][  SWAP] TRADER 0x15d34AAf54267DB7D7c367839AAf71A00a2C6A65 | 63.58 USDC | prot: HIGH | premio: 0.3422 MEVI | stima: 53.6488 MEVI | ricevuti: 53.6488 MEVI | ATTACCO: NO
[16:14:45][  SWAP] TRADER 0x71bE63f3384f5fb98995898A86B02Fb2426c5788 | 114.90 USDC | prot: NESSUNA | stima: 93.8571 MEVI | ricevuti: 93.8571 MEVI | ATTACCO: NO
[16:14:48][  SWAP] TRADER 0x90F79bf6EB2c4f870365E785982E1f101E93b906 | 59.32 USDC | prot: HIGH | premio: 0.3193 MEVI | stima: 48.9427 MEVI | ricevuti: 45.3339 MEVI | ATTACCO: NO
[16:14:50][  SWAP] TRADER 0x9965507D1a55bcC2695C58ba16FB37d819B0A4dc | 134.50 USDC | prot: HIGH | premio: 0.7239 MEVI | stima: 109.4837 MEVI | ricevuti: 101.1995 MEVI | ATTACCO: NO
[16:14:54][ATTACK] NAKED ATTACK | victim=0xa0Ee7A142d267C | swap=119.9600 USDC | loss_sandwich=2.7638 MEVI (3.27%)
[16:14:58][  SWAP] TRADER 0x976EA74026E726554dB657fA54763abd0C3a0aa9 | 50.99 USDC | prot: HIGH | premio: 0.2744 MEVI | stima: 42.1334 MEVI | ricevuti: 38.2268 MEVI | ATTACCO: SI | perdita: 2.1999 MEVI | rimborso: 2.2099 MEVI
[16:15:00][  SWAP] TRADER 0x23618e81E3f5cdF7f54C3d65f7FBc0aBf5B21E8f | 68.23 USDC | prot: NESSUNA | stima: 49.5732 MEVI | ricevuti: 49.5732 MEVI | ATTACCO: NO
[16:15:02][  SWAP] TRADER 0xBcd4042DE499D14e55001CcbB24a551F3b954096 | 56.74 USDC | prot: NESSUNA | stima: 41.3054 MEVI | ricevuti: 37.5240 MEVI | ATTACCO: NO
[16:15:02][  SWAP] TRADER 0x14dC79964da2C08b23698B3D3cc7Ca32193d9955 | 110.99 USDC | prot: NESSUNA | stima: 80.0606 MEVI | ricevuti: 71.4432 MEVI | ATTACCO: NO
[16:15:02][  SWAP] TRADER 0xa0Ee7A142d267C1f36714E4a8F75612F20a79720 | 119.96 USDC | prot: NESSUNA | stima: 86.4006 MEVI | ricevuti: 81.6697 MEVI | ATTACCO: SI | perdita: 2.7638 MEVI | rimborso: NON ASSICURATO
[16:15:03][  SWAP] TRADER 0x3C44CdDdB6a900fa2b585dd299e03d12FA4293BC | 93.69 USDC | prot: HIGH | premio: 0.5042 MEVI | stima: 67.7789 MEVI | ricevuti: 91.9667 MEVI | ATTACCO: NO
[16:15:09][  POOL] POOL UPDATE | mevi=153.2856 MEVI | eth=6.976000 ETH
[16:15:11][  SWAP] TRADER 0x71bE63f3384f5fb98995898A86B02Fb2426c5788 | 148.30 USDC | prot: NESSUNA | stima: 138.8521 MEVI | ricevuti: 138.8521 MEVI | ATTACCO: NO
[16:15:11][  SWAP] TRADER 0x15d34AAf54267DB7D7c367839AAf71A00a2C6A65 | 74.46 USDC | prot: HIGH | premio: 0.4007 MEVI | stima: 70.7124 MEVI | ricevuti: 66.7952 MEVI | ATTACCO: NO
[16:15:17][  SWAP] TRADER 0x90F79bf6EB2c4f870365E785982E1f101E93b906 | 68.93 USDC | prot: HIGH | premio: 0.3710 MEVI | stima: 60.1880 MEVI | ricevuti: 60.1880 MEVI | ATTACCO: NO
[16:15:18][  SWAP] TRADER 0x9965507D1a55bcC2695C58ba16FB37d819B0A4dc | 118.33 USDC | prot: HIGH | premio: 0.6369 MEVI | stima: 102.3838 MEVI | ricevuti: 99.8075 MEVI | ATTACCO: NO
[16:15:26][  SWAP] TRADER 0x23618e81E3f5cdF7f54C3d65f7FBc0aBf5B21E8f | 62.56 USDC | prot: NESSUNA | stima: 51.0525 MEVI | ricevuti: 51.0525 MEVI | ATTACCO: NO
[16:15:27][  SWAP] TRADER 0xBcd4042DE499D14e55001CcbB24a551F3b954096 | 85.95 USDC | prot: NESSUNA | stima: 69.8465 MEVI | ricevuti: 65.7225 MEVI | ATTACCO: NO
[16:15:27][  SWAP] TRADER 0x976EA74026E726554dB657fA54763abd0C3a0aa9 | 86.50 USDC | prot: HIGH | premio: 0.4655 MEVI | stima: 70.2866 MEVI | ricevuti: 64.1924 MEVI | ATTACCO: NO
[16:15:27][  SWAP] TRADER 0xa0Ee7A142d267C1f36714E4a8F75612F20a79720 | 108.81 USDC | prot: NESSUNA | stima: 88.0634 MEVI | ricevuti: 86.1138 MEVI | ATTACCO: NO
[16:15:29][  SWAP] TRADER 0x14dC79964da2C08b23698B3D3cc7Ca32193d9955 | 107.31 USDC | prot: NESSUNA | stima: 84.9491 MEVI | ricevuti: 77.0438 MEVI | ATTACCO: NO
[16:15:32][  SWAP] TRADER 0x3C44CdDdB6a900fa2b585dd299e03d12FA4293BC | 67.92 USDC | prot: HIGH | premio: 0.3655 MEVI | stima: 54.7584 MEVI | ricevuti: 47.3448 MEVI | ATTACCO: NO
[16:15:32][ATTACK] INSURED ATTACK | victim=0x15d34AAf54267D | swap=85.4600 USDC | loss_sandwich=2.9761 MEVI (3.75%)
[16:15:36][  SWAP] TRADER 0x71bE63f3384f5fb98995898A86B02Fb2426c5788 | 144.19 USDC | prot: NESSUNA | stima: 140.1484 MEVI | ricevuti: 140.1484 MEVI | ATTACCO: NO
[16:15:43][  SWAP] TRADER 0x90F79bf6EB2c4f870365E785982E1f101E93b906 | 61.02 USDC | prot: HIGH | premio: 0.3284 MEVI | stima: 55.1822 MEVI | ricevuti: 55.1822 MEVI | ATTACCO: NO
[16:15:43][  SWAP] TRADER 0x9965507D1a55bcC2695C58ba16FB37d819B0A4dc | 135.03 USDC | prot: HIGH | premio: 0.7267 MEVI | stima: 120.4263 MEVI | ricevuti: 117.6975 MEVI | ATTACCO: NO
[16:15:44][ATTACK] NAKED ATTACK | victim=0x23618e81E3f5cd | swap=74.9600 USDC | loss_sandwich=2.2399 MEVI (3.56%)
[16:15:51][  SWAP] TRADER 0x23618e81E3f5cdF7f54C3d65f7FBc0aBf5B21E8f | 74.96 USDC | prot: NESSUNA | stima: 62.8428 MEVI | ricevuti: 60.6028 MEVI | ATTACCO: SI | perdita: 2.2399 MEVI | rimborso: NON ASSICURATO
[16:15:53][  SWAP] TRADER 0xa0Ee7A142d267C1f36714E4a8F75612F20a79720 | 109.26 USDC | prot: NESSUNA | stima: 91.0304 MEVI | ricevuti: 88.6433 MEVI | ATTACCO: NO
[16:15:53][  SWAP] TRADER 0xBcd4042DE499D14e55001CcbB24a551F3b954096 | 74.26 USDC | prot: NESSUNA | stima: 62.2639 MEVI | ricevuti: 58.3011 MEVI | ATTACCO: NO
[16:15:54][  SWAP] TRADER 0x14dC79964da2C08b23698B3D3cc7Ca32193d9955 | 114.40 USDC | prot: NESSUNA | stima: 92.7284 MEVI | ricevuti: 86.8906 MEVI | ATTACCO: NO
[16:15:54][  SWAP] TRADER 0x976EA74026E726554dB657fA54763abd0C3a0aa9 | 72.34 USDC | prot: HIGH | premio: 0.3893 MEVI | stima: 59.0790 MEVI | ricevuti: 53.1958 MEVI | ATTACCO: NO
[16:16:37][ATTACK] NAKED ATTACK | victim=0xa0Ee7A142d267C | swap=102.9300 USDC | loss_sandwich=7.4292 MEVI (10.11%)
[16:16:42][  SWAP] TRADER 0x15d34AAf54267DB7D7c367839AAf71A00a2C6A65 | 85.46 USDC | prot: HIGH | premio: 0.4599 MEVI | stima: 84.0239 MEVI | ricevuti: 76.4409 MEVI | ATTACCO: SI | perdita: 2.9761 MEVI | rimborso: 2.9861 MEVI
[16:16:45][  SWAP] TRADER 0x14dC79964da2C08b23698B3D3cc7Ca32193d9955 | 149.62 USDC | prot: NESSUNA | stima: 105.9654 MEVI | ricevuti: 102.4861 MEVI | ATTACCO: NO
[16:16:45][  SWAP] TRADER 0xBcd4042DE499D14e55001CcbB24a551F3b954096 | 74.39 USDC | prot: NESSUNA | stima: 53.3523 MEVI | ricevuti: 49.1116 MEVI | ATTACCO: NO
[16:16:45][  SWAP] TRADER 0xa0Ee7A142d267C1f36714E4a8F75612F20a79720 | 102.93 USDC | prot: NESSUNA | stima: 73.4682 MEVI | ricevuti: 66.0390 MEVI | ATTACCO: SI | perdita: 7.4292 MEVI | rimborso: NON ASSICURATO
[16:16:45][  SWAP] TRADER 0x23618e81E3f5cdF7f54C3d65f7FBc0aBf5B21E8f | 89.76 USDC | prot: NESSUNA | stima: 64.2095 MEVI | ricevuti: 55.8509 MEVI | ATTACCO: NO
[16:16:45][  SWAP] TRADER 0x71bE63f3384f5fb98995898A86B02Fb2426c5788 | 106.77 USDC | prot: NESSUNA | stima: 76.1601 MEVI | ricevuti: 107.4831 MEVI | ATTACCO: NO
[16:16:45][  SWAP] TRADER 0x9965507D1a55bcC2695C58ba16FB37d819B0A4dc | 129.37 USDC | prot: HIGH | premio: 0.6963 MEVI | stima: 91.9331 MEVI | ricevuti: 124.2814 MEVI | ATTACCO: NO
[16:16:45][  SWAP] TRADER 0x90F79bf6EB2c4f870365E785982E1f101E93b906 | 93.10 USDC | prot: HIGH | premio: 0.5011 MEVI | stima: 66.5615 MEVI | ricevuti: 85.6550 MEVI | ATTACCO: NO
[16:16:45][  SWAP] TRADER 0x976EA74026E726554dB657fA54763abd0C3a0aa9 | 92.47 USDC | prot: HIGH | premio: 0.4977 MEVI | stima: 66.1181 MEVI | ricevuti: 82.1255 MEVI | ATTACCO: NO
[16:16:45][  SWAP] TRADER 0x3C44CdDdB6a900fa2b585dd299e03d12FA4293BC | 85.71 USDC | prot: HIGH | premio: 0.4613 MEVI | stima: 61.3541 MEVI | ricevuti: 73.6274 MEVI | ATTACCO: NO
[16:17:09][  POOL] POOL UPDATE | mevi=157.6485 MEVI | eth=6.958000 ETH
[16:17:09][  SWAP] TRADER 0x23618e81E3f5cdF7f54C3d65f7FBc0aBf5B21E8f | 95.48 USDC | prot: NESSUNA | stima: 79.3343 MEVI | ricevuti: 79.3343 MEVI | ATTACCO: NO
[16:17:09][  SWAP] TRADER 0xBcd4042DE499D14e55001CcbB24a551F3b954096 | 80.03 USDC | prot: NESSUNA | stima: 66.6831 MEVI | ricevuti: 61.5092 MEVI | ATTACCO: NO
[16:17:09][  SWAP] TRADER 0xa0Ee7A142d267C1f36714E4a8F75612F20a79720 | 130.24 USDC | prot: NESSUNA | stima: 107.5408 MEVI | ricevuti: 103.9034 MEVI | ATTACCO: NO
[16:17:09][  SWAP] TRADER 0x14dC79964da2C08b23698B3D3cc7Ca32193d9955 | 103.45 USDC | prot: NESSUNA | stima: 85.8330 MEVI | ricevuti: 77.0142 MEVI | ATTACCO: NO
[16:17:09][  SWAP] TRADER 0x71bE63f3384f5fb98995898A86B02Fb2426c5788 | 124.45 USDC | prot: NESSUNA | stima: 102.8669 MEVI | ricevuti: 89.1119 MEVI | ATTACCO: NO
[16:17:11][  SWAP] TRADER 0x15d34AAf54267DB7D7c367839AAf71A00a2C6A65 | 60.45 USDC | prot: HIGH | premio: 0.3253 MEVI | stima: 50.5479 MEVI | ricevuti: 41.9581 MEVI | ATTACCO: NO
[16:17:12][  SWAP] TRADER 0x90F79bf6EB2c4f870365E785982E1f101E93b906 | 90.51 USDC | prot: HIGH | premio: 0.4871 MEVI | stima: 75.2724 MEVI | ricevuti: 55.5466 MEVI | ATTACCO: NO
[16:17:12][  SWAP] TRADER 0x9965507D1a55bcC2695C58ba16FB37d819B0A4dc | 145.64 USDC | prot: HIGH | premio: 0.7838 MEVI | stima: 119.9251 MEVI | ricevuti: 97.7156 MEVI | ATTACCO: NO
[16:17:12][  SWAP] TRADER 0x3C44CdDdB6a900fa2b585dd299e03d12FA4293BC | 62.09 USDC | prot: HIGH | premio: 0.3342 MEVI | stima: 51.9038 MEVI | ricevuti: 39.0317 MEVI | ATTACCO: NO
[16:17:12][  SWAP] TRADER 0x976EA74026E726554dB657fA54763abd0C3a0aa9 | 97.85 USDC | prot: HIGH | premio: 0.5266 MEVI | stima: 81.2687 MEVI | ricevuti: 63.1041 MEVI | ATTACCO: NO
[16:17:28][ATTACK] NAKED ATTACK | victim=0x23618e81E3f5cd | swap=52.6200 USDC | loss_sandwich=4.3658 MEVI (8.38%)
[16:17:35][  SWAP] TRADER 0x23618e81E3f5cdF7f54C3d65f7FBc0aBf5B21E8f | 52.62 USDC | prot: NESSUNA | stima: 52.0720 MEVI | ricevuti: 47.7062 MEVI | ATTACCO: SI | perdita: 4.3658 MEVI | rimborso: NON ASSICURATO
[16:17:35][  SWAP] TRADER 0xa0Ee7A142d267C1f36714E4a8F75612F20a79720 | 115.97 USDC | prot: NESSUNA | stima: 113.3412 MEVI | ricevuti: 101.8539 MEVI | ATTACCO: NO
[16:17:35][  SWAP] TRADER 0xBcd4042DE499D14e55001CcbB24a551F3b954096 | 54.92 USDC | prot: NESSUNA | stima: 54.3233 MEVI | ricevuti: 46.7222 MEVI | ATTACCO: NO
[16:17:35][  SWAP] TRADER 0x14dC79964da2C08b23698B3D3cc7Ca32193d9955 | 109.68 USDC | prot: NESSUNA | stima: 107.3257 MEVI | ricevuti: 90.5449 MEVI | ATTACCO: NO
[16:17:35][  SWAP] TRADER 0x71bE63f3384f5fb98995898A86B02Fb2426c5788 | 124.95 USDC | prot: NESSUNA | stima: 121.9036 MEVI | ricevuti: 117.2260 MEVI | ATTACCO: NO
[16:17:37][  SWAP] TRADER 0x15d34AAf54267DB7D7c367839AAf71A00a2C6A65 | 84.14 USDC | prot: HIGH | premio: 0.4528 MEVI | stima: 82.7475 MEVI | ricevuti: 69.9781 MEVI | ATTACCO: NO
[16:17:37][  SWAP] TRADER 0x90F79bf6EB2c4f870365E785982E1f101E93b906 | 68.72 USDC | prot: HIGH | premio: 0.3699 MEVI | stima: 57.3135 MEVI | ricevuti: 55.5916 MEVI | ATTACCO: NO
[16:17:37][  SWAP] TRADER 0x9965507D1a55bcC2695C58ba16FB37d819B0A4dc | 122.02 USDC | prot: HIGH | premio: 0.6567 MEVI | stima: 100.7914 MEVI | ricevuti: 95.4150 MEVI | ATTACCO: NO
[16:17:37][  SWAP] TRADER 0x3C44CdDdB6a900fa2b585dd299e03d12FA4293BC | 69.91 USDC | prot: HIGH | premio: 0.3763 MEVI | stima: 58.2934 MEVI | ricevuti: 52.8535 MEVI | ATTACCO: NO
[16:17:37][  SWAP] TRADER 0x976EA74026E726554dB657fA54763abd0C3a0aa9 | 66.36 USDC | prot: HIGH | premio: 0.3571 MEVI | stima: 55.3689 MEVI | ricevuti: 49.0013 MEVI | ATTACCO: NO
[16:17:58][ATTACK] INSURED ATTACK | victim=0x3C44CdDdB6a900 | swap=76.5200 USDC | loss_sandwich=2.1472 MEVI (3.49%)
[16:18:01][  SWAP] TRADER 0xa0Ee7A142d267C1f36714E4a8F75612F20a79720 | 111.62 USDC | prot: NESSUNA | stima: 109.1826 MEVI | ricevuti: 109.1826 MEVI | ATTACCO: NO
[16:18:01][  SWAP] TRADER 0x23618e81E3f5cdF7f54C3d65f7FBc0aBf5B21E8f | 84.04 USDC | prot: NESSUNA | stima: 82.6508 MEVI | ricevuti: 79.1092 MEVI | ATTACCO: NO
[16:18:01][  SWAP] TRADER 0x14dC79964da2C08b23698B3D3cc7Ca32193d9955 | 127.02 USDC | prot: NESSUNA | stima: 123.8731 MEVI | ricevuti: 111.4635 MEVI | ATTACCO: NO
[16:18:01][  SWAP] TRADER 0xBcd4042DE499D14e55001CcbB24a551F3b954096 | 78.73 USDC | prot: NESSUNA | stima: 77.5095 MEVI | ricevuti: 71.8236 MEVI | ATTACCO: NO
[16:18:01][  SWAP] TRADER 0x71bE63f3384f5fb98995898A86B02Fb2426c5788 | 138.01 USDC | prot: NESSUNA | stima: 134.3030 MEVI | ricevuti: 115.3132 MEVI | ATTACCO: NO
[16:18:05][  SWAP] TRADER 0x90F79bf6EB2c4f870365E785982E1f101E93b906 | 61.54 USDC | prot: HIGH | premio: 0.3312 MEVI | stima: 60.7918 MEVI | ricevuti: 44.1953 MEVI | ATTACCO: NO
[16:18:05][  SWAP] TRADER 0x976EA74026E726554dB657fA54763abd0C3a0aa9 | 92.73 USDC | prot: HIGH | premio: 0.4991 MEVI | stima: 91.0415 MEVI | ricevuti: 69.8226 MEVI | ATTACCO: NO
[16:18:05][  SWAP] TRADER 0x15d34AAf54267DB7D7c367839AAf71A00a2C6A65 | 60.76 USDC | prot: HIGH | premio: 0.3270 MEVI | stima: 60.0305 MEVI | ricevuti: 44.5538 MEVI | ATTACCO: NO
[16:18:07][  SWAP] TRADER 0x9965507D1a55bcC2695C58ba16FB37d819B0A4dc | 122.15 USDC | prot: HIGH | premio: 0.6574 MEVI | stima: 97.3716 MEVI | ricevuti: 88.2548 MEVI | ATTACCO: NO
[16:18:15][  SWAP] TRADER 0x3C44CdDdB6a900fa2b585dd299e03d12FA4293BC | 76.52 USDC | prot: HIGH | premio: 0.4118 MEVI | stima: 75.3666 MEVI | ricevuti: 59.3462 MEVI | ATTACCO: SI | perdita: 2.1472 MEVI | rimborso: 2.1572 MEVI
[16:18:19][ATTACK] NAKED ATTACK | victim=0x14dC79964da2C0 | swap=116.1700 USDC | loss_sandwich=7.4056 MEVI (6.52%)
[16:18:26][  SWAP] TRADER 0xBcd4042DE499D14e55001CcbB24a551F3b954096 | 73.48 USDC | prot: NESSUNA | stima: 72.4158 MEVI | ricevuti: 69.6236 MEVI | ATTACCO: NO
[16:18:26][  SWAP] TRADER 0xa0Ee7A142d267C1f36714E4a8F75612F20a79720 | 120.61 USDC | prot: NESSUNA | stima: 117.7692 MEVI | ricevuti: 105.3606 MEVI | ATTACCO: NO
[16:18:26][  SWAP] TRADER 0x14dC79964da2C08b23698B3D3cc7Ca32193d9955 | 116.17 USDC | prot: NESSUNA | stima: 113.5322 MEVI | ricevuti: 106.1266 MEVI | ATTACCO: SI | perdita: 7.4056 MEVI | rimborso: NON ASSICURATO
[16:18:28][  SWAP] TRADER 0x23618e81E3f5cdF7f54C3d65f7FBc0aBf5B21E8f | 95.30 USDC | prot: NESSUNA | stima: 93.5176 MEVI | ricevuti: 79.3836 MEVI | ATTACCO: NO
[16:18:34][  SWAP] TRADER 0x90F79bf6EB2c4f870365E785982E1f101E93b906 | 82.19 USDC | prot: HIGH | premio: 0.4423 MEVI | stima: 66.2965 MEVI | ricevuti: 62.2110 MEVI | ATTACCO: NO
[16:18:34][  SWAP] TRADER 0x976EA74026E726554dB657fA54763abd0C3a0aa9 | 87.53 USDC | prot: HIGH | premio: 0.4711 MEVI | stima: 70.5367 MEVI | ricevuti: 70.5367 MEVI | ATTACCO: NO
[16:18:34][  SWAP] TRADER 0x15d34AAf54267DB7D7c367839AAf71A00a2C6A65 | 92.36 USDC | prot: HIGH | premio: 0.4971 MEVI | stima: 74.3650 MEVI | ricevuti: 72.0825 MEVI | ATTACCO: NO
[16:18:35][  SWAP] TRADER 0x9965507D1a55bcC2695C58ba16FB37d819B0A4dc | 141.99 USDC | prot: HIGH | premio: 0.7642 MEVI | stima: 113.3243 MEVI | ricevuti: 103.4118 MEVI | ATTACCO: NO
[16:18:44][  SWAP] TRADER 0x3C44CdDdB6a900fa2b585dd299e03d12FA4293BC | 91.10 USDC | prot: HIGH | premio: 0.4903 MEVI | stima: 63.7801 MEVI | ricevuti: 63.7801 MEVI | ATTACCO: NO
[16:18:52][  SWAP] TRADER 0x14dC79964da2C08b23698B3D3cc7Ca32193d9955 | 137.23 USDC | prot: NESSUNA | stima: 133.5642 MEVI | ricevuti: 127.6036 MEVI | ATTACCO: NO
[16:18:52][  SWAP] TRADER 0x71bE63f3384f5fb98995898A86B02Fb2426c5788 | 117.01 USDC | prot: NESSUNA | stima: 114.3343 MEVI | ricevuti: 114.3343 MEVI | ATTACCO: NO
[16:18:53][  SWAP] TRADER 0xa0Ee7A142d267C1f36714E4a8F75612F20a79720 | 110.76 USDC | prot: NESSUNA | stima: 108.3596 MEVI | ricevuti: 95.0632 MEVI | ATTACCO: NO
[16:18:53][  SWAP] TRADER 0x23618e81E3f5cdF7f54C3d65f7FBc0aBf5B21E8f | 87.70 USDC | prot: NESSUNA | stima: 86.1883 MEVI | ricevuti: 78.1143 MEVI | ATTACCO: NO
[16:18:55][ATTACK] INSURED ATTACK | victim=0x976EA74026E726 | swap=83.2400 USDC | loss_sandwich=2.4427 MEVI (3.54%)
[16:19:01][ATTACK] NAKED ATTACK | victim=0xBcd4042DE499D1 | swap=67.8300 USDC | loss_sandwich=1.6918 MEVI (3.36%)
[16:19:02][  SWAP] TRADER 0x15d34AAf54267DB7D7c367839AAf71A00a2C6A65 | 74.40 USDC | prot: HIGH | premio: 0.4004 MEVI | stima: 61.7169 MEVI | ricevuti: 57.7942 MEVI | ATTACCO: NO
[16:19:02][  SWAP] TRADER 0x90F79bf6EB2c4f870365E785982E1f101E93b906 | 64.92 USDC | prot: HIGH | premio: 0.3494 MEVI | stima: 53.9455 MEVI | ricevuti: 49.2136 MEVI | ATTACCO: NO
[16:19:04][  SWAP] TRADER 0x9965507D1a55bcC2695C58ba16FB37d819B0A4dc | 100.87 USDC | prot: HIGH | premio: 0.5429 MEVI | stima: 83.2757 MEVI | ricevuti: 77.1166 MEVI | ATTACCO: NO
[16:19:08][  SWAP] TRADER 0xBcd4042DE499D14e55001CcbB24a551F3b954096 | 67.83 USDC | prot: NESSUNA | stima: 50.3582 MEVI | ricevuti: 48.6664 MEVI | ATTACCO: SI | perdita: 1.6918 MEVI | rimborso: NON ASSICURATO
[16:19:09][  POOL] POOL UPDATE | mevi=164.8483 MEVI | eth=6.940000 ETH
[16:19:12][  SWAP] TRADER 0x976EA74026E726554dB657fA54763abd0C3a0aa9 | 83.24 USDC | prot: HIGH | premio: 0.4480 MEVI | stima: 68.9397 MEVI | ricevuti: 66.4969 MEVI | ATTACCO: SI | perdita: 2.4427 MEVI | rimborso: 2.4527 MEVI
[16:19:13][  SWAP] TRADER 0x3C44CdDdB6a900fa2b585dd299e03d12FA4293BC | 95.12 USDC | prot: HIGH | premio: 0.5119 MEVI | stima: 70.2902 MEVI | ricevuti: 68.7093 MEVI | ATTACCO: NO
[16:19:16][  SWAP] TRADER 0x23618e81E3f5cdF7f54C3d65f7FBc0aBf5B21E8f | 79.49 USDC | prot: NESSUNA | stima: 55.7509 MEVI | ricevuti: 53.1466 MEVI | ATTACCO: NO
[16:19:16][  SWAP] TRADER 0x71bE63f3384f5fb98995898A86B02Fb2426c5788 | 144.53 USDC | prot: NESSUNA | stima: 100.2820 MEVI | ricevuti: 100.2820 MEVI | ATTACCO: NO
[16:19:16][  SWAP] TRADER 0xa0Ee7A142d267C1f36714E4a8F75612F20a79720 | 137.36 USDC | prot: NESSUNA | stima: 95.4197 MEVI | ricevuti: 88.6731 MEVI | ATTACCO: NO
[16:19:16][  SWAP] TRADER 0x14dC79964da2C08b23698B3D3cc7Ca32193d9955 | 115.21 USDC | prot: NESSUNA | stima: 80.3260 MEVI | ricevuti: 71.4423 MEVI | ATTACCO: NO
[16:19:31][  SWAP] TRADER 0x90F79bf6EB2c4f870365E785982E1f101E93b906 | 92.32 USDC | prot: HIGH | premio: 0.4969 MEVI | stima: 90.6463 MEVI | ricevuti: 88.4005 MEVI | ATTACCO: NO
[16:19:31][  SWAP] TRADER 0x15d34AAf54267DB7D7c367839AAf71A00a2C6A65 | 63.69 USDC | prot: HIGH | premio: 0.3428 MEVI | stima: 62.8889 MEVI | ricevuti: 62.8889 MEVI | ATTACCO: NO
[16:19:32][  SWAP] TRADER 0x9965507D1a55bcC2695C58ba16FB37d819B0A4dc | 147.02 USDC | prot: HIGH | premio: 0.7913 MEVI | stima: 142.8205 MEVI | ricevuti: 134.4246 MEVI | ATTACCO: NO
[16:19:34][  SWAP] TRADER 0xBcd4042DE499D14e55001CcbB24a551F3b954096 | 71.96 USDC | prot: NESSUNA | stima: 66.7397 MEVI | ricevuti: 63.1145 MEVI | ATTACCO: NO
[16:19:34][ATTACK] INSURED ATTACK | victim=0x3C44CdDdB6a900 | swap=67.2700 USDC | loss_sandwich=4.4157 MEVI (7.85%)
[16:19:40][  SWAP] TRADER 0x976EA74026E726554dB657fA54763abd0C3a0aa9 | 59.14 USDC | prot: HIGH | premio: 0.3183 MEVI | stima: 50.6190 MEVI | ricevuti: 50.6190 MEVI | ATTACCO: NO
[16:19:41][  SWAP] TRADER 0x23618e81E3f5cdF7f54C3d65f7FBc0aBf5B21E8f | 75.39 USDC | prot: NESSUNA | stima: 64.3353 MEVI | ricevuti: 52.5150 MEVI | ATTACCO: NO
[16:19:41][  SWAP] TRADER 0x71bE63f3384f5fb98995898A86B02Fb2426c5788 | 128.11 USDC | prot: NESSUNA | stima: 108.2774 MEVI | ricevuti: 102.2081 MEVI | ATTACCO: NO
[16:19:41][  SWAP] TRADER 0x14dC79964da2C08b23698B3D3cc7Ca32193d9955 | 113.90 USDC | prot: NESSUNA | stima: 96.5165 MEVI | ricevuti: 85.0511 MEVI | ATTACCO: NO
[16:19:41][  SWAP] TRADER 0xa0Ee7A142d267C1f36714E4a8F75612F20a79720 | 109.82 USDC | prot: NESSUNA | stima: 93.1284 MEVI | ricevuti: 78.9228 MEVI | ATTACCO: NO
[16:19:52][  SWAP] TRADER 0x3C44CdDdB6a900fa2b585dd299e03d12FA4293BC | 67.27 USDC | prot: HIGH | premio: 0.3620 MEVI | stima: 57.4916 MEVI | ricevuti: 51.8389 MEVI | ATTACCO: SI | perdita: 4.4157 MEVI | rimborso: 4.4257 MEVI
[16:19:56][  SWAP] TRADER 0x15d34AAf54267DB7D7c367839AAf71A00a2C6A65 | 92.42 USDC | prot: HIGH | premio: 0.4974 MEVI | stima: 90.7427 MEVI | ricevuti: 90.7427 MEVI | ATTACCO: NO
[16:19:56][  SWAP] TRADER 0x90F79bf6EB2c4f870365E785982E1f101E93b906 | 99.01 USDC | prot: HIGH | premio: 0.5329 MEVI | stima: 97.0875 MEVI | ricevuti: 93.6285 MEVI | ATTACCO: NO
[16:19:56][  SWAP] TRADER 0x9965507D1a55bcC2695C58ba16FB37d819B0A4dc | 116.73 USDC | prot: HIGH | premio: 0.6282 MEVI | stima: 114.0670 MEVI | ricevuti: 105.8989 MEVI | ATTACCO: NO
[16:19:57][  SWAP] TRADER 0xBcd4042DE499D14e55001CcbB24a551F3b954096 | 84.51 USDC | prot: NESSUNA | stima: 73.8075 MEVI | ricevuti: 73.8075 MEVI | ATTACCO: NO
[16:20:01][ATTACK] NAKED ATTACK | victim=0x71bE63f3384f5f | swap=105.9300 USDC | loss_sandwich=2.7564 MEVI (3.41%)
[16:20:07][  SWAP] TRADER 0xa0Ee7A142d267C1f36714E4a8F75612F20a79720 | 100.79 USDC | prot: NESSUNA | stima: 85.0565 MEVI | ricevuti: 79.8485 MEVI | ATTACCO: NO
[16:20:07][  SWAP] TRADER 0x14dC79964da2C08b23698B3D3cc7Ca32193d9955 | 106.17 USDC | prot: NESSUNA | stima: 89.5090 MEVI | ricevuti: 89.5090 MEVI | ATTACCO: NO
[16:20:07][  SWAP] TRADER 0x23618e81E3f5cdF7f54C3d65f7FBc0aBf5B21E8f | 68.52 USDC | prot: NESSUNA | stima: 58.1656 MEVI | ricevuti: 55.9548 MEVI | ATTACCO: NO
[16:20:08][  SWAP] TRADER 0x71bE63f3384f5fb98995898A86B02Fb2426c5788 | 105.93 USDC | prot: NESSUNA | stima: 89.3106 MEVI | ricevuti: 78.1596 MEVI | ATTACCO: SI | perdita: 2.7564 MEVI | rimborso: NON ASSICURATO
[16:20:08][  SWAP] TRADER 0x976EA74026E726554dB657fA54763abd0C3a0aa9 | 76.15 USDC | prot: HIGH | premio: 0.4098 MEVI | stima: 64.5524 MEVI | ricevuti: 54.4674 MEVI | ATTACCO: NO
[16:20:20][  SWAP] TRADER 0x3C44CdDdB6a900fa2b585dd299e03d12FA4293BC | 99.82 USDC | prot: HIGH | premio: 0.5372 MEVI | stima: 71.8201 MEVI | ricevuti: 71.8201 MEVI | ATTACCO: NO
[16:20:22][  SWAP] TRADER 0xBcd4042DE499D14e55001CcbB24a551F3b954096 | 83.33 USDC | prot: NESSUNA | stima: 60.1224 MEVI | ricevuti: 81.9640 MEVI | ATTACCO: NO
[16:20:25][  SWAP] TRADER 0x9965507D1a55bcC2695C58ba16FB37d819B0A4dc | 118.08 USDC | prot: HIGH | premio: 0.6355 MEVI | stima: 84.6980 MEVI | ricevuti: 109.3842 MEVI | ATTACCO: NO
[16:20:25][  SWAP] TRADER 0x15d34AAf54267DB7D7c367839AAf71A00a2C6A65 | 82.29 USDC | prot: HIGH | premio: 0.4429 MEVI | stima: 59.3825 MEVI | ricevuti: 73.3677 MEVI | ATTACCO: NO
[16:20:25][  SWAP] TRADER 0x90F79bf6EB2c4f870365E785982E1f101E93b906 | 52.91 USDC | prot: HIGH | premio: 0.2848 MEVI | stima: 38.3713 MEVI | ricevuti: 50.6622 MEVI | ATTACCO: NO
[16:20:32][  SWAP] TRADER 0x14dC79964da2C08b23698B3D3cc7Ca32193d9955 | 133.08 USDC | prot: NESSUNA | stima: 113.9789 MEVI | ricevuti: 106.5664 MEVI | ATTACCO: NO
[16:20:32][  SWAP] TRADER 0x23618e81E3f5cdF7f54C3d65f7FBc0aBf5B21E8f | 59.70 USDC | prot: NESSUNA | stima: 51.8265 MEVI | ricevuti: 51.8265 MEVI | ATTACCO: NO
[16:20:32][  SWAP] TRADER 0xa0Ee7A142d267C1f36714E4a8F75612F20a79720 | 125.03 USDC | prot: NESSUNA | stima: 107.2422 MEVI | ricevuti: 104.9090 MEVI | ATTACCO: NO
[16:20:34][  SWAP] TRADER 0x71bE63f3384f5fb98995898A86B02Fb2426c5788 | 119.65 USDC | prot: NESSUNA | stima: 102.7288 MEVI | ricevuti: 91.6184 MEVI | ATTACCO: NO
[16:20:37][  SWAP] TRADER 0x976EA74026E726554dB657fA54763abd0C3a0aa9 | 93.11 USDC | prot: HIGH | premio: 0.5011 MEVI | stima: 80.3329 MEVI | ricevuti: 68.7108 MEVI | ATTACCO: NO
[16:20:41][ATTACK] INSURED ATTACK | victim=0x3C44CdDdB6a900 | swap=57.4000 USDC | loss_sandwich=1.3097 MEVI (3.26%)
[16:20:47][  SWAP] TRADER 0xBcd4042DE499D14e55001CcbB24a551F3b954096 | 83.36 USDC | prot: NESSUNA | stima: 59.6914 MEVI | ricevuti: 59.6914 MEVI | ATTACCO: NO
[16:20:51][ATTACK] NAKED ATTACK | victim=0x23618e81E3f5cd | swap=52.4600 USDC | loss_sandwich=1.6727 MEVI (3.64%)
[16:20:53][  SWAP] TRADER 0x15d34AAf54267DB7D7c367839AAf71A00a2C6A65 | 98.18 USDC | prot: HIGH | premio: 0.5284 MEVI | stima: 68.1935 MEVI | ricevuti: 93.4325 MEVI | ATTACCO: NO
[16:20:53][  SWAP] TRADER 0x9965507D1a55bcC2695C58ba16FB37d819B0A4dc | 141.92 USDC | prot: HIGH | premio: 0.7638 MEVI | stima: 97.8666 MEVI | ricevuti: 128.9584 MEVI | ATTACCO: NO
[16:20:53][  SWAP] TRADER 0x90F79bf6EB2c4f870365E785982E1f101E93b906 | 76.60 USDC | prot: HIGH | premio: 0.4123 MEVI | stima: 53.3951 MEVI | ricevuti: 75.4442 MEVI | ATTACCO: NO
[16:20:58][  SWAP] TRADER 0x14dC79964da2C08b23698B3D3cc7Ca32193d9955 | 126.85 USDC | prot: NESSUNA | stima: 109.5736 MEVI | ricevuti: 98.8272 MEVI | ATTACCO: NO
[16:20:58][  SWAP] TRADER 0x23618e81E3f5cdF7f54C3d65f7FBc0aBf5B21E8f | 52.46 USDC | prot: NESSUNA | stima: 45.9430 MEVI | ricevuti: 44.2703 MEVI | ATTACCO: SI | perdita: 1.6727 MEVI | rimborso: NON ASSICURATO
[16:20:58][  SWAP] TRADER 0xa0Ee7A142d267C1f36714E4a8F75612F20a79720 | 132.47 USDC | prot: NESSUNA | stima: 114.3102 MEVI | ricevuti: 108.0992 MEVI | ATTACCO: NO
[16:20:59][  SWAP] TRADER 0x3C44CdDdB6a900fa2b585dd299e03d12FA4293BC | 57.40 USDC | prot: HIGH | premio: 0.3089 MEVI | stima: 41.2824 MEVI | ricevuti: 38.8296 MEVI | ATTACCO: SI | perdita: 1.3097 MEVI | rimborso: 1.3197 MEVI
[16:20:59][  SWAP] TRADER 0x71bE63f3384f5fb98995898A86B02Fb2426c5788 | 118.20 USDC | prot: NESSUNA | stima: 102.2642 MEVI | ricevuti: 91.7010 MEVI | ATTACCO: NO
[16:21:03][  SWAP] TRADER 0x976EA74026E726554dB657fA54763abd0C3a0aa9 | 77.93 USDC | prot: HIGH | premio: 0.4194 MEVI | stima: 58.4195 MEVI | ricevuti: 58.4195 MEVI | ATTACCO: NO
[16:21:09][  POOL] POOL UPDATE | mevi=165.8640 MEVI | eth=6.886000 ETH
[16:21:13][  SWAP] TRADER 0xBcd4042DE499D14e55001CcbB24a551F3b954096 | 52.97 USDC | prot: NESSUNA | stima: 38.8225 MEVI | ricevuti: 38.8225 MEVI | ATTACCO: NO
[16:21:17][ATTACK] NAKED ATTACK | victim=0x71bE63f3384f5f | swap=122.6800 USDC | loss_sandwich=3.8353 MEVI (3.62%)
[16:21:20][  SWAP] TRADER 0x9965507D1a55bcC2695C58ba16FB37d819B0A4dc | 137.35 USDC | prot: HIGH | premio: 0.7392 MEVI | stima: 97.4751 MEVI | ricevuti: 93.4841 MEVI | ATTACCO: NO
[16:21:20][  SWAP] TRADER 0x90F79bf6EB2c4f870365E785982E1f101E93b906 | 73.06 USDC | prot: HIGH | premio: 0.3932 MEVI | stima: 52.4107 MEVI | ricevuti: 51.4942 MEVI | ATTACCO: NO
[16:21:20][ATTACK] INSURED ATTACK | victim=0x3C44CdDdB6a900 | swap=50.8200 USDC | loss_sandwich=1.5176 MEVI (3.56%)
[16:21:23][  SWAP] TRADER 0x23618e81E3f5cdF7f54C3d65f7FBc0aBf5B21E8f | 68.52 USDC | prot: NESSUNA | stima: 45.0875 MEVI | ricevuti: 64.9500 MEVI | ATTACCO: NO
[16:21:23][  SWAP] TRADER 0xa0Ee7A142d267C1f36714E4a8F75612F20a79720 | 147.57 USDC | prot: NESSUNA | stima: 95.8812 MEVI | ricevuti: 134.1969 MEVI | ATTACCO: NO
[16:21:23][  SWAP] TRADER 0x14dC79964da2C08b23698B3D3cc7Ca32193d9955 | 101.43 USDC | prot: NESSUNA | stima: 66.3905 MEVI | ricevuti: 99.4133 MEVI | ATTACCO: NO
[16:21:25][  SWAP] TRADER 0x71bE63f3384f5fb98995898A86B02Fb2426c5788 | 122.68 USDC | prot: NESSUNA | stima: 119.7420 MEVI | ricevuti: 102.1852 MEVI | ATTACCO: SI | perdita: 3.8353 MEVI | rimborso: NON ASSICURATO
[16:21:32][  SWAP] TRADER 0x976EA74026E726554dB657fA54763abd0C3a0aa9 | 69.98 USDC | prot: HIGH | premio: 0.3766 MEVI | stima: 58.4373 MEVI | ricevuti: 57.3839 MEVI | ATTACCO: NO
[16:21:38][  SWAP] TRADER 0x3C44CdDdB6a900fa2b585dd299e03d12FA4293BC | 50.82 USDC | prot: HIGH | premio: 0.2735 MEVI | stima: 50.3087 MEVI | ricevuti: 41.0683 MEVI | ATTACCO: SI | perdita: 1.5176 MEVI | rimborso: 1.5276 MEVI
[16:21:38][  SWAP] TRADER 0xBcd4042DE499D14e55001CcbB24a551F3b954096 | 60.75 USDC | prot: NESSUNA | stima: 48.6560 MEVI | ricevuti: 48.6560 MEVI | ATTACCO: NO
[16:21:48][  SWAP] TRADER 0xa0Ee7A142d267C1f36714E4a8F75612F20a79720 | 145.28 USDC | prot: NESSUNA | stima: 112.1978 MEVI | ricevuti: 99.2644 MEVI | ATTACCO: NO
[16:21:48][  SWAP] TRADER 0x14dC79964da2C08b23698B3D3cc7Ca32193d9955 | 126.30 USDC | prot: NESSUNA | stima: 97.8621 MEVI | ricevuti: 97.8621 MEVI | ATTACCO: NO
[16:21:48][  SWAP] TRADER 0x15d34AAf54267DB7D7c367839AAf71A00a2C6A65 | 79.99 USDC | prot: HIGH | premio: 0.4305 MEVI | stima: 62.4831 MEVI | ricevuti: 59.7839 MEVI | ATTACCO: NO
[16:21:48][  SWAP] TRADER 0x23618e81E3f5cdF7f54C3d65f7FBc0aBf5B21E8f | 95.81 USDC | prot: NESSUNA | stima: 74.6334 MEVI | ricevuti: 69.4810 MEVI | ATTACCO: NO
[16:21:48][  SWAP] TRADER 0x90F79bf6EB2c4f870365E785982E1f101E93b906 | 57.18 USDC | prot: HIGH | premio: 0.3077 MEVI | stima: 44.8449 MEVI | ricevuti: 40.4052 MEVI | ATTACCO: NO
[16:21:50][  SWAP] TRADER 0x9965507D1a55bcC2695C58ba16FB37d819B0A4dc | 106.00 USDC | prot: HIGH | premio: 0.5705 MEVI | stima: 82.4242 MEVI | ricevuti: 69.5037 MEVI | ATTACCO: NO
[16:21:50][  SWAP] TRADER 0x71bE63f3384f5fb98995898A86B02Fb2426c5788 | 138.53 USDC | prot: NESSUNA | stima: 107.1103 MEVI | ricevuti: 87.3447 MEVI | ATTACCO: NO
[16:22:02][  SWAP] TRADER 0x976EA74026E726554dB657fA54763abd0C3a0aa9 | 50.12 USDC | prot: HIGH | premio: 0.2697 MEVI | stima: 49.6226 MEVI | ricevuti: 49.6226 MEVI | ATTACCO: NO
[16:22:03][  SWAP] TRADER 0xBcd4042DE499D14e55001CcbB24a551F3b954096 | 93.89 USDC | prot: NESSUNA | stima: 92.1594 MEVI | ricevuti: 90.3558 MEVI | ATTACCO: NO
[16:22:06][  SWAP] TRADER 0x3C44CdDdB6a900fa2b585dd299e03d12FA4293BC | 87.60 USDC | prot: HIGH | premio: 0.4715 MEVI | stima: 86.0917 MEVI | ricevuti: 81.3780 MEVI | ATTACCO: NO
[16:22:06][ATTACK] NAKED ATTACK | victim=0x23618e81E3f5cd | swap=55.7000 USDC | loss_sandwich=1.8611 MEVI (3.70%)
[16:22:09][ATTACK] INSURED ATTACK | victim=0x90F79bf6EB2c4f | swap=90.3500 USDC | loss_sandwich=2.3727 MEVI (3.42%)
[16:22:14][  SWAP] TRADER 0x14dC79964da2C08b23698B3D3cc7Ca32193d9955 | 103.67 USDC | prot: NESSUNA | stima: 92.8540 MEVI | ricevuti: 87.6136 MEVI | ATTACCO: NO
[16:22:14][  SWAP] TRADER 0x23618e81E3f5cdF7f54C3d65f7FBc0aBf5B21E8f | 55.70 USDC | prot: NESSUNA | stima: 50.3414 MEVI | ricevuti: 48.4803 MEVI | ATTACCO: SI | perdita: 1.8611 MEVI | rimborso: NON ASSICURATO
[16:22:15][  SWAP] TRADER 0x71bE63f3384f5fb98995898A86B02Fb2426c5788 | 131.80 USDC | prot: NESSUNA | stima: 117.4300 MEVI | ricevuti: 105.3746 MEVI | ATTACCO: NO
[16:22:15][  SWAP] TRADER 0xa0Ee7A142d267C1f36714E4a8F75612F20a79720 | 140.38 USDC | prot: NESSUNA | stima: 124.8748 MEVI | ricevuti: 117.9061 MEVI | ATTACCO: NO
[16:22:18][  SWAP] TRADER 0x9965507D1a55bcC2695C58ba16FB37d819B0A4dc | 142.69 USDC | prot: HIGH | premio: 0.7680 MEVI | stima: 126.8751 MEVI | ricevuti: 105.4111 MEVI | ATTACCO: NO
[16:22:27][  SWAP] TRADER 0x90F79bf6EB2c4f870365E785982E1f101E93b906 | 90.35 USDC | prot: HIGH | premio: 0.4863 MEVI | stima: 81.1262 MEVI | ricevuti: 67.0710 MEVI | ATTACCO: SI | perdita: 2.3727 MEVI | rimborso: 2.3827 MEVI
[16:22:29][  SWAP] TRADER 0xBcd4042DE499D14e55001CcbB24a551F3b954096 | 53.46 USDC | prot: NESSUNA | stima: 52.8945 MEVI | ricevuti: 52.8945 MEVI | ATTACCO: NO
[16:22:30][  SWAP] TRADER 0x976EA74026E726554dB657fA54763abd0C3a0aa9 | 95.33 USDC | prot: HIGH | premio: 0.5131 MEVI | stima: 93.5464 MEVI | ricevuti: 91.5958 MEVI | ATTACCO: NO
[16:22:31][  SWAP] TRADER 0x3C44CdDdB6a900fa2b585dd299e03d12FA4293BC | 72.48 USDC | prot: HIGH | premio: 0.3901 MEVI | stima: 69.9513 MEVI | ricevuti: 67.4026 MEVI | ATTACCO: NO
[16:22:31][  SWAP] TRADER 0x15d34AAf54267DB7D7c367839AAf71A00a2C6A65 | 79.99 USDC | prot: HIGH | premio: 0.4305 MEVI | stima: 78.7305 MEVI | ricevuti: 72.2471 MEVI | ATTACCO: NO
[16:22:33][ATTACK] NAKED ATTACK | victim=0xa0Ee7A142d267C | swap=133.6200 USDC | loss_sandwich=8.3193 MEVI (7.79%)
[16:22:39][  SWAP] TRADER 0x14dC79964da2C08b23698B3D3cc7Ca32193d9955 | 139.23 USDC | prot: NESSUNA | stima: 120.6857 MEVI | ricevuti: 116.8476 MEVI | ATTACCO: NO
[16:22:39][  SWAP] TRADER 0x23618e81E3f5cdF7f54C3d65f7FBc0aBf5B21E8f | 87.48 USDC | prot: NESSUNA | stima: 76.5566 MEVI | ricevuti: 76.5566 MEVI | ATTACCO: NO
[16:22:41][  SWAP] TRADER 0xa0Ee7A142d267C1f36714E4a8F75612F20a79720 | 133.62 USDC | prot: NESSUNA | stima: 115.9424 MEVI | ricevuti: 98.4158 MEVI | ATTACCO: SI | perdita: 8.3193 MEVI | rimborso: NON ASSICURATO
[16:22:41][  SWAP] TRADER 0x71bE63f3384f5fb98995898A86B02Fb2426c5788 | 131.64 USDC | prot: NESSUNA | stima: 114.2660 MEVI | ricevuti: 101.5273 MEVI | ATTACCO: NO
[16:22:47][  SWAP] TRADER 0x9965507D1a55bcC2695C58ba16FB37d819B0A4dc | 143.09 USDC | prot: HIGH | premio: 0.7701 MEVI | stima: 104.3202 MEVI | ricevuti: 104.3202 MEVI | ATTACCO: NO
[16:22:53][ATTACK] INSURED ATTACK | victim=0x3C44CdDdB6a900 | swap=97.7800 USDC | loss_sandwich=3.5668 MEVI (3.80%)
[16:22:54][  SWAP] TRADER 0xBcd4042DE499D14e55001CcbB24a551F3b954096 | 80.36 USDC | prot: NESSUNA | stima: 56.4078 MEVI | ricevuti: 56.4078 MEVI | ATTACCO: NO
[16:22:56][  SWAP] TRADER 0x90F79bf6EB2c4f870365E785982E1f101E93b906 | 60.26 USDC | prot: HIGH | premio: 0.3243 MEVI | stima: 42.4408 MEVI | ricevuti: 41.3187 MEVI | ATTACCO: NO
[16:22:59][  SWAP] TRADER 0x976EA74026E726554dB657fA54763abd0C3a0aa9 | 57.74 USDC | prot: HIGH | premio: 0.3108 MEVI | stima: 40.6831 MEVI | ricevuti: 57.0808 MEVI | ATTACCO: NO
[16:23:00][  SWAP] TRADER 0x15d34AAf54267DB7D7c367839AAf71A00a2C6A65 | 86.20 USDC | prot: HIGH | premio: 0.4639 MEVI | stima: 58.8535 MEVI | ricevuti: 76.7627 MEVI | ATTACCO: NO
[16:23:05][  SWAP] TRADER 0x23618e81E3f5cdF7f54C3d65f7FBc0aBf5B21E8f | 52.94 USDC | prot: NESSUNA | stima: 47.7996 MEVI | ricevuti: 47.7996 MEVI | ATTACCO: NO
[16:23:06][  SWAP] TRADER 0x71bE63f3384f5fb98995898A86B02Fb2426c5788 | 127.88 USDC | prot: NESSUNA | stima: 113.8498 MEVI | ricevuti: 102.2671 MEVI | ATTACCO: NO
[16:23:06][  SWAP] TRADER 0xa0Ee7A142d267C1f36714E4a8F75612F20a79720 | 125.92 USDC | prot: NESSUNA | stima: 112.1458 MEVI | ricevuti: 109.9377 MEVI | ATTACCO: NO
[16:23:06][  SWAP] TRADER 0x14dC79964da2C08b23698B3D3cc7Ca32193d9955 | 113.16 USDC | prot: NESSUNA | stima: 101.0220 MEVI | ricevuti: 94.5240 MEVI | ATTACCO: NO
[16:23:09][  POOL] POOL UPDATE | mevi=171.7037 MEVI | eth=6.850000 ETH
[16:23:15][  SWAP] TRADER 0x9965507D1a55bcC2695C58ba16FB37d819B0A4dc | 121.27 USDC | prot: HIGH | premio: 0.6527 MEVI | stima: 92.7983 MEVI | ricevuti: 92.7983 MEVI | ATTACCO: NO
[16:23:17][  SWAP] TRADER 0xBcd4042DE499D14e55001CcbB24a551F3b954096 | 60.11 USDC | prot: NESSUNA | stima: 44.5680 MEVI | ricevuti: 44.5680 MEVI | ATTACCO: NO
